[debug] [2026-03-19T01:04:02.015Z] ----------------------------------------------------------------------
[debug] [2026-03-19T01:04:02.017Z] Command:       C:\Program Files\nodejs\node.exe C:\Users\ravan\AppData\Roaming\npm\node_modules\firebase-tools\lib\bin\firebase.js deploy --only database --project kottage-v2
[debug] [2026-03-19T01:04:02.017Z] CLI Version:   14.10.1
[debug] [2026-03-19T01:04:02.017Z] Platform:      win32
[debug] [2026-03-19T01:04:02.017Z] Node Version:  v24.13.0
[debug] [2026-03-19T01:04:02.018Z] Time:          Wed Mar 18 2026 21:04:02 GMT-0400 (Eastern Daylight Time)
[debug] [2026-03-19T01:04:02.018Z] ----------------------------------------------------------------------
[debug] 
[debug] [2026-03-19T01:04:02.248Z] > command requires scopes: ["email","openid","https://www.googleapis.com/auth/cloudplatformprojects.readonly","https://www.googleapis.com/auth/firebase","https://www.googleapis.com/auth/cloud-platform"]
[debug] [2026-03-19T01:04:02.249Z] > authorizing via signed-in user (lewislamar20@gmail.com)
[debug] [2026-03-19T01:04:02.249Z] [iam] checking project kottage-v2 for permissions ["firebase.projects.get","firebasedatabase.instances.update"]
[debug] [2026-03-19T01:04:02.250Z] Checked if tokens are valid: true, expires at: 1773885805827
[debug] [2026-03-19T01:04:02.250Z] Checked if tokens are valid: true, expires at: 1773885805827
[debug] [2026-03-19T01:04:02.251Z] >>> [apiv2][query] POST https://cloudresourcemanager.googleapis.com/v1/projects/kottage-v2:testIamPermissions [none]
[debug] [2026-03-19T01:04:02.251Z] >>> [apiv2][(partial)header] POST https://cloudresourcemanager.googleapis.com/v1/projects/kottage-v2:testIamPermissions x-goog-quota-user=projects/kottage-v2
[debug] [2026-03-19T01:04:02.251Z] >>> [apiv2][body] POST https://cloudresourcemanager.googleapis.com/v1/projects/kottage-v2:testIamPermissions {"permissions":["firebase.projects.get","firebasedatabase.instances.update"]}
[debug] [2026-03-19T01:04:02.568Z] <<< [apiv2][status] POST https://cloudresourcemanager.googleapis.com/v1/projects/kottage-v2:testIamPermissions 200
[debug] [2026-03-19T01:04:02.569Z] <<< [apiv2][body] POST https://cloudresourcemanager.googleapis.com/v1/projects/kottage-v2:testIamPermissions {"permissions":["firebase.projects.get","firebasedatabase.instances.update"]}
[debug] [2026-03-19T01:04:02.569Z] Checked if tokens are valid: true, expires at: 1773885805827
[debug] [2026-03-19T01:04:02.570Z] Checked if tokens are valid: true, expires at: 1773885805827
[debug] [2026-03-19T01:04:02.570Z] >>> [apiv2][query] GET https://firebase.googleapis.com/v1beta1/projects/kottage-v2 [none]
[debug] [2026-03-19T01:04:03.076Z] <<< [apiv2][status] GET https://firebase.googleapis.com/v1beta1/projects/kottage-v2 200
[debug] [2026-03-19T01:04:03.076Z] <<< [apiv2][body] GET https://firebase.googleapis.com/v1beta1/projects/kottage-v2 {"projectId":"kottage-v2","projectNumber":"850162149337","displayName":"Kottage v2","name":"projects/kottage-v2","resources":{"hostingSite":"kottage-v2","realtimeDatabaseInstance":"kottage-v2-default-rtdb","locationId":"us-central"},"state":"ACTIVE","etag":"1_4db95572-acf1-4ec9-a4e4-0121f7d8899d"}
[info] 
[info] === Deploying to 'kottage-v2'...
[info] 
[info] i  deploying database 
[info] i  database: checking rules syntax... 
[debug] [2026-03-19T01:04:03.079Z] Checked if tokens are valid: true, expires at: 1773885805827
[debug] [2026-03-19T01:04:03.079Z] Checked if tokens are valid: true, expires at: 1773885805827
[debug] [2026-03-19T01:04:03.080Z] >>> [apiv2][query] GET https://firebasedatabase.googleapis.com/v1beta/projects/kottage-v2/locations/-/instances/kottage-v2-default-rtdb [none]
[debug] [2026-03-19T01:04:03.738Z] <<< [apiv2][status] GET https://firebasedatabase.googleapis.com/v1beta/projects/kottage-v2/locations/-/instances/kottage-v2-default-rtdb 200
[debug] [2026-03-19T01:04:03.738Z] <<< [apiv2][body] GET https://firebasedatabase.googleapis.com/v1beta/projects/kottage-v2/locations/-/instances/kottage-v2-default-rtdb {"name":"projects/850162149337/locations/us-central1/instances/kottage-v2-default-rtdb","project":"projects/850162149337","databaseUrl":"https://kottage-v2-default-rtdb.firebaseio.com","type":"DEFAULT_DATABASE","state":"ACTIVE"}
[debug] [2026-03-19T01:04:03.740Z] Checked if tokens are valid: true, expires at: 1773885805827
[debug] [2026-03-19T01:04:03.741Z] Checked if tokens are valid: true, expires at: 1773885805827
[debug] [2026-03-19T01:04:03.741Z] >>> [apiv2][query] PUT https://kottage-v2-default-rtdb.firebaseio.com/.settings/rules.json dryRun=true
[debug] [2026-03-19T01:04:03.741Z] >>> [apiv2][body] PUT https://kottage-v2-default-rtdb.firebaseio.com/.settings/rules.json "{\r\n  \"rules\": {\r\n    \"userChats\": {\n      \"$uid\": {\n        \".read\": \"$uid === auth.uid\",\n        \"$chatId\": {\n          \".write\": \"auth != null && (((newData.child('participants').child('0').val() === auth.uid && newData.child('participants').child('1').val() === $uid) || (newData.child('participants').child('1').val() === auth.uid && newData.child('participants').child('0').val() === $uid)))\"\n        }\n      }\n    },\n    \"messages\": {\r\n      \"$chatId\": {\r\n        \".read\": \"root.child('userChats').child(auth.uid).child($chatId).exists()\",\r\n        \".write\": \"root.child('userChats').child(auth.uid).child($chatId).exists()\"\r\n      }\r\n    },\r\n    \"chats\": {\r\n      \".read\": false,\r\n      \".write\": \"auth != null\"\r\n    },\r\n    \"properties\": {\r\n      \".read\": true,\r\n      \".write\": \"auth != null\"\r\n    },\r\n    \"blockedDates\": {\r\n      \".read\": true,\r\n      \".write\": \"auth != null\",\r\n      \".indexOn\": \"propertyId\"\r\n    },\r\n    \"bookings\": {\r\n      \".read\": \"auth != null\",\r\n      \".write\": \"auth != null\"\r\n    },\r\n    \"reservations\": {\r\n      \".read\": \"auth != null\",\r\n      \".write\": \"auth != null\"\r\n    },\r\n    \"users\": {\r\n      \"$uid\": {\r\n        \".read\": \"$uid === auth.uid || auth.token.role === 'admin'\",\r\n        \".write\": \"$uid === auth.uid || auth.token.role === 'admin'\"\r\n      }\r\n    }\r\n  }\r\n}\r\n"
[debug] [2026-03-19T01:04:04.187Z] <<< [apiv2][status] PUT https://kottage-v2-default-rtdb.firebaseio.com/.settings/rules.json 200
[debug] [2026-03-19T01:04:04.187Z] <<< [apiv2][body] PUT https://kottage-v2-default-rtdb.firebaseio.com/.settings/rules.json {"status":"ok"}
[info] +  database: rules syntax for database kottage-v2-default-rtdb is valid 
[info] i  database: releasing rules... 
[debug] [2026-03-19T01:04:04.188Z] Checked if tokens are valid: true, expires at: 1773885805827
[debug] [2026-03-19T01:04:04.188Z] Checked if tokens are valid: true, expires at: 1773885805827
[debug] [2026-03-19T01:04:04.189Z] >>> [apiv2][query] GET https://firebasedatabase.googleapis.com/v1beta/projects/kottage-v2/locations/-/instances/kottage-v2-default-rtdb [none]
[debug] [2026-03-19T01:04:04.421Z] <<< [apiv2][status] GET https://firebasedatabase.googleapis.com/v1beta/projects/kottage-v2/locations/-/instances/kottage-v2-default-rtdb 200
[debug] [2026-03-19T01:04:04.422Z] <<< [apiv2][body] GET https://firebasedatabase.googleapis.com/v1beta/projects/kottage-v2/locations/-/instances/kottage-v2-default-rtdb {"name":"projects/850162149337/locations/us-central1/instances/kottage-v2-default-rtdb","project":"projects/850162149337","databaseUrl":"https://kottage-v2-default-rtdb.firebaseio.com","type":"DEFAULT_DATABASE","state":"ACTIVE"}
[debug] [2026-03-19T01:04:04.422Z] Checked if tokens are valid: true, expires at: 1773885805827
[debug] [2026-03-19T01:04:04.422Z] Checked if tokens are valid: true, expires at: 1773885805827
[debug] [2026-03-19T01:04:04.423Z] >>> [apiv2][query] PUT https://kottage-v2-default-rtdb.firebaseio.com/.settings/rules.json 
[debug] [2026-03-19T01:04:04.423Z] >>> [apiv2][body] PUT https://kottage-v2-default-rtdb.firebaseio.com/.settings/rules.json "{\r\n  \"rules\": {\r\n    \"userChats\": {\n      \"$uid\": {\n        \".read\": \"$uid === auth.uid\",\n        \"$chatId\": {\n          \".write\": \"auth != null && (((newData.child('participants').child('0').val() === auth.uid && newData.child('participants').child('1').val() === $uid) || (newData.child('participants').child('1').val() === auth.uid && newData.child('participants').child('0').val() === $uid)))\"\n        }\n      }\n    },\n    \"messages\": {\r\n      \"$chatId\": {\r\n        \".read\": \"root.child('userChats').child(auth.uid).child($chatId).exists()\",\r\n        \".write\": \"root.child('userChats').child(auth.uid).child($chatId).exists()\"\r\n      }\r\n    },\r\n    \"chats\": {\r\n      \".read\": false,\r\n      \".write\": \"auth != null\"\r\n    },\r\n    \"properties\": {\r\n      \".read\": true,\r\n      \".write\": \"auth != null\"\r\n    },\r\n    \"blockedDates\": {\r\n      \".read\": true,\r\n      \".write\": \"auth != null\",\r\n      \".indexOn\": \"propertyId\"\r\n    },\r\n    \"bookings\": {\r\n      \".read\": \"auth != null\",\r\n      \".write\": \"auth != null\"\r\n    },\r\n    \"reservations\": {\r\n      \".read\": \"auth != null\",\r\n      \".write\": \"auth != null\"\r\n    },\r\n    \"users\": {\r\n      \"$uid\": {\r\n        \".read\": \"$uid === auth.uid || auth.token.role === 'admin'\",\r\n        \".write\": \"$uid === auth.uid || auth.token.role === 'admin'\"\r\n      }\r\n    }\r\n  }\r\n}\r\n"
[debug] [2026-03-19T01:04:04.661Z] <<< [apiv2][status] PUT https://kottage-v2-default-rtdb.firebaseio.com/.settings/rules.json 200
[debug] [2026-03-19T01:07:36.306Z] ----------------------------------------------------------------------
[debug] [2026-03-19T01:07:36.307Z] Command:       C:\Program Files\nodejs\node.exe C:\Users\ravan\AppData\Roaming\npm\node_modules\firebase-tools\lib\bin\firebase.js deploy --only database --project kottage-v2
[debug] [2026-03-19T01:07:36.308Z] CLI Version:   14.10.1
[debug] [2026-03-19T01:07:36.308Z] Platform:      win32
[debug] [2026-03-19T01:07:36.308Z] Node Version:  v24.13.0
[debug] [2026-03-19T01:07:36.308Z] Time:          Wed Mar 18 2026 21:07:36 GMT-0400 (Eastern Daylight Time)
[debug] [2026-03-19T01:07:36.308Z] ----------------------------------------------------------------------
[debug] 
[debug] [2026-03-19T01:07:36.444Z] > command requires scopes: ["email","openid","https://www.googleapis.com/auth/cloudplatformprojects.readonly","https://www.googleapis.com/auth/firebase","https://www.googleapis.com/auth/cloud-platform"]
[debug] [2026-03-19T01:07:36.444Z] > authorizing via signed-in user (lewislamar20@gmail.com)
[debug] [2026-03-19T01:07:36.448Z] [iam] checking project kottage-v2 for permissions ["firebase.projects.get","firebasedatabase.instances.update"]
[debug] [2026-03-19T01:07:36.450Z] Checked if tokens are valid: true, expires at: 1773885805827
[debug] [2026-03-19T01:07:36.451Z] Checked if tokens are valid: true, expires at: 1773885805827
[debug] [2026-03-19T01:07:36.452Z] >>> [apiv2][query] POST https://cloudresourcemanager.googleapis.com/v1/projects/kottage-v2:testIamPermissions [none]
[debug] [2026-03-19T01:07:36.452Z] >>> [apiv2][(partial)header] POST https://cloudresourcemanager.googleapis.com/v1/projects/kottage-v2:testIamPermissions x-goog-quota-user=projects/kottage-v2
[debug] [2026-03-19T01:07:36.452Z] >>> [apiv2][body] POST https://cloudresourcemanager.googleapis.com/v1/projects/kottage-v2:testIamPermissions {"permissions":["firebase.projects.get","firebasedatabase.instances.update"]}
[debug] [2026-03-19T01:07:36.785Z] <<< [apiv2][status] POST https://cloudresourcemanager.googleapis.com/v1/projects/kottage-v2:testIamPermissions 200
[debug] [2026-03-19T01:07:36.785Z] <<< [apiv2][body] POST https://cloudresourcemanager.googleapis.com/v1/projects/kottage-v2:testIamPermissions {"permissions":["firebase.projects.get","firebasedatabase.instances.update"]}
[debug] [2026-03-19T01:07:36.786Z] Checked if tokens are valid: true, expires at: 1773885805827
[debug] [2026-03-19T01:07:36.786Z] Checked if tokens are valid: true, expires at: 1773885805827
[debug] [2026-03-19T01:07:36.786Z] >>> [apiv2][query] GET https://firebase.googleapis.com/v1beta1/projects/kottage-v2 [none]
[debug] [2026-03-19T01:07:37.240Z] <<< [apiv2][status] GET https://firebase.googleapis.com/v1beta1/projects/kottage-v2 200
[debug] [2026-03-19T01:07:37.240Z] <<< [apiv2][body] GET https://firebase.googleapis.com/v1beta1/projects/kottage-v2 {"projectId":"kottage-v2","projectNumber":"850162149337","displayName":"Kottage v2","name":"projects/kottage-v2","resources":{"hostingSite":"kottage-v2","realtimeDatabaseInstance":"kottage-v2-default-rtdb","locationId":"us-central"},"state":"ACTIVE","etag":"1_4db95572-acf1-4ec9-a4e4-0121f7d8899d"}
[info] 
[info] === Deploying to 'kottage-v2'...
[info] 
[info] i  deploying database 
[info] i  database: checking rules syntax... 
[debug] [2026-03-19T01:07:37.245Z] Checked if tokens are valid: true, expires at: 1773885805827
[debug] [2026-03-19T01:07:37.245Z] Checked if tokens are valid: true, expires at: 1773885805827
[debug] [2026-03-19T01:07:37.245Z] >>> [apiv2][query] GET https://firebasedatabase.googleapis.com/v1beta/projects/kottage-v2/locations/-/instances/kottage-v2-default-rtdb [none]
[debug] [2026-03-19T01:07:37.718Z] <<< [apiv2][status] GET https://firebasedatabase.googleapis.com/v1beta/projects/kottage-v2/locations/-/instances/kottage-v2-default-rtdb 200
[debug] [2026-03-19T01:07:37.718Z] <<< [apiv2][body] GET https://firebasedatabase.googleapis.com/v1beta/projects/kottage-v2/locations/-/instances/kottage-v2-default-rtdb {"name":"projects/850162149337/locations/us-central1/instances/kottage-v2-default-rtdb","project":"projects/850162149337","databaseUrl":"https://kottage-v2-default-rtdb.firebaseio.com","type":"DEFAULT_DATABASE","state":"ACTIVE"}
[debug] [2026-03-19T01:07:37.720Z] Checked if tokens are valid: true, expires at: 1773885805827
[debug] [2026-03-19T01:07:37.720Z] Checked if tokens are valid: true, expires at: 1773885805827
[debug] [2026-03-19T01:07:37.720Z] >>> [apiv2][query] PUT https://kottage-v2-default-rtdb.firebaseio.com/.settings/rules.json dryRun=true
[debug] [2026-03-19T01:07:37.720Z] >>> [apiv2][body] PUT https://kottage-v2-default-rtdb.firebaseio.com/.settings/rules.json "{\r\n  \"rules\": {\r\n    \"userChats\": {\n      \"$uid\": {\n        \".read\": \"$uid === auth.uid\",\n        \"$chatId\": {\n          \".write\": \"auth != null && ((newData.child('participants').child('0').val() === auth.uid || newData.child('participants').child('1').val() === auth.uid) && (newData.child('participants').child('0').val() === $uid || newData.child('participants').child('1').val() === $uid))\"\n        }\n      }\n    },\n    \"messages\": {\r\n      \"$chatId\": {\r\n        \".read\": \"root.child('userChats').child(auth.uid).child($chatId).exists()\",\r\n        \".write\": \"root.child('userChats').child(auth.uid).child($chatId).exists()\"\r\n      }\r\n    },\r\n    \"chats\": {\r\n      \".read\": false,\r\n      \".write\": \"auth != null\"\r\n    },\r\n    \"properties\": {\r\n      \".read\": true,\r\n      \".write\": \"auth != null\"\r\n    },\r\n    \"blockedDates\": {\r\n      \".read\": true,\r\n      \".write\": \"auth != null\",\r\n      \".indexOn\": \"propertyId\"\r\n    },\r\n    \"bookings\": {\r\n      \".read\": \"auth != null\",\r\n      \".write\": \"auth != null\"\r\n    },\r\n    \"reservations\": {\r\n      \".read\": \"auth != null\",\r\n      \".write\": \"auth != null\"\r\n    },\r\n    \"users\": {\r\n      \"$uid\": {\r\n        \".read\": \"$uid === auth.uid || auth.token.role === 'admin'\",\r\n        \".write\": \"$uid === auth.uid || auth.token.role === 'admin'\"\r\n      }\r\n    }\r\n  }\r\n}\r\n"
[debug] [2026-03-19T01:07:38.053Z] <<< [apiv2][status] PUT https://kottage-v2-default-rtdb.firebaseio.com/.settings/rules.json 200
[debug] [2026-03-19T01:07:38.053Z] <<< [apiv2][body] PUT https://kottage-v2-default-rtdb.firebaseio.com/.settings/rules.json {"status":"ok"}
[info] +  database: rules syntax for database kottage-v2-default-rtdb is valid 
[info] i  database: releasing rules... 
[debug] [2026-03-19T01:07:38.055Z] Checked if tokens are valid: true, expires at: 1773885805827
[debug] [2026-03-19T01:07:38.055Z] Checked if tokens are valid: true, expires at: 1773885805827
[debug] [2026-03-19T01:07:38.055Z] >>> [apiv2][query] GET https://firebasedatabase.googleapis.com/v1beta/projects/kottage-v2/locations/-/instances/kottage-v2-default-rtdb [none]
[debug] [2026-03-19T01:07:38.250Z] <<< [apiv2][status] GET https://firebasedatabase.googleapis.com/v1beta/projects/kottage-v2/locations/-/instances/kottage-v2-default-rtdb 200
[debug] [2026-03-19T01:07:38.250Z] <<< [apiv2][body] GET https://firebasedatabase.googleapis.com/v1beta/projects/kottage-v2/locations/-/instances/kottage-v2-default-rtdb {"name":"projects/850162149337/locations/us-central1/instances/kottage-v2-default-rtdb","project":"projects/850162149337","databaseUrl":"https://kottage-v2-default-rtdb.firebaseio.com","type":"DEFAULT_DATABASE","state":"ACTIVE"}
[debug] [2026-03-19T01:07:38.251Z] Checked if tokens are valid: true, expires at: 1773885805827
[debug] [2026-03-19T01:07:38.251Z] Checked if tokens are valid: true, expires at: 1773885805827
[debug] [2026-03-19T01:07:38.251Z] >>> [apiv2][query] PUT https://kottage-v2-default-rtdb.firebaseio.com/.settings/rules.json 
[debug] [2026-03-19T01:07:38.251Z] >>> [apiv2][body] PUT https://kottage-v2-default-rtdb.firebaseio.com/.settings/rules.json "{\r\n  \"rules\": {\r\n    \"userChats\": {\n      \"$uid\": {\n        \".read\": \"$uid === auth.uid\",\n        \"$chatId\": {\n          \".write\": \"auth != null && ((newData.child('participants').child('0').val() === auth.uid || newData.child('participants').child('1').val() === auth.uid) && (newData.child('participants').child('0').val() === $uid || newData.child('participants').child('1').val() === $uid))\"\n        }\n      }\n    },\n    \"messages\": {\r\n      \"$chatId\": {\r\n        \".read\": \"root.child('userChats').child(auth.uid).child($chatId).exists()\",\r\n        \".write\": \"root.child('userChats').child(auth.uid).child($chatId).exists()\"\r\n      }\r\n    },\r\n    \"chats\": {\r\n      \".read\": false,\r\n      \".write\": \"auth != null\"\r\n    },\r\n    \"properties\": {\r\n      \".read\": true,\r\n      \".write\": \"auth != null\"\r\n    },\r\n    \"blockedDates\": {\r\n      \".read\": true,\r\n      \".write\": \"auth != null\",\r\n      \".indexOn\": \"propertyId\"\r\n    },\r\n    \"bookings\": {\r\n      \".read\": \"auth != null\",\r\n      \".write\": \"auth != null\"\r\n    },\r\n    \"reservations\": {\r\n      \".read\": \"auth != null\",\r\n      \".write\": \"auth != null\"\r\n    },\r\n    \"users\": {\r\n      \"$uid\": {\r\n        \".read\": \"$uid === auth.uid || auth.token.role === 'admin'\",\r\n        \".write\": \"$uid === auth.uid || auth.token.role === 'admin'\"\r\n      }\r\n    }\r\n  }\r\n}\r\n"
[debug] [2026-03-19T01:07:38.456Z] <<< [apiv2][status] PUT https://kottage-v2-default-rtdb.firebaseio.com/.settings/rules.json 200
[debug] [2026-03-19T01:20:16.126Z] ----------------------------------------------------------------------
[debug] [2026-03-19T01:20:16.128Z] Command:       C:\Program Files\nodejs\node.exe C:\Users\ravan\AppData\Roaming\npm\node_modules\firebase-tools\lib\bin\firebase.js deploy --only database --project kottage-v2
[debug] [2026-03-19T01:20:16.128Z] CLI Version:   14.10.1
[debug] [2026-03-19T01:20:16.128Z] Platform:      win32
[debug] [2026-03-19T01:20:16.128Z] Node Version:  v24.13.0
[debug] [2026-03-19T01:20:16.128Z] Time:          Wed Mar 18 2026 21:20:16 GMT-0400 (Eastern Daylight Time)
[debug] [2026-03-19T01:20:16.128Z] ----------------------------------------------------------------------
[debug] 
[debug] [2026-03-19T01:20:16.301Z] > command requires scopes: ["email","openid","https://www.googleapis.com/auth/cloudplatformprojects.readonly","https://www.googleapis.com/auth/firebase","https://www.googleapis.com/auth/cloud-platform"]
[debug] [2026-03-19T01:20:16.302Z] > authorizing via signed-in user (lewislamar20@gmail.com)
[debug] [2026-03-19T01:20:16.302Z] [iam] checking project kottage-v2 for permissions ["firebase.projects.get","firebasedatabase.instances.update"]
[debug] [2026-03-19T01:20:16.303Z] Checked if tokens are valid: true, expires at: 1773885805827
[debug] [2026-03-19T01:20:16.303Z] Checked if tokens are valid: true, expires at: 1773885805827
[debug] [2026-03-19T01:20:16.306Z] >>> [apiv2][query] POST https://cloudresourcemanager.googleapis.com/v1/projects/kottage-v2:testIamPermissions [none]
[debug] [2026-03-19T01:20:16.306Z] >>> [apiv2][(partial)header] POST https://cloudresourcemanager.googleapis.com/v1/projects/kottage-v2:testIamPermissions x-goog-quota-user=projects/kottage-v2
[debug] [2026-03-19T01:20:16.307Z] >>> [apiv2][body] POST https://cloudresourcemanager.googleapis.com/v1/projects/kottage-v2:testIamPermissions {"permissions":["firebase.projects.get","firebasedatabase.instances.update"]}
[debug] [2026-03-19T01:20:16.642Z] <<< [apiv2][status] POST https://cloudresourcemanager.googleapis.com/v1/projects/kottage-v2:testIamPermissions 200
[debug] [2026-03-19T01:20:16.643Z] <<< [apiv2][body] POST https://cloudresourcemanager.googleapis.com/v1/projects/kottage-v2:testIamPermissions {"permissions":["firebase.projects.get","firebasedatabase.instances.update"]}
[debug] [2026-03-19T01:20:16.643Z] Checked if tokens are valid: true, expires at: 1773885805827
[debug] [2026-03-19T01:20:16.643Z] Checked if tokens are valid: true, expires at: 1773885805827
[debug] [2026-03-19T01:20:16.644Z] >>> [apiv2][query] GET https://firebase.googleapis.com/v1beta1/projects/kottage-v2 [none]
[debug] [2026-03-19T01:20:17.133Z] <<< [apiv2][status] GET https://firebase.googleapis.com/v1beta1/projects/kottage-v2 200
[debug] [2026-03-19T01:20:17.134Z] <<< [apiv2][body] GET https://firebase.googleapis.com/v1beta1/projects/kottage-v2 {"projectId":"kottage-v2","projectNumber":"850162149337","displayName":"Kottage v2","name":"projects/kottage-v2","resources":{"hostingSite":"kottage-v2","realtimeDatabaseInstance":"kottage-v2-default-rtdb","locationId":"us-central"},"state":"ACTIVE","etag":"1_4db95572-acf1-4ec9-a4e4-0121f7d8899d"}
[info] 
[info] === Deploying to 'kottage-v2'...
[info] 
[info] i  deploying database 
[info] i  database: checking rules syntax... 
[debug] [2026-03-19T01:20:17.136Z] Checked if tokens are valid: true, expires at: 1773885805827
[debug] [2026-03-19T01:20:17.136Z] Checked if tokens are valid: true, expires at: 1773885805827
[debug] [2026-03-19T01:20:17.136Z] >>> [apiv2][query] GET https://firebasedatabase.googleapis.com/v1beta/projects/kottage-v2/locations/-/instances/kottage-v2-default-rtdb [none]
[debug] [2026-03-19T01:20:17.676Z] <<< [apiv2][status] GET https://firebasedatabase.googleapis.com/v1beta/projects/kottage-v2/locations/-/instances/kottage-v2-default-rtdb 200
[debug] [2026-03-19T01:20:17.676Z] <<< [apiv2][body] GET https://firebasedatabase.googleapis.com/v1beta/projects/kottage-v2/locations/-/instances/kottage-v2-default-rtdb {"name":"projects/850162149337/locations/us-central1/instances/kottage-v2-default-rtdb","project":"projects/850162149337","databaseUrl":"https://kottage-v2-default-rtdb.firebaseio.com","type":"DEFAULT_DATABASE","state":"ACTIVE"}
[debug] [2026-03-19T01:20:17.677Z] Checked if tokens are valid: true, expires at: 1773885805827
[debug] [2026-03-19T01:20:17.678Z] Checked if tokens are valid: true, expires at: 1773885805827
[debug] [2026-03-19T01:20:17.678Z] >>> [apiv2][query] PUT https://kottage-v2-default-rtdb.firebaseio.com/.settings/rules.json dryRun=true
[debug] [2026-03-19T01:20:17.678Z] >>> [apiv2][body] PUT https://kottage-v2-default-rtdb.firebaseio.com/.settings/rules.json "{\r\n  \"rules\": {\r\n    \"userChats\": {\n      \"$uid\": {\n        \".read\": \"$uid === auth.uid\",\n        \"$chatId\": {\n          \".write\": \"auth != null && ((newData.child('participants').child('0').val() === auth.uid || newData.child('participants').child('1').val() === auth.uid) && (newData.child('participants').child('0').val() === $uid || newData.child('participants').child('1').val() === $uid))\"\n        }\n      }\n    },\n    \"messages\": {\n      \"$chatId\": {\n        \".read\": \"root.child('userChats').child(auth.uid).child($chatId).exists()\",\n        \".write\": \"root.child('userChats').child(auth.uid).child($chatId).exists()\"\n      }\n    },\n    \"propertyInquiries\": {\n      \"$hostId\": {\n        \".read\": \"$hostId === auth.uid\",\n        \"$inquiryId\": {\n          \".write\": \"$hostId === auth.uid || (!data.exists() && newData.hasChildren(['hostId', 'hostName', 'propertyId', 'propertyName', 'guestUid', 'guestName', 'guestEmail', 'guestPhone', 'message', 'source', 'status', 'createdAt']) && newData.child('hostId').val() === $hostId && newData.child('hostName').isString() && newData.child('propertyId').isString() && newData.child('propertyName').isString() && newData.child('guestUid').isString() && newData.child('guestName').isString() && newData.child('guestEmail').isString() && newData.child('guestPhone').isString() && newData.child('message').isString() && newData.child('source').val() === 'property_page' && newData.child('status').val() === 'new' && newData.child('createdAt').isNumber())\"\n        }\n      }\n    },\n    \"chats\": {\n      \".read\": false,\n      \".write\": \"auth != null\"\n    },\n    \"properties\": {\r\n      \".read\": true,\r\n      \".write\": \"auth != null\"\r\n    },\r\n    \"blockedDates\": {\r\n      \".read\": true,\r\n      \".write\": \"auth != null\",\r\n      \".indexOn\": \"propertyId\"\r\n    },\r\n    \"bookings\": {\r\n      \".read\": \"auth != null\",\r\n      \".write\": \"auth != null\"\r\n    },\r\n    \"reservations\": {\r\n      \".read\": \"auth != null\",\r\n      \".write\": \"auth != null\"\r\n    },\r\n    \"users\": {\r\n      \"$uid\": {\r\n        \".read\": \"$uid === auth.uid || auth.token.role === 'admin'\",\r\n        \".write\": \"$uid === auth.uid || auth.token.role === 'admin'\"\r\n      }\r\n    }\r\n  }\r\n}\r\n"
[debug] [2026-03-19T01:20:17.977Z] <<< [apiv2][status] PUT https://kottage-v2-default-rtdb.firebaseio.com/.settings/rules.json 200
[debug] [2026-03-19T01:20:17.977Z] <<< [apiv2][body] PUT https://kottage-v2-default-rtdb.firebaseio.com/.settings/rules.json {"status":"ok"}
[info] +  database: rules syntax for database kottage-v2-default-rtdb is valid 
[info] i  database: releasing rules... 
[debug] [2026-03-19T01:20:17.978Z] Checked if tokens are valid: true, expires at: 1773885805827
[debug] [2026-03-19T01:20:17.978Z] Checked if tokens are valid: true, expires at: 1773885805827
[debug] [2026-03-19T01:20:17.979Z] >>> [apiv2][query] GET https://firebasedatabase.googleapis.com/v1beta/projects/kottage-v2/locations/-/instances/kottage-v2-default-rtdb [none]
[debug] [2026-03-19T01:20:18.173Z] <<< [apiv2][status] GET https://firebasedatabase.googleapis.com/v1beta/projects/kottage-v2/locations/-/instances/kottage-v2-default-rtdb 200
[debug] [2026-03-19T01:20:18.174Z] <<< [apiv2][body] GET https://firebasedatabase.googleapis.com/v1beta/projects/kottage-v2/locations/-/instances/kottage-v2-default-rtdb {"name":"projects/850162149337/locations/us-central1/instances/kottage-v2-default-rtdb","project":"projects/850162149337","databaseUrl":"https://kottage-v2-default-rtdb.firebaseio.com","type":"DEFAULT_DATABASE","state":"ACTIVE"}
[debug] [2026-03-19T01:20:18.174Z] Checked if tokens are valid: true, expires at: 1773885805827
[debug] [2026-03-19T01:20:18.174Z] Checked if tokens are valid: true, expires at: 1773885805827
[debug] [2026-03-19T01:20:18.174Z] >>> [apiv2][query] PUT https://kottage-v2-default-rtdb.firebaseio.com/.settings/rules.json 
[debug] [2026-03-19T01:20:18.175Z] >>> [apiv2][body] PUT https://kottage-v2-default-rtdb.firebaseio.com/.settings/rules.json "{\r\n  \"rules\": {\r\n    \"userChats\": {\n      \"$uid\": {\n        \".read\": \"$uid === auth.uid\",\n        \"$chatId\": {\n          \".write\": \"auth != null && ((newData.child('participants').child('0').val() === auth.uid || newData.child('participants').child('1').val() === auth.uid) && (newData.child('participants').child('0').val() === $uid || newData.child('participants').child('1').val() === $uid))\"\n        }\n      }\n    },\n    \"messages\": {\n      \"$chatId\": {\n        \".read\": \"root.child('userChats').child(auth.uid).child($chatId).exists()\",\n        \".write\": \"root.child('userChats').child(auth.uid).child($chatId).exists()\"\n      }\n    },\n    \"propertyInquiries\": {\n      \"$hostId\": {\n        \".read\": \"$hostId === auth.uid\",\n        \"$inquiryId\": {\n          \".write\": \"$hostId === auth.uid || (!data.exists() && newData.hasChildren(['hostId', 'hostName', 'propertyId', 'propertyName', 'guestUid', 'guestName', 'guestEmail', 'guestPhone', 'message', 'source', 'status', 'createdAt']) && newData.child('hostId').val() === $hostId && newData.child('hostName').isString() && newData.child('propertyId').isString() && newData.child('propertyName').isString() && newData.child('guestUid').isString() && newData.child('guestName').isString() && newData.child('guestEmail').isString() && newData.child('guestPhone').isString() && newData.child('message').isString() && newData.child('source').val() === 'property_page' && newData.child('status').val() === 'new' && newData.child('createdAt').isNumber())\"\n        }\n      }\n    },\n    \"chats\": {\n      \".read\": false,\n      \".write\": \"auth != null\"\n    },\n    \"properties\": {\r\n      \".read\": true,\r\n      \".write\": \"auth != null\"\r\n    },\r\n    \"blockedDates\": {\r\n      \".read\": true,\r\n      \".write\": \"auth != null\",\r\n      \".indexOn\": \"propertyId\"\r\n    },\r\n    \"bookings\": {\r\n      \".read\": \"auth != null\",\r\n      \".write\": \"auth != null\"\r\n    },\r\n    \"reservations\": {\r\n      \".read\": \"auth != null\",\r\n      \".write\": \"auth != null\"\r\n    },\r\n    \"users\": {\r\n      \"$uid\": {\r\n        \".read\": \"$uid === auth.uid || auth.token.role === 'admin'\",\r\n        \".write\": \"$uid === auth.uid || auth.token.role === 'admin'\"\r\n      }\r\n    }\r\n  }\r\n}\r\n"
[debug] [2026-03-19T01:20:18.377Z] <<< [apiv2][status] PUT https://kottage-v2-default-rtdb.firebaseio.com/.settings/rules.json 200
[debug] [2026-04-20T21:44:35.671Z] ----------------------------------------------------------------------
[debug] [2026-04-20T21:44:35.674Z] Command:       C:\Program Files\nodejs\node.exe C:\Users\ravan\AppData\Roaming\npm\node_modules\firebase-tools\lib\bin\firebase.js database:set /events/camp-porti-2026 --project kottage-v2
[debug] [2026-04-20T21:44:35.674Z] CLI Version:   14.10.1
[debug] [2026-04-20T21:44:35.674Z] Platform:      win32
[debug] [2026-04-20T21:44:35.674Z] Node Version:  v24.13.0
[debug] [2026-04-20T21:44:35.674Z] Time:          Mon Apr 20 2026 17:44:35 GMT-0400 (Eastern Daylight Time)
[debug] [2026-04-20T21:44:35.674Z] ----------------------------------------------------------------------
[debug] 
[debug] [2026-04-20T21:44:35.677Z] >>> [apiv2][query] GET https://firebase-public.firebaseio.com/cli.json [none]
[debug] [2026-04-20T21:44:35.851Z] > command requires scopes: ["email","openid","https://www.googleapis.com/auth/cloudplatformprojects.readonly","https://www.googleapis.com/auth/firebase","https://www.googleapis.com/auth/cloud-platform"]
[debug] [2026-04-20T21:44:35.851Z] > authorizing via signed-in user (lewislamar20@gmail.com)
[debug] [2026-04-20T21:44:35.851Z] [iam] checking project kottage-v2 for permissions ["firebase.projects.get","firebasedatabase.instances.update"]
[debug] [2026-04-20T21:44:35.852Z] Checked if tokens are valid: false, expires at: 1773885805827
[debug] [2026-04-20T21:44:35.852Z] Checked if tokens are valid: false, expires at: 1773885805827
[debug] [2026-04-20T21:44:35.853Z] > refreshing access token with scopes: []
[debug] [2026-04-20T21:44:35.853Z] >>> [apiv2][query] POST https://www.googleapis.com/oauth2/v3/token [none]
[debug] [2026-04-20T21:44:35.854Z] >>> [apiv2][body] POST https://www.googleapis.com/oauth2/v3/token [omitted]
[debug] [2026-04-20T21:44:36.097Z] <<< [apiv2][status] POST https://www.googleapis.com/oauth2/v3/token 200
[debug] [2026-04-20T21:44:36.097Z] <<< [apiv2][body] POST https://www.googleapis.com/oauth2/v3/token [omitted]
[debug] [2026-04-20T21:44:36.113Z] >>> [apiv2][query] POST https://cloudresourcemanager.googleapis.com/v1/projects/kottage-v2:testIamPermissions [none]
[debug] [2026-04-20T21:44:36.113Z] >>> [apiv2][(partial)header] POST https://cloudresourcemanager.googleapis.com/v1/projects/kottage-v2:testIamPermissions x-goog-quota-user=projects/kottage-v2
[debug] [2026-04-20T21:44:36.113Z] >>> [apiv2][body] POST https://cloudresourcemanager.googleapis.com/v1/projects/kottage-v2:testIamPermissions {"permissions":["firebase.projects.get","firebasedatabase.instances.update"]}
[debug] [2026-04-20T21:44:36.123Z] <<< [apiv2][status] GET https://firebase-public.firebaseio.com/cli.json 200
[debug] [2026-04-20T21:44:36.123Z] <<< [apiv2][body] GET https://firebase-public.firebaseio.com/cli.json {"cloudBuildErrorAfter":1594252800000,"cloudBuildWarnAfter":1590019200000,"defaultNode10After":1594252800000,"minVersion":"3.0.5","node8DeploysDisabledAfter":1613390400000,"node8RuntimeDisabledAfter":1615809600000,"node8WarnAfter":1600128000000}
[debug] [2026-04-20T21:44:36.435Z] <<< [apiv2][status] POST https://cloudresourcemanager.googleapis.com/v1/projects/kottage-v2:testIamPermissions 200
[debug] [2026-04-20T21:44:36.435Z] <<< [apiv2][body] POST https://cloudresourcemanager.googleapis.com/v1/projects/kottage-v2:testIamPermissions {"permissions":["firebase.projects.get","firebasedatabase.instances.update"]}
[debug] [2026-04-20T21:44:36.436Z] Checked if tokens are valid: true, expires at: 1776725075097
[debug] [2026-04-20T21:44:36.436Z] Checked if tokens are valid: true, expires at: 1776725075097
[debug] [2026-04-20T21:44:36.436Z] >>> [apiv2][query] GET https://firebase.googleapis.com/v1beta1/projects/kottage-v2 [none]
[debug] [2026-04-20T21:44:36.798Z] <<< [apiv2][status] GET https://firebase.googleapis.com/v1beta1/projects/kottage-v2 200
[debug] [2026-04-20T21:44:36.798Z] <<< [apiv2][body] GET https://firebase.googleapis.com/v1beta1/projects/kottage-v2 {"projectId":"kottage-v2","projectNumber":"850162149337","displayName":"Kottage v2","name":"projects/kottage-v2","resources":{"hostingSite":"kottage-v2","realtimeDatabaseInstance":"kottage-v2-default-rtdb","locationId":"us-central"},"state":"ACTIVE","etag":"1_8f76afd1-5df2-4c18-b00e-5d34905414bc"}
[debug] [2026-04-20T21:44:36.799Z] Checked if tokens are valid: true, expires at: 1776725075097
[debug] [2026-04-20T21:44:36.799Z] Checked if tokens are valid: true, expires at: 1776725075097
[debug] [2026-04-20T21:44:36.799Z] >>> [apiv2][query] GET https://firebasedatabase.googleapis.com/v1beta/projects/kottage-v2/locations/-/instances/kottage-v2-default-rtdb [none]
[debug] [2026-04-20T21:44:37.327Z] <<< [apiv2][status] GET https://firebasedatabase.googleapis.com/v1beta/projects/kottage-v2/locations/-/instances/kottage-v2-default-rtdb 200
[debug] [2026-04-20T21:44:37.328Z] <<< [apiv2][body] GET https://firebasedatabase.googleapis.com/v1beta/projects/kottage-v2/locations/-/instances/kottage-v2-default-rtdb {"name":"projects/850162149337/locations/us-central1/instances/kottage-v2-default-rtdb","project":"projects/850162149337","databaseUrl":"https://kottage-v2-default-rtdb.firebaseio.com","type":"DEFAULT_DATABASE","state":"ACTIVE"}
[error] 
[error] Error: Command aborted.
[debug] [2026-04-20T21:45:34.108Z] ----------------------------------------------------------------------
[debug] [2026-04-20T21:45:34.110Z] Command:       C:\Program Files\nodejs\node.exe C:\Users\ravan\AppData\Roaming\npm\node_modules\firebase-tools\lib\bin\firebase.js database:set /events/camp-porti-2026 -f --project kottage-v2
[debug] [2026-04-20T21:45:34.110Z] CLI Version:   14.10.1
[debug] [2026-04-20T21:45:34.110Z] Platform:      win32
[debug] [2026-04-20T21:45:34.110Z] Node Version:  v24.13.0
[debug] [2026-04-20T21:45:34.110Z] Time:          Mon Apr 20 2026 17:45:34 GMT-0400 (Eastern Daylight Time)
[debug] [2026-04-20T21:45:34.110Z] ----------------------------------------------------------------------
[debug] 
[debug] [2026-04-20T21:45:34.249Z] > command requires scopes: ["email","openid","https://www.googleapis.com/auth/cloudplatformprojects.readonly","https://www.googleapis.com/auth/firebase","https://www.googleapis.com/auth/cloud-platform"]
[debug] [2026-04-20T21:45:34.250Z] > authorizing via signed-in user (lewislamar20@gmail.com)
[debug] [2026-04-20T21:45:34.251Z] [iam] checking project kottage-v2 for permissions ["firebase.projects.get","firebasedatabase.instances.update"]
[debug] [2026-04-20T21:45:34.253Z] Checked if tokens are valid: true, expires at: 1776725075097
[debug] [2026-04-20T21:45:34.253Z] Checked if tokens are valid: true, expires at: 1776725075097
[debug] [2026-04-20T21:45:34.254Z] >>> [apiv2][query] POST https://cloudresourcemanager.googleapis.com/v1/projects/kottage-v2:testIamPermissions [none]
[debug] [2026-04-20T21:45:34.254Z] >>> [apiv2][(partial)header] POST https://cloudresourcemanager.googleapis.com/v1/projects/kottage-v2:testIamPermissions x-goog-quota-user=projects/kottage-v2
[debug] [2026-04-20T21:45:34.254Z] >>> [apiv2][body] POST https://cloudresourcemanager.googleapis.com/v1/projects/kottage-v2:testIamPermissions {"permissions":["firebase.projects.get","firebasedatabase.instances.update"]}
[debug] [2026-04-20T21:45:34.993Z] <<< [apiv2][status] POST https://cloudresourcemanager.googleapis.com/v1/projects/kottage-v2:testIamPermissions 200
[debug] [2026-04-20T21:45:34.994Z] <<< [apiv2][body] POST https://cloudresourcemanager.googleapis.com/v1/projects/kottage-v2:testIamPermissions {"permissions":["firebase.projects.get","firebasedatabase.instances.update"]}
[debug] [2026-04-20T21:45:34.995Z] Checked if tokens are valid: true, expires at: 1776725075097
[debug] [2026-04-20T21:45:34.995Z] Checked if tokens are valid: true, expires at: 1776725075097
[debug] [2026-04-20T21:45:34.996Z] >>> [apiv2][query] GET https://firebase.googleapis.com/v1beta1/projects/kottage-v2 [none]
[debug] [2026-04-20T21:45:35.767Z] <<< [apiv2][status] GET https://firebase.googleapis.com/v1beta1/projects/kottage-v2 200
[debug] [2026-04-20T21:45:35.767Z] <<< [apiv2][body] GET https://firebase.googleapis.com/v1beta1/projects/kottage-v2 {"projectId":"kottage-v2","projectNumber":"850162149337","displayName":"Kottage v2","name":"projects/kottage-v2","resources":{"hostingSite":"kottage-v2","realtimeDatabaseInstance":"kottage-v2-default-rtdb","locationId":"us-central"},"state":"ACTIVE","etag":"1_8f76afd1-5df2-4c18-b00e-5d34905414bc"}
[debug] [2026-04-20T21:45:35.768Z] Checked if tokens are valid: true, expires at: 1776725075097
[debug] [2026-04-20T21:45:35.768Z] Checked if tokens are valid: true, expires at: 1776725075097
[debug] [2026-04-20T21:45:35.768Z] >>> [apiv2][query] GET https://firebasedatabase.googleapis.com/v1beta/projects/kottage-v2/locations/-/instances/kottage-v2-default-rtdb [none]
[debug] [2026-04-20T21:45:36.409Z] <<< [apiv2][status] GET https://firebasedatabase.googleapis.com/v1beta/projects/kottage-v2/locations/-/instances/kottage-v2-default-rtdb 200
[debug] [2026-04-20T21:45:36.410Z] <<< [apiv2][body] GET https://firebasedatabase.googleapis.com/v1beta/projects/kottage-v2/locations/-/instances/kottage-v2-default-rtdb {"name":"projects/850162149337/locations/us-central1/instances/kottage-v2-default-rtdb","project":"projects/850162149337","databaseUrl":"https://kottage-v2-default-rtdb.firebaseio.com","type":"DEFAULT_DATABASE","state":"ACTIVE"}
[error] 
[error] Error: STDIN input is not available on Windows.
[debug] [2026-04-20T21:46:01.609Z] ----------------------------------------------------------------------
[debug] [2026-04-20T21:46:01.611Z] Command:       C:\Program Files\nodejs\node.exe C:\Users\ravan\AppData\Roaming\npm\node_modules\firebase-tools\lib\bin\firebase.js database:set /events/camp-porti-2026 tmp-camp-porti-2026.json -f --project kottage-v2
[debug] [2026-04-20T21:46:01.611Z] CLI Version:   14.10.1
[debug] [2026-04-20T21:46:01.611Z] Platform:      win32
[debug] [2026-04-20T21:46:01.611Z] Node Version:  v24.13.0
[debug] [2026-04-20T21:46:01.611Z] Time:          Mon Apr 20 2026 17:46:01 GMT-0400 (Eastern Daylight Time)
[debug] [2026-04-20T21:46:01.611Z] ----------------------------------------------------------------------
[debug] 
[debug] [2026-04-20T21:46:01.784Z] > command requires scopes: ["email","openid","https://www.googleapis.com/auth/cloudplatformprojects.readonly","https://www.googleapis.com/auth/firebase","https://www.googleapis.com/auth/cloud-platform"]
[debug] [2026-04-20T21:46:01.785Z] > authorizing via signed-in user (lewislamar20@gmail.com)
[debug] [2026-04-20T21:46:01.785Z] [iam] checking project kottage-v2 for permissions ["firebase.projects.get","firebasedatabase.instances.update"]
[debug] [2026-04-20T21:46:01.786Z] Checked if tokens are valid: true, expires at: 1776725075097
[debug] [2026-04-20T21:46:01.787Z] Checked if tokens are valid: true, expires at: 1776725075097
[debug] [2026-04-20T21:46:01.788Z] >>> [apiv2][query] POST https://cloudresourcemanager.googleapis.com/v1/projects/kottage-v2:testIamPermissions [none]
[debug] [2026-04-20T21:46:01.788Z] >>> [apiv2][(partial)header] POST https://cloudresourcemanager.googleapis.com/v1/projects/kottage-v2:testIamPermissions x-goog-quota-user=projects/kottage-v2
[debug] [2026-04-20T21:46:01.788Z] >>> [apiv2][body] POST https://cloudresourcemanager.googleapis.com/v1/projects/kottage-v2:testIamPermissions {"permissions":["firebase.projects.get","firebasedatabase.instances.update"]}
[debug] [2026-04-20T21:46:02.083Z] <<< [apiv2][status] POST https://cloudresourcemanager.googleapis.com/v1/projects/kottage-v2:testIamPermissions 200
[debug] [2026-04-20T21:46:02.083Z] <<< [apiv2][body] POST https://cloudresourcemanager.googleapis.com/v1/projects/kottage-v2:testIamPermissions {"permissions":["firebase.projects.get","firebasedatabase.instances.update"]}
[debug] [2026-04-20T21:46:02.085Z] Checked if tokens are valid: true, expires at: 1776725075097
[debug] [2026-04-20T21:46:02.086Z] Checked if tokens are valid: true, expires at: 1776725075097
[debug] [2026-04-20T21:46:02.086Z] >>> [apiv2][query] GET https://firebase.googleapis.com/v1beta1/projects/kottage-v2 [none]
[debug] [2026-04-20T21:46:02.511Z] <<< [apiv2][status] GET https://firebase.googleapis.com/v1beta1/projects/kottage-v2 200
[debug] [2026-04-20T21:46:02.511Z] <<< [apiv2][body] GET https://firebase.googleapis.com/v1beta1/projects/kottage-v2 {"projectId":"kottage-v2","projectNumber":"850162149337","displayName":"Kottage v2","name":"projects/kottage-v2","resources":{"hostingSite":"kottage-v2","realtimeDatabaseInstance":"kottage-v2-default-rtdb","locationId":"us-central"},"state":"ACTIVE","etag":"1_8f76afd1-5df2-4c18-b00e-5d34905414bc"}
[debug] [2026-04-20T21:46:02.511Z] Checked if tokens are valid: true, expires at: 1776725075097
[debug] [2026-04-20T21:46:02.511Z] Checked if tokens are valid: true, expires at: 1776725075097
[debug] [2026-04-20T21:46:02.511Z] >>> [apiv2][query] GET https://firebasedatabase.googleapis.com/v1beta/projects/kottage-v2/locations/-/instances/kottage-v2-default-rtdb [none]
[debug] [2026-04-20T21:46:02.969Z] <<< [apiv2][status] GET https://firebasedatabase.googleapis.com/v1beta/projects/kottage-v2/locations/-/instances/kottage-v2-default-rtdb 200
[debug] [2026-04-20T21:46:02.969Z] <<< [apiv2][body] GET https://firebasedatabase.googleapis.com/v1beta/projects/kottage-v2/locations/-/instances/kottage-v2-default-rtdb {"name":"projects/850162149337/locations/us-central1/instances/kottage-v2-default-rtdb","project":"projects/850162149337","databaseUrl":"https://kottage-v2-default-rtdb.firebaseio.com","type":"DEFAULT_DATABASE","state":"ACTIVE"}
[debug] [2026-04-20T21:46:02.971Z] Checked if tokens are valid: true, expires at: 1776725075097
[debug] [2026-04-20T21:46:02.971Z] Checked if tokens are valid: true, expires at: 1776725075097
[debug] [2026-04-20T21:46:02.971Z] >>> [apiv2][query] PUT https://kottage-v2-default-rtdb.firebaseio.com/events/camp-porti-2026.json 
[debug] [2026-04-20T21:46:02.971Z] >>> [apiv2][body] PUT https://kottage-v2-default-rtdb.firebaseio.com/events/camp-porti-2026.json [stream]
[debug] [2026-04-20T21:46:03.338Z] <<< [apiv2][status] PUT https://kottage-v2-default-rtdb.firebaseio.com/events/camp-porti-2026.json 200
[debug] [2026-04-20T21:46:34.551Z] ----------------------------------------------------------------------
[debug] [2026-04-20T21:46:34.553Z] Command:       C:\Program Files\nodejs\node.exe C:\Users\ravan\AppData\Roaming\npm\node_modules\firebase-tools\lib\bin\firebase.js database:get /events/camp-porti-2026 --project kottage-v2
[debug] [2026-04-20T21:46:34.553Z] CLI Version:   14.10.1
[debug] [2026-04-20T21:46:34.553Z] Platform:      win32
[debug] [2026-04-20T21:46:34.553Z] Node Version:  v24.13.0
[debug] [2026-04-20T21:46:34.553Z] Time:          Mon Apr 20 2026 17:46:34 GMT-0400 (Eastern Daylight Time)
[debug] [2026-04-20T21:46:34.553Z] ----------------------------------------------------------------------
[debug] 
[debug] [2026-04-20T21:46:34.709Z] > command requires scopes: ["email","openid","https://www.googleapis.com/auth/cloudplatformprojects.readonly","https://www.googleapis.com/auth/firebase","https://www.googleapis.com/auth/cloud-platform"]
[debug] [2026-04-20T21:46:34.709Z] > authorizing via signed-in user (lewislamar20@gmail.com)
[debug] [2026-04-20T21:46:34.710Z] [iam] checking project kottage-v2 for permissions ["firebase.projects.get","firebasedatabase.instances.get"]
[debug] [2026-04-20T21:46:34.711Z] Checked if tokens are valid: true, expires at: 1776725075097
[debug] [2026-04-20T21:46:34.711Z] Checked if tokens are valid: true, expires at: 1776725075097
[debug] [2026-04-20T21:46:34.712Z] >>> [apiv2][query] POST https://cloudresourcemanager.googleapis.com/v1/projects/kottage-v2:testIamPermissions [none]
[debug] [2026-04-20T21:46:34.712Z] >>> [apiv2][(partial)header] POST https://cloudresourcemanager.googleapis.com/v1/projects/kottage-v2:testIamPermissions x-goog-quota-user=projects/kottage-v2
[debug] [2026-04-20T21:46:34.712Z] >>> [apiv2][body] POST https://cloudresourcemanager.googleapis.com/v1/projects/kottage-v2:testIamPermissions {"permissions":["firebase.projects.get","firebasedatabase.instances.get"]}
[debug] [2026-04-20T21:46:34.926Z] <<< [apiv2][status] POST https://cloudresourcemanager.googleapis.com/v1/projects/kottage-v2:testIamPermissions 200
[debug] [2026-04-20T21:46:34.927Z] <<< [apiv2][body] POST https://cloudresourcemanager.googleapis.com/v1/projects/kottage-v2:testIamPermissions {"permissions":["firebase.projects.get","firebasedatabase.instances.get"]}
[debug] [2026-04-20T21:46:34.927Z] Checked if tokens are valid: true, expires at: 1776725075097
[debug] [2026-04-20T21:46:34.928Z] Checked if tokens are valid: true, expires at: 1776725075097
[debug] [2026-04-20T21:46:34.928Z] >>> [apiv2][query] GET https://firebase.googleapis.com/v1beta1/projects/kottage-v2 [none]
[debug] [2026-04-20T21:46:35.327Z] <<< [apiv2][status] GET https://firebase.googleapis.com/v1beta1/projects/kottage-v2 200
[debug] [2026-04-20T21:46:35.327Z] <<< [apiv2][body] GET https://firebase.googleapis.com/v1beta1/projects/kottage-v2 {"projectId":"kottage-v2","projectNumber":"850162149337","displayName":"Kottage v2","name":"projects/kottage-v2","resources":{"hostingSite":"kottage-v2","realtimeDatabaseInstance":"kottage-v2-default-rtdb","locationId":"us-central"},"state":"ACTIVE","etag":"1_8f76afd1-5df2-4c18-b00e-5d34905414bc"}
[debug] [2026-04-20T21:46:35.328Z] Checked if tokens are valid: true, expires at: 1776725075097
[debug] [2026-04-20T21:46:35.328Z] Checked if tokens are valid: true, expires at: 1776725075097
[debug] [2026-04-20T21:46:35.329Z] >>> [apiv2][query] GET https://firebasedatabase.googleapis.com/v1beta/projects/kottage-v2/locations/-/instances/kottage-v2-default-rtdb [none]
[debug] [2026-04-20T21:46:35.786Z] <<< [apiv2][status] GET https://firebasedatabase.googleapis.com/v1beta/projects/kottage-v2/locations/-/instances/kottage-v2-default-rtdb 200
[debug] [2026-04-20T21:46:35.787Z] <<< [apiv2][body] GET https://firebasedatabase.googleapis.com/v1beta/projects/kottage-v2/locations/-/instances/kottage-v2-default-rtdb {"name":"projects/850162149337/locations/us-central1/instances/kottage-v2-default-rtdb","project":"projects/850162149337","databaseUrl":"https://kottage-v2-default-rtdb.firebaseio.com","type":"DEFAULT_DATABASE","state":"ACTIVE"}
[debug] [2026-04-20T21:46:35.788Z] Checked if tokens are valid: true, expires at: 1776725075097
[debug] [2026-04-20T21:46:35.789Z] Checked if tokens are valid: true, expires at: 1776725075097
[debug] [2026-04-20T21:46:35.790Z] >>> [apiv2][query] GET https://kottage-v2-default-rtdb.firebaseio.com/events/camp-porti-2026.json 
[debug] [2026-04-20T21:46:36.129Z] <<< [apiv2][status] GET https://kottage-v2-default-rtdb.firebaseio.com/events/camp-porti-2026.json 200
[debug] [2026-04-20T22:02:24.937Z] ----------------------------------------------------------------------
[debug] [2026-04-20T22:02:24.942Z] Command:       C:\Program Files\nodejs\node.exe C:\Users\ravan\AppData\Roaming\npm\node_modules\firebase-tools\lib\bin\firebase.js deploy --only database --project kottage-v2
[debug] [2026-04-20T22:02:24.942Z] CLI Version:   14.10.1
[debug] [2026-04-20T22:02:24.942Z] Platform:      win32
[debug] [2026-04-20T22:02:24.942Z] Node Version:  v24.13.0
[debug] [2026-04-20T22:02:24.942Z] Time:          Mon Apr 20 2026 18:02:24 GMT-0400 (Eastern Daylight Time)
[debug] [2026-04-20T22:02:24.943Z] ----------------------------------------------------------------------
[debug] 
[debug] [2026-04-20T22:02:25.137Z] > command requires scopes: ["email","openid","https://www.googleapis.com/auth/cloudplatformprojects.readonly","https://www.googleapis.com/auth/firebase","https://www.googleapis.com/auth/cloud-platform"]
[debug] [2026-04-20T22:02:25.138Z] > authorizing via signed-in user (lewislamar20@gmail.com)
[debug] [2026-04-20T22:02:25.139Z] [iam] checking project kottage-v2 for permissions ["firebase.projects.get","firebasedatabase.instances.update"]
[debug] [2026-04-20T22:02:25.140Z] Checked if tokens are valid: true, expires at: 1776725075097
[debug] [2026-04-20T22:02:25.140Z] Checked if tokens are valid: true, expires at: 1776725075097
[debug] [2026-04-20T22:02:25.143Z] >>> [apiv2][query] POST https://cloudresourcemanager.googleapis.com/v1/projects/kottage-v2:testIamPermissions [none]
[debug] [2026-04-20T22:02:25.143Z] >>> [apiv2][(partial)header] POST https://cloudresourcemanager.googleapis.com/v1/projects/kottage-v2:testIamPermissions x-goog-quota-user=projects/kottage-v2
[debug] [2026-04-20T22:02:25.143Z] >>> [apiv2][body] POST https://cloudresourcemanager.googleapis.com/v1/projects/kottage-v2:testIamPermissions {"permissions":["firebase.projects.get","firebasedatabase.instances.update"]}
[debug] [2026-04-20T22:02:25.471Z] <<< [apiv2][status] POST https://cloudresourcemanager.googleapis.com/v1/projects/kottage-v2:testIamPermissions 200
[debug] [2026-04-20T22:02:25.471Z] <<< [apiv2][body] POST https://cloudresourcemanager.googleapis.com/v1/projects/kottage-v2:testIamPermissions {"permissions":["firebase.projects.get","firebasedatabase.instances.update"]}
[debug] [2026-04-20T22:02:25.472Z] Checked if tokens are valid: true, expires at: 1776725075097
[debug] [2026-04-20T22:02:25.472Z] Checked if tokens are valid: true, expires at: 1776725075097
[debug] [2026-04-20T22:02:25.473Z] >>> [apiv2][query] GET https://firebase.googleapis.com/v1beta1/projects/kottage-v2 [none]
[debug] [2026-04-20T22:02:25.813Z] <<< [apiv2][status] GET https://firebase.googleapis.com/v1beta1/projects/kottage-v2 200
[debug] [2026-04-20T22:02:25.814Z] <<< [apiv2][body] GET https://firebase.googleapis.com/v1beta1/projects/kottage-v2 {"projectId":"kottage-v2","projectNumber":"850162149337","displayName":"Kottage v2","name":"projects/kottage-v2","resources":{"hostingSite":"kottage-v2","realtimeDatabaseInstance":"kottage-v2-default-rtdb","locationId":"us-central"},"state":"ACTIVE","etag":"1_8f76afd1-5df2-4c18-b00e-5d34905414bc"}
[info] 
[info] === Deploying to 'kottage-v2'...
[info] 
[info] i  deploying database 
[info] i  database: checking rules syntax... 
[debug] [2026-04-20T22:02:25.817Z] Checked if tokens are valid: true, expires at: 1776725075097
[debug] [2026-04-20T22:02:25.817Z] Checked if tokens are valid: true, expires at: 1776725075097
[debug] [2026-04-20T22:02:25.817Z] >>> [apiv2][query] GET https://firebasedatabase.googleapis.com/v1beta/projects/kottage-v2/locations/-/instances/kottage-v2-default-rtdb [none]
[debug] [2026-04-20T22:02:26.416Z] <<< [apiv2][status] GET https://firebasedatabase.googleapis.com/v1beta/projects/kottage-v2/locations/-/instances/kottage-v2-default-rtdb 200
[debug] [2026-04-20T22:02:26.417Z] <<< [apiv2][body] GET https://firebasedatabase.googleapis.com/v1beta/projects/kottage-v2/locations/-/instances/kottage-v2-default-rtdb {"name":"projects/850162149337/locations/us-central1/instances/kottage-v2-default-rtdb","project":"projects/850162149337","databaseUrl":"https://kottage-v2-default-rtdb.firebaseio.com","type":"DEFAULT_DATABASE","state":"ACTIVE"}
[debug] [2026-04-20T22:02:26.417Z] Checked if tokens are valid: true, expires at: 1776725075097
[debug] [2026-04-20T22:02:26.418Z] Checked if tokens are valid: true, expires at: 1776725075097
[debug] [2026-04-20T22:02:26.418Z] >>> [apiv2][query] PUT https://kottage-v2-default-rtdb.firebaseio.com/.settings/rules.json dryRun=true
[debug] [2026-04-20T22:02:26.418Z] >>> [apiv2][body] PUT https://kottage-v2-default-rtdb.firebaseio.com/.settings/rules.json "{\r\n  \"rules\": {\r\n    \"userChats\": {\n      \"$uid\": {\n        \".read\": \"$uid === auth.uid\",\n        \"$chatId\": {\n          \".write\": \"auth != null && ((newData.child('participants').child('0').val() === auth.uid || newData.child('participants').child('1').val() === auth.uid) && (newData.child('participants').child('0').val() === $uid || newData.child('participants').child('1').val() === $uid))\"\n        }\n      }\n    },\n    \"messages\": {\n      \"$chatId\": {\n        \".read\": \"root.child('userChats').child(auth.uid).child($chatId).exists()\",\n        \".write\": \"root.child('userChats').child(auth.uid).child($chatId).exists()\"\n      }\n    },\n    \"propertyInquiries\": {\n      \"$hostId\": {\n        \".read\": \"$hostId === auth.uid\",\n        \"$inquiryId\": {\n          \".write\": \"$hostId === auth.uid || (!data.exists() && newData.hasChildren(['hostId', 'hostName', 'propertyId', 'propertyName', 'guestUid', 'guestName', 'guestEmail', 'guestPhone', 'message', 'source', 'status', 'createdAt']) && newData.child('hostId').val() === $hostId && newData.child('hostName').isString() && newData.child('propertyId').isString() && newData.child('propertyName').isString() && newData.child('guestUid').isString() && newData.child('guestName').isString() && newData.child('guestEmail').isString() && newData.child('guestPhone').isString() && newData.child('message').isString() && newData.child('source').val() === 'property_page' && newData.child('status').val() === 'new' && newData.child('createdAt').isNumber())\"\n        }\n      }\n    },\n    \"chats\": {\n      \".read\": false,\n      \".write\": \"auth != null\"\n    },\n    \"properties\": {\r\n      \".read\": true,\r\n      \".write\": \"auth != null\"\r\n    },\r\n    \"blockedDates\": {\r\n      \".read\": true,\r\n      \".write\": \"auth != null\",\r\n      \".indexOn\": \"propertyId\"\r\n    },\r\n    \"bookings\": {\r\n      \".read\": \"auth != null\",\r\n      \".write\": \"auth != null\"\r\n    },\r\n    \"reservations\": {\n      \".read\": \"auth != null\",\n      \".write\": \"auth != null\"\n    },\n    \"events\": {\n      \".read\": true,\n      \".write\": \"auth != null && (auth.token.role === 'admin' || auth.token.role === 'super_admin')\"\n    },\n    \"users\": {\n      \"$uid\": {\n        \".read\": \"$uid === auth.uid || auth.token.role === 'admin'\",\n        \".write\": \"$uid === auth.uid || auth.token.role === 'admin'\"\n      }\n    }\r\n  }\r\n}\r\n"
[debug] [2026-04-20T22:02:26.764Z] <<< [apiv2][status] PUT https://kottage-v2-default-rtdb.firebaseio.com/.settings/rules.json 200
[debug] [2026-04-20T22:02:26.764Z] <<< [apiv2][body] PUT https://kottage-v2-default-rtdb.firebaseio.com/.settings/rules.json {"status":"ok"}
[info] +  database: rules syntax for database kottage-v2-default-rtdb is valid 
[info] i  database: releasing rules... 
[debug] [2026-04-20T22:02:26.765Z] Checked if tokens are valid: true, expires at: 1776725075097
[debug] [2026-04-20T22:02:26.765Z] Checked if tokens are valid: true, expires at: 1776725075097
[debug] [2026-04-20T22:02:26.765Z] >>> [apiv2][query] GET https://firebasedatabase.googleapis.com/v1beta/projects/kottage-v2/locations/-/instances/kottage-v2-default-rtdb [none]
[debug] [2026-04-20T22:02:26.950Z] <<< [apiv2][status] GET https://firebasedatabase.googleapis.com/v1beta/projects/kottage-v2/locations/-/instances/kottage-v2-default-rtdb 200
[debug] [2026-04-20T22:02:26.951Z] <<< [apiv2][body] GET https://firebasedatabase.googleapis.com/v1beta/projects/kottage-v2/locations/-/instances/kottage-v2-default-rtdb {"name":"projects/850162149337/locations/us-central1/instances/kottage-v2-default-rtdb","project":"projects/850162149337","databaseUrl":"https://kottage-v2-default-rtdb.firebaseio.com","type":"DEFAULT_DATABASE","state":"ACTIVE"}
[debug] [2026-04-20T22:02:26.951Z] Checked if tokens are valid: true, expires at: 1776725075097
[debug] [2026-04-20T22:02:26.951Z] Checked if tokens are valid: true, expires at: 1776725075097
[debug] [2026-04-20T22:02:26.952Z] >>> [apiv2][query] PUT https://kottage-v2-default-rtdb.firebaseio.com/.settings/rules.json 
[debug] [2026-04-20T22:02:26.952Z] >>> [apiv2][body] PUT https://kottage-v2-default-rtdb.firebaseio.com/.settings/rules.json "{\r\n  \"rules\": {\r\n    \"userChats\": {\n      \"$uid\": {\n        \".read\": \"$uid === auth.uid\",\n        \"$chatId\": {\n          \".write\": \"auth != null && ((newData.child('participants').child('0').val() === auth.uid || newData.child('participants').child('1').val() === auth.uid) && (newData.child('participants').child('0').val() === $uid || newData.child('participants').child('1').val() === $uid))\"\n        }\n      }\n    },\n    \"messages\": {\n      \"$chatId\": {\n        \".read\": \"root.child('userChats').child(auth.uid).child($chatId).exists()\",\n        \".write\": \"root.child('userChats').child(auth.uid).child($chatId).exists()\"\n      }\n    },\n    \"propertyInquiries\": {\n      \"$hostId\": {\n        \".read\": \"$hostId === auth.uid\",\n        \"$inquiryId\": {\n          \".write\": \"$hostId === auth.uid || (!data.exists() && newData.hasChildren(['hostId', 'hostName', 'propertyId', 'propertyName', 'guestUid', 'guestName', 'guestEmail', 'guestPhone', 'message', 'source', 'status', 'createdAt']) && newData.child('hostId').val() === $hostId && newData.child('hostName').isString() && newData.child('propertyId').isString() && newData.child('propertyName').isString() && newData.child('guestUid').isString() && newData.child('guestName').isString() && newData.child('guestEmail').isString() && newData.child('guestPhone').isString() && newData.child('message').isString() && newData.child('source').val() === 'property_page' && newData.child('status').val() === 'new' && newData.child('createdAt').isNumber())\"\n        }\n      }\n    },\n    \"chats\": {\n      \".read\": false,\n      \".write\": \"auth != null\"\n    },\n    \"properties\": {\r\n      \".read\": true,\r\n      \".write\": \"auth != null\"\r\n    },\r\n    \"blockedDates\": {\r\n      \".read\": true,\r\n      \".write\": \"auth != null\",\r\n      \".indexOn\": \"propertyId\"\r\n    },\r\n    \"bookings\": {\r\n      \".read\": \"auth != null\",\r\n      \".write\": \"auth != null\"\r\n    },\r\n    \"reservations\": {\n      \".read\": \"auth != null\",\n      \".write\": \"auth != null\"\n    },\n    \"events\": {\n      \".read\": true,\n      \".write\": \"auth != null && (auth.token.role === 'admin' || auth.token.role === 'super_admin')\"\n    },\n    \"users\": {\n      \"$uid\": {\n        \".read\": \"$uid === auth.uid || auth.token.role === 'admin'\",\n        \".write\": \"$uid === auth.uid || auth.token.role === 'admin'\"\n      }\n    }\r\n  }\r\n}\r\n"
[debug] [2026-04-20T22:02:27.182Z] <<< [apiv2][status] PUT https://kottage-v2-default-rtdb.firebaseio.com/.settings/rules.json 200
[debug] [2026-04-21T02:52:20.618Z] ----------------------------------------------------------------------
[debug] [2026-04-21T02:52:20.619Z] Command:       C:\Program Files\nodejs\node.exe C:\Users\ravan\AppData\Roaming\npm\node_modules\firebase-tools\lib\bin\firebase.js database:get /events --project kottage-v2
[debug] [2026-04-21T02:52:20.620Z] CLI Version:   14.10.1
[debug] [2026-04-21T02:52:20.620Z] Platform:      win32
[debug] [2026-04-21T02:52:20.620Z] Node Version:  v24.13.0
[debug] [2026-04-21T02:52:20.620Z] Time:          Mon Apr 20 2026 22:52:20 GMT-0400 (Eastern Daylight Time)
[debug] [2026-04-21T02:52:20.620Z] ----------------------------------------------------------------------
[debug] 
[debug] [2026-04-21T02:52:20.763Z] > command requires scopes: ["email","openid","https://www.googleapis.com/auth/cloudplatformprojects.readonly","https://www.googleapis.com/auth/firebase","https://www.googleapis.com/auth/cloud-platform"]
[debug] [2026-04-21T02:52:20.764Z] > authorizing via signed-in user (lewislamar20@gmail.com)
[debug] [2026-04-21T02:52:20.765Z] [iam] checking project kottage-v2 for permissions ["firebase.projects.get","firebasedatabase.instances.get"]
[debug] [2026-04-21T02:52:20.767Z] Checked if tokens are valid: false, expires at: 1776725075097
[debug] [2026-04-21T02:52:20.767Z] Checked if tokens are valid: false, expires at: 1776725075097
[debug] [2026-04-21T02:52:20.767Z] > refreshing access token with scopes: []
[debug] [2026-04-21T02:52:20.769Z] >>> [apiv2][query] POST https://www.googleapis.com/oauth2/v3/token [none]
[debug] [2026-04-21T02:52:20.769Z] >>> [apiv2][body] POST https://www.googleapis.com/oauth2/v3/token [omitted]
[debug] [2026-04-21T02:52:21.022Z] <<< [apiv2][status] POST https://www.googleapis.com/oauth2/v3/token 200
[debug] [2026-04-21T02:52:21.023Z] <<< [apiv2][body] POST https://www.googleapis.com/oauth2/v3/token [omitted]
[debug] [2026-04-21T02:52:21.027Z] >>> [apiv2][query] POST https://cloudresourcemanager.googleapis.com/v1/projects/kottage-v2:testIamPermissions [none]
[debug] [2026-04-21T02:52:21.027Z] >>> [apiv2][(partial)header] POST https://cloudresourcemanager.googleapis.com/v1/projects/kottage-v2:testIamPermissions x-goog-quota-user=projects/kottage-v2
[debug] [2026-04-21T02:52:21.028Z] >>> [apiv2][body] POST https://cloudresourcemanager.googleapis.com/v1/projects/kottage-v2:testIamPermissions {"permissions":["firebase.projects.get","firebasedatabase.instances.get"]}
[debug] [2026-04-21T02:52:21.258Z] <<< [apiv2][status] POST https://cloudresourcemanager.googleapis.com/v1/projects/kottage-v2:testIamPermissions 200
[debug] [2026-04-21T02:52:21.259Z] <<< [apiv2][body] POST https://cloudresourcemanager.googleapis.com/v1/projects/kottage-v2:testIamPermissions {"permissions":["firebase.projects.get","firebasedatabase.instances.get"]}
[debug] [2026-04-21T02:52:21.259Z] Checked if tokens are valid: true, expires at: 1776743540023
[debug] [2026-04-21T02:52:21.259Z] Checked if tokens are valid: true, expires at: 1776743540023
[debug] [2026-04-21T02:52:21.260Z] >>> [apiv2][query] GET https://firebase.googleapis.com/v1beta1/projects/kottage-v2 [none]
[debug] [2026-04-21T02:52:21.622Z] <<< [apiv2][status] GET https://firebase.googleapis.com/v1beta1/projects/kottage-v2 200
[debug] [2026-04-21T02:52:21.622Z] <<< [apiv2][body] GET https://firebase.googleapis.com/v1beta1/projects/kottage-v2 {"projectId":"kottage-v2","projectNumber":"850162149337","displayName":"Kottage v2","name":"projects/kottage-v2","resources":{"hostingSite":"kottage-v2","realtimeDatabaseInstance":"kottage-v2-default-rtdb","locationId":"us-central"},"state":"ACTIVE","etag":"1_8f76afd1-5df2-4c18-b00e-5d34905414bc"}
[debug] [2026-04-21T02:52:21.623Z] Checked if tokens are valid: true, expires at: 1776743540023
[debug] [2026-04-21T02:52:21.623Z] Checked if tokens are valid: true, expires at: 1776743540023
[debug] [2026-04-21T02:52:21.623Z] >>> [apiv2][query] GET https://firebasedatabase.googleapis.com/v1beta/projects/kottage-v2/locations/-/instances/kottage-v2-default-rtdb [none]
[debug] [2026-04-21T02:52:22.152Z] <<< [apiv2][status] GET https://firebasedatabase.googleapis.com/v1beta/projects/kottage-v2/locations/-/instances/kottage-v2-default-rtdb 200
[debug] [2026-04-21T02:52:22.153Z] <<< [apiv2][body] GET https://firebasedatabase.googleapis.com/v1beta/projects/kottage-v2/locations/-/instances/kottage-v2-default-rtdb {"name":"projects/850162149337/locations/us-central1/instances/kottage-v2-default-rtdb","project":"projects/850162149337","databaseUrl":"https://kottage-v2-default-rtdb.firebaseio.com","type":"DEFAULT_DATABASE","state":"ACTIVE"}
[debug] [2026-04-21T02:52:22.155Z] Checked if tokens are valid: true, expires at: 1776743540023
[debug] [2026-04-21T02:52:22.155Z] Checked if tokens are valid: true, expires at: 1776743540023
[debug] [2026-04-21T02:52:22.155Z] >>> [apiv2][query] GET https://kottage-v2-default-rtdb.firebaseio.com/events.json 
[debug] [2026-04-21T02:52:22.445Z] <<< [apiv2][status] GET https://kottage-v2-default-rtdb.firebaseio.com/events.json 200
[debug] [2026-04-21T03:01:40.877Z] ----------------------------------------------------------------------
[debug] [2026-04-21T03:01:40.880Z] Command:       C:\Program Files\nodejs\node.exe C:\Users\ravan\AppData\Roaming\npm\node_modules\firebase-tools\lib\bin\firebase.js database:get /events/camp-porti-2026/images --project kottage-v2
[debug] [2026-04-21T03:01:40.881Z] CLI Version:   14.10.1
[debug] [2026-04-21T03:01:40.881Z] Platform:      win32
[debug] [2026-04-21T03:01:40.881Z] Node Version:  v24.13.0
[debug] [2026-04-21T03:01:40.881Z] Time:          Mon Apr 20 2026 23:01:40 GMT-0400 (Eastern Daylight Time)
[debug] [2026-04-21T03:01:40.882Z] ----------------------------------------------------------------------
[debug] 
[debug] [2026-04-21T03:01:41.096Z] > command requires scopes: ["email","openid","https://www.googleapis.com/auth/cloudplatformprojects.readonly","https://www.googleapis.com/auth/firebase","https://www.googleapis.com/auth/cloud-platform"]
[debug] [2026-04-21T03:01:41.097Z] > authorizing via signed-in user (lewislamar20@gmail.com)
[debug] [2026-04-21T03:01:41.097Z] [iam] checking project kottage-v2 for permissions ["firebase.projects.get","firebasedatabase.instances.get"]
[debug] [2026-04-21T03:01:41.099Z] Checked if tokens are valid: true, expires at: 1776743540023
[debug] [2026-04-21T03:01:41.099Z] Checked if tokens are valid: true, expires at: 1776743540023
[debug] [2026-04-21T03:01:41.102Z] >>> [apiv2][query] POST https://cloudresourcemanager.googleapis.com/v1/projects/kottage-v2:testIamPermissions [none]
[debug] [2026-04-21T03:01:41.102Z] >>> [apiv2][(partial)header] POST https://cloudresourcemanager.googleapis.com/v1/projects/kottage-v2:testIamPermissions x-goog-quota-user=projects/kottage-v2
[debug] [2026-04-21T03:01:41.103Z] >>> [apiv2][body] POST https://cloudresourcemanager.googleapis.com/v1/projects/kottage-v2:testIamPermissions {"permissions":["firebase.projects.get","firebasedatabase.instances.get"]}
[debug] [2026-04-21T03:01:41.409Z] <<< [apiv2][status] POST https://cloudresourcemanager.googleapis.com/v1/projects/kottage-v2:testIamPermissions 200
[debug] [2026-04-21T03:01:41.410Z] <<< [apiv2][body] POST https://cloudresourcemanager.googleapis.com/v1/projects/kottage-v2:testIamPermissions {"permissions":["firebase.projects.get","firebasedatabase.instances.get"]}
[debug] [2026-04-21T03:01:41.410Z] Checked if tokens are valid: true, expires at: 1776743540023
[debug] [2026-04-21T03:01:41.410Z] Checked if tokens are valid: true, expires at: 1776743540023
[debug] [2026-04-21T03:01:41.411Z] >>> [apiv2][query] GET https://firebase.googleapis.com/v1beta1/projects/kottage-v2 [none]
[debug] [2026-04-21T03:01:41.773Z] <<< [apiv2][status] GET https://firebase.googleapis.com/v1beta1/projects/kottage-v2 200
[debug] [2026-04-21T03:01:41.773Z] <<< [apiv2][body] GET https://firebase.googleapis.com/v1beta1/projects/kottage-v2 {"projectId":"kottage-v2","projectNumber":"850162149337","displayName":"Kottage v2","name":"projects/kottage-v2","resources":{"hostingSite":"kottage-v2","realtimeDatabaseInstance":"kottage-v2-default-rtdb","locationId":"us-central"},"state":"ACTIVE","etag":"1_8f76afd1-5df2-4c18-b00e-5d34905414bc"}
[debug] [2026-04-21T03:01:41.774Z] Checked if tokens are valid: true, expires at: 1776743540023
[debug] [2026-04-21T03:01:41.774Z] Checked if tokens are valid: true, expires at: 1776743540023
[debug] [2026-04-21T03:01:41.774Z] >>> [apiv2][query] GET https://firebasedatabase.googleapis.com/v1beta/projects/kottage-v2/locations/-/instances/kottage-v2-default-rtdb [none]
[debug] [2026-04-21T03:01:42.282Z] <<< [apiv2][status] GET https://firebasedatabase.googleapis.com/v1beta/projects/kottage-v2/locations/-/instances/kottage-v2-default-rtdb 200
[debug] [2026-04-21T03:01:42.282Z] <<< [apiv2][body] GET https://firebasedatabase.googleapis.com/v1beta/projects/kottage-v2/locations/-/instances/kottage-v2-default-rtdb {"name":"projects/850162149337/locations/us-central1/instances/kottage-v2-default-rtdb","project":"projects/850162149337","databaseUrl":"https://kottage-v2-default-rtdb.firebaseio.com","type":"DEFAULT_DATABASE","state":"ACTIVE"}
[debug] [2026-04-21T03:01:42.284Z] Checked if tokens are valid: true, expires at: 1776743540023
[debug] [2026-04-21T03:01:42.284Z] Checked if tokens are valid: true, expires at: 1776743540023
[debug] [2026-04-21T03:01:42.284Z] >>> [apiv2][query] GET https://kottage-v2-default-rtdb.firebaseio.com/events/camp-porti-2026/images.json 
[debug] [2026-04-21T03:01:42.603Z] <<< [apiv2][status] GET https://kottage-v2-default-rtdb.firebaseio.com/events/camp-porti-2026/images.json 200
[debug] [2026-04-21T17:27:27.037Z] ----------------------------------------------------------------------
[debug] [2026-04-21T17:27:27.041Z] Command:       C:\Program Files\nodejs\node.exe C:\Users\ravan\AppData\Roaming\npm\node_modules\firebase-tools\lib\bin\firebase.js database:get /events --project kottage-v2
[debug] [2026-04-21T17:27:27.041Z] CLI Version:   14.10.1
[debug] [2026-04-21T17:27:27.041Z] Platform:      win32
[debug] [2026-04-21T17:27:27.041Z] Node Version:  v24.13.0
[debug] [2026-04-21T17:27:27.042Z] Time:          Tue Apr 21 2026 13:27:27 GMT-0400 (Eastern Daylight Time)
[debug] [2026-04-21T17:27:27.042Z] ----------------------------------------------------------------------
[debug] 
[debug] [2026-04-21T17:27:27.183Z] > command requires scopes: ["email","openid","https://www.googleapis.com/auth/cloudplatformprojects.readonly","https://www.googleapis.com/auth/firebase","https://www.googleapis.com/auth/cloud-platform"]
[debug] [2026-04-21T17:27:27.184Z] > authorizing via signed-in user (lewislamar20@gmail.com)
[debug] [2026-04-21T17:27:27.184Z] [iam] checking project kottage-v2 for permissions ["firebase.projects.get","firebasedatabase.instances.get"]
[debug] [2026-04-21T17:27:27.185Z] Checked if tokens are valid: false, expires at: 1776743540023
[debug] [2026-04-21T17:27:27.185Z] Checked if tokens are valid: false, expires at: 1776743540023
[debug] [2026-04-21T17:27:27.186Z] > refreshing access token with scopes: []
[debug] [2026-04-21T17:27:27.188Z] >>> [apiv2][query] POST https://www.googleapis.com/oauth2/v3/token [none]
[debug] [2026-04-21T17:27:27.188Z] >>> [apiv2][body] POST https://www.googleapis.com/oauth2/v3/token [omitted]
[debug] [2026-04-21T17:27:27.416Z] <<< [apiv2][status] POST https://www.googleapis.com/oauth2/v3/token 200
[debug] [2026-04-21T17:27:27.416Z] <<< [apiv2][body] POST https://www.googleapis.com/oauth2/v3/token [omitted]
[debug] [2026-04-21T17:27:27.438Z] >>> [apiv2][query] POST https://cloudresourcemanager.googleapis.com/v1/projects/kottage-v2:testIamPermissions [none]
[debug] [2026-04-21T17:27:27.439Z] >>> [apiv2][(partial)header] POST https://cloudresourcemanager.googleapis.com/v1/projects/kottage-v2:testIamPermissions x-goog-quota-user=projects/kottage-v2
[debug] [2026-04-21T17:27:27.439Z] >>> [apiv2][body] POST https://cloudresourcemanager.googleapis.com/v1/projects/kottage-v2:testIamPermissions {"permissions":["firebase.projects.get","firebasedatabase.instances.get"]}
[debug] [2026-04-21T17:27:27.710Z] <<< [apiv2][status] POST https://cloudresourcemanager.googleapis.com/v1/projects/kottage-v2:testIamPermissions 200
[debug] [2026-04-21T17:27:27.711Z] <<< [apiv2][body] POST https://cloudresourcemanager.googleapis.com/v1/projects/kottage-v2:testIamPermissions {"permissions":["firebase.projects.get","firebasedatabase.instances.get"]}
[debug] [2026-04-21T17:27:27.711Z] Checked if tokens are valid: true, expires at: 1776796046416
[debug] [2026-04-21T17:27:27.711Z] Checked if tokens are valid: true, expires at: 1776796046416
[debug] [2026-04-21T17:27:27.712Z] >>> [apiv2][query] GET https://firebase.googleapis.com/v1beta1/projects/kottage-v2 [none]
[debug] [2026-04-21T17:27:28.221Z] <<< [apiv2][status] GET https://firebase.googleapis.com/v1beta1/projects/kottage-v2 200
[debug] [2026-04-21T17:27:28.221Z] <<< [apiv2][body] GET https://firebase.googleapis.com/v1beta1/projects/kottage-v2 {"projectId":"kottage-v2","projectNumber":"850162149337","displayName":"Kottage v2","name":"projects/kottage-v2","resources":{"hostingSite":"kottage-v2","realtimeDatabaseInstance":"kottage-v2-default-rtdb","locationId":"us-central"},"state":"ACTIVE","etag":"1_8f76afd1-5df2-4c18-b00e-5d34905414bc"}
[debug] [2026-04-21T17:27:28.222Z] Checked if tokens are valid: true, expires at: 1776796046416
[debug] [2026-04-21T17:27:28.222Z] Checked if tokens are valid: true, expires at: 1776796046416
[debug] [2026-04-21T17:27:28.222Z] >>> [apiv2][query] GET https://firebasedatabase.googleapis.com/v1beta/projects/kottage-v2/locations/-/instances/kottage-v2-default-rtdb [none]
[debug] [2026-04-21T17:27:28.712Z] <<< [apiv2][status] GET https://firebasedatabase.googleapis.com/v1beta/projects/kottage-v2/locations/-/instances/kottage-v2-default-rtdb 200
[debug] [2026-04-21T17:27:28.713Z] <<< [apiv2][body] GET https://firebasedatabase.googleapis.com/v1beta/projects/kottage-v2/locations/-/instances/kottage-v2-default-rtdb {"name":"projects/850162149337/locations/us-central1/instances/kottage-v2-default-rtdb","project":"projects/850162149337","databaseUrl":"https://kottage-v2-default-rtdb.firebaseio.com","type":"DEFAULT_DATABASE","state":"ACTIVE"}
[debug] [2026-04-21T17:27:28.714Z] Checked if tokens are valid: true, expires at: 1776796046416
[debug] [2026-04-21T17:27:28.715Z] Checked if tokens are valid: true, expires at: 1776796046416
[debug] [2026-04-21T17:27:28.715Z] >>> [apiv2][query] GET https://kottage-v2-default-rtdb.firebaseio.com/events.json 
[debug] [2026-04-21T17:27:29.013Z] <<< [apiv2][status] GET https://kottage-v2-default-rtdb.firebaseio.com/events.json 200
[debug] [2026-04-21T17:31:14.837Z] ----------------------------------------------------------------------
[debug] [2026-04-21T17:31:14.839Z] Command:       C:\Program Files\nodejs\node.exe C:\Users\ravan\AppData\Roaming\npm\node_modules\firebase-tools\lib\bin\firebase.js database:update /events tmp-approved-events.json --project kottage-v2
[debug] [2026-04-21T17:31:14.840Z] CLI Version:   14.10.1
[debug] [2026-04-21T17:31:14.840Z] Platform:      win32
[debug] [2026-04-21T17:31:14.840Z] Node Version:  v24.13.0
[debug] [2026-04-21T17:31:14.840Z] Time:          Tue Apr 21 2026 13:31:14 GMT-0400 (Eastern Daylight Time)
[debug] [2026-04-21T17:31:14.840Z] ----------------------------------------------------------------------
[debug] 
[debug] [2026-04-21T17:31:14.999Z] > command requires scopes: ["email","openid","https://www.googleapis.com/auth/cloudplatformprojects.readonly","https://www.googleapis.com/auth/firebase","https://www.googleapis.com/auth/cloud-platform"]
[debug] [2026-04-21T17:31:15.000Z] > authorizing via signed-in user (lewislamar20@gmail.com)
[debug] [2026-04-21T17:31:15.000Z] [iam] checking project kottage-v2 for permissions ["firebase.projects.get","firebasedatabase.instances.update"]
[debug] [2026-04-21T17:31:15.003Z] Checked if tokens are valid: true, expires at: 1776796046416
[debug] [2026-04-21T17:31:15.003Z] Checked if tokens are valid: true, expires at: 1776796046416
[debug] [2026-04-21T17:31:15.005Z] >>> [apiv2][query] POST https://cloudresourcemanager.googleapis.com/v1/projects/kottage-v2:testIamPermissions [none]
[debug] [2026-04-21T17:31:15.005Z] >>> [apiv2][(partial)header] POST https://cloudresourcemanager.googleapis.com/v1/projects/kottage-v2:testIamPermissions x-goog-quota-user=projects/kottage-v2
[debug] [2026-04-21T17:31:15.005Z] >>> [apiv2][body] POST https://cloudresourcemanager.googleapis.com/v1/projects/kottage-v2:testIamPermissions {"permissions":["firebase.projects.get","firebasedatabase.instances.update"]}
[debug] [2026-04-21T17:31:15.223Z] <<< [apiv2][status] POST https://cloudresourcemanager.googleapis.com/v1/projects/kottage-v2:testIamPermissions 200
[debug] [2026-04-21T17:31:15.223Z] <<< [apiv2][body] POST https://cloudresourcemanager.googleapis.com/v1/projects/kottage-v2:testIamPermissions {"permissions":["firebase.projects.get","firebasedatabase.instances.update"]}
[debug] [2026-04-21T17:31:15.224Z] Checked if tokens are valid: true, expires at: 1776796046416
[debug] [2026-04-21T17:31:15.224Z] Checked if tokens are valid: true, expires at: 1776796046416
[debug] [2026-04-21T17:31:15.224Z] >>> [apiv2][query] GET https://firebase.googleapis.com/v1beta1/projects/kottage-v2 [none]
[debug] [2026-04-21T17:31:15.530Z] <<< [apiv2][status] GET https://firebase.googleapis.com/v1beta1/projects/kottage-v2 200
[debug] [2026-04-21T17:31:15.531Z] <<< [apiv2][body] GET https://firebase.googleapis.com/v1beta1/projects/kottage-v2 {"projectId":"kottage-v2","projectNumber":"850162149337","displayName":"Kottage v2","name":"projects/kottage-v2","resources":{"hostingSite":"kottage-v2","realtimeDatabaseInstance":"kottage-v2-default-rtdb","locationId":"us-central"},"state":"ACTIVE","etag":"1_8f76afd1-5df2-4c18-b00e-5d34905414bc"}
[debug] [2026-04-21T17:31:15.531Z] Checked if tokens are valid: true, expires at: 1776796046416
[debug] [2026-04-21T17:31:15.531Z] Checked if tokens are valid: true, expires at: 1776796046416
[debug] [2026-04-21T17:31:15.532Z] >>> [apiv2][query] GET https://firebasedatabase.googleapis.com/v1beta/projects/kottage-v2/locations/-/instances/kottage-v2-default-rtdb [none]
[debug] [2026-04-21T17:31:16.150Z] <<< [apiv2][status] GET https://firebasedatabase.googleapis.com/v1beta/projects/kottage-v2/locations/-/instances/kottage-v2-default-rtdb 200
[debug] [2026-04-21T17:31:16.150Z] <<< [apiv2][body] GET https://firebasedatabase.googleapis.com/v1beta/projects/kottage-v2/locations/-/instances/kottage-v2-default-rtdb {"name":"projects/850162149337/locations/us-central1/instances/kottage-v2-default-rtdb","project":"projects/850162149337","databaseUrl":"https://kottage-v2-default-rtdb.firebaseio.com","type":"DEFAULT_DATABASE","state":"ACTIVE"}
[error] 
[error] Error: Command aborted.
[debug] [2026-04-21T17:31:33.572Z] ----------------------------------------------------------------------
[debug] [2026-04-21T17:31:33.577Z] Command:       C:\Program Files\nodejs\node.exe C:\Users\ravan\AppData\Roaming\npm\node_modules\firebase-tools\lib\bin\firebase.js database:update /events tmp-approved-events.json -f --project kottage-v2
[debug] [2026-04-21T17:31:33.578Z] CLI Version:   14.10.1
[debug] [2026-04-21T17:31:33.578Z] Platform:      win32
[debug] [2026-04-21T17:31:33.578Z] Node Version:  v24.13.0
[debug] [2026-04-21T17:31:33.578Z] Time:          Tue Apr 21 2026 13:31:33 GMT-0400 (Eastern Daylight Time)
[debug] [2026-04-21T17:31:33.579Z] ----------------------------------------------------------------------
[debug] 
[debug] [2026-04-21T17:31:33.733Z] > command requires scopes: ["email","openid","https://www.googleapis.com/auth/cloudplatformprojects.readonly","https://www.googleapis.com/auth/firebase","https://www.googleapis.com/auth/cloud-platform"]
[debug] [2026-04-21T17:31:33.734Z] > authorizing via signed-in user (lewislamar20@gmail.com)
[debug] [2026-04-21T17:31:33.734Z] [iam] checking project kottage-v2 for permissions ["firebase.projects.get","firebasedatabase.instances.update"]
[debug] [2026-04-21T17:31:33.736Z] Checked if tokens are valid: true, expires at: 1776796046416
[debug] [2026-04-21T17:31:33.736Z] Checked if tokens are valid: true, expires at: 1776796046416
[debug] [2026-04-21T17:31:33.737Z] >>> [apiv2][query] POST https://cloudresourcemanager.googleapis.com/v1/projects/kottage-v2:testIamPermissions [none]
[debug] [2026-04-21T17:31:33.737Z] >>> [apiv2][(partial)header] POST https://cloudresourcemanager.googleapis.com/v1/projects/kottage-v2:testIamPermissions x-goog-quota-user=projects/kottage-v2
[debug] [2026-04-21T17:31:33.737Z] >>> [apiv2][body] POST https://cloudresourcemanager.googleapis.com/v1/projects/kottage-v2:testIamPermissions {"permissions":["firebase.projects.get","firebasedatabase.instances.update"]}
[debug] [2026-04-21T17:31:34.010Z] <<< [apiv2][status] POST https://cloudresourcemanager.googleapis.com/v1/projects/kottage-v2:testIamPermissions 200
[debug] [2026-04-21T17:31:34.010Z] <<< [apiv2][body] POST https://cloudresourcemanager.googleapis.com/v1/projects/kottage-v2:testIamPermissions {"permissions":["firebase.projects.get","firebasedatabase.instances.update"]}
[debug] [2026-04-21T17:31:34.010Z] Checked if tokens are valid: true, expires at: 1776796046416
[debug] [2026-04-21T17:31:34.011Z] Checked if tokens are valid: true, expires at: 1776796046416
[debug] [2026-04-21T17:31:34.011Z] >>> [apiv2][query] GET https://firebase.googleapis.com/v1beta1/projects/kottage-v2 [none]
[debug] [2026-04-21T17:31:34.325Z] <<< [apiv2][status] GET https://firebase.googleapis.com/v1beta1/projects/kottage-v2 200
[debug] [2026-04-21T17:31:34.325Z] <<< [apiv2][body] GET https://firebase.googleapis.com/v1beta1/projects/kottage-v2 {"projectId":"kottage-v2","projectNumber":"850162149337","displayName":"Kottage v2","name":"projects/kottage-v2","resources":{"hostingSite":"kottage-v2","realtimeDatabaseInstance":"kottage-v2-default-rtdb","locationId":"us-central"},"state":"ACTIVE","etag":"1_8f76afd1-5df2-4c18-b00e-5d34905414bc"}
[debug] [2026-04-21T17:31:34.326Z] Checked if tokens are valid: true, expires at: 1776796046416
[debug] [2026-04-21T17:31:34.326Z] Checked if tokens are valid: true, expires at: 1776796046416
[debug] [2026-04-21T17:31:34.326Z] >>> [apiv2][query] GET https://firebasedatabase.googleapis.com/v1beta/projects/kottage-v2/locations/-/instances/kottage-v2-default-rtdb [none]
[debug] [2026-04-21T17:31:34.810Z] <<< [apiv2][status] GET https://firebasedatabase.googleapis.com/v1beta/projects/kottage-v2/locations/-/instances/kottage-v2-default-rtdb 200
[debug] [2026-04-21T17:31:34.811Z] <<< [apiv2][body] GET https://firebasedatabase.googleapis.com/v1beta/projects/kottage-v2/locations/-/instances/kottage-v2-default-rtdb {"name":"projects/850162149337/locations/us-central1/instances/kottage-v2-default-rtdb","project":"projects/850162149337","databaseUrl":"https://kottage-v2-default-rtdb.firebaseio.com","type":"DEFAULT_DATABASE","state":"ACTIVE"}
[debug] [2026-04-21T17:31:34.814Z] Checked if tokens are valid: true, expires at: 1776796046416
[debug] [2026-04-21T17:31:34.814Z] Checked if tokens are valid: true, expires at: 1776796046416
[debug] [2026-04-21T17:31:34.814Z] >>> [apiv2][query] PATCH https://kottage-v2-default-rtdb.firebaseio.com/events.json 
[debug] [2026-04-21T17:31:34.814Z] >>> [apiv2][body] PATCH https://kottage-v2-default-rtdb.firebaseio.com/events.json [stream]
[debug] [2026-04-21T17:31:35.210Z] <<< [apiv2][status] PATCH https://kottage-v2-default-rtdb.firebaseio.com/events.json 200
[debug] [2026-04-21T17:31:47.102Z] ----------------------------------------------------------------------
[debug] [2026-04-21T17:31:47.104Z] Command:       C:\Program Files\nodejs\node.exe C:\Users\ravan\AppData\Roaming\npm\node_modules\firebase-tools\lib\bin\firebase.js database:get /events --project kottage-v2
[debug] [2026-04-21T17:31:47.104Z] CLI Version:   14.10.1
[debug] [2026-04-21T17:31:47.104Z] Platform:      win32
[debug] [2026-04-21T17:31:47.104Z] Node Version:  v24.13.0
[debug] [2026-04-21T17:31:47.105Z] Time:          Tue Apr 21 2026 13:31:47 GMT-0400 (Eastern Daylight Time)
[debug] [2026-04-21T17:31:47.105Z] ----------------------------------------------------------------------
[debug] 
[debug] [2026-04-21T17:31:47.253Z] > command requires scopes: ["email","openid","https://www.googleapis.com/auth/cloudplatformprojects.readonly","https://www.googleapis.com/auth/firebase","https://www.googleapis.com/auth/cloud-platform"]
[debug] [2026-04-21T17:31:47.253Z] > authorizing via signed-in user (lewislamar20@gmail.com)
[debug] [2026-04-21T17:31:47.254Z] [iam] checking project kottage-v2 for permissions ["firebase.projects.get","firebasedatabase.instances.get"]
[debug] [2026-04-21T17:31:47.255Z] Checked if tokens are valid: true, expires at: 1776796046416
[debug] [2026-04-21T17:31:47.255Z] Checked if tokens are valid: true, expires at: 1776796046416
[debug] [2026-04-21T17:31:47.256Z] >>> [apiv2][query] POST https://cloudresourcemanager.googleapis.com/v1/projects/kottage-v2:testIamPermissions [none]
[debug] [2026-04-21T17:31:47.256Z] >>> [apiv2][(partial)header] POST https://cloudresourcemanager.googleapis.com/v1/projects/kottage-v2:testIamPermissions x-goog-quota-user=projects/kottage-v2
[debug] [2026-04-21T17:31:47.256Z] >>> [apiv2][body] POST https://cloudresourcemanager.googleapis.com/v1/projects/kottage-v2:testIamPermissions {"permissions":["firebase.projects.get","firebasedatabase.instances.get"]}
[debug] [2026-04-21T17:31:47.552Z] <<< [apiv2][status] POST https://cloudresourcemanager.googleapis.com/v1/projects/kottage-v2:testIamPermissions 200
[debug] [2026-04-21T17:31:47.553Z] <<< [apiv2][body] POST https://cloudresourcemanager.googleapis.com/v1/projects/kottage-v2:testIamPermissions {"permissions":["firebase.projects.get","firebasedatabase.instances.get"]}
[debug] [2026-04-21T17:31:47.553Z] Checked if tokens are valid: true, expires at: 1776796046416
[debug] [2026-04-21T17:31:47.553Z] Checked if tokens are valid: true, expires at: 1776796046416
[debug] [2026-04-21T17:31:47.553Z] >>> [apiv2][query] GET https://firebase.googleapis.com/v1beta1/projects/kottage-v2 [none]
[debug] [2026-04-21T17:31:47.816Z] <<< [apiv2][status] GET https://firebase.googleapis.com/v1beta1/projects/kottage-v2 200
[debug] [2026-04-21T17:31:47.816Z] <<< [apiv2][body] GET https://firebase.googleapis.com/v1beta1/projects/kottage-v2 {"projectId":"kottage-v2","projectNumber":"850162149337","displayName":"Kottage v2","name":"projects/kottage-v2","resources":{"hostingSite":"kottage-v2","realtimeDatabaseInstance":"kottage-v2-default-rtdb","locationId":"us-central"},"state":"ACTIVE","etag":"1_8f76afd1-5df2-4c18-b00e-5d34905414bc"}
[debug] [2026-04-21T17:31:47.817Z] Checked if tokens are valid: true, expires at: 1776796046416
[debug] [2026-04-21T17:31:47.817Z] Checked if tokens are valid: true, expires at: 1776796046416
[debug] [2026-04-21T17:31:47.817Z] >>> [apiv2][query] GET https://firebasedatabase.googleapis.com/v1beta/projects/kottage-v2/locations/-/instances/kottage-v2-default-rtdb [none]
[debug] [2026-04-21T17:31:48.286Z] <<< [apiv2][status] GET https://firebasedatabase.googleapis.com/v1beta/projects/kottage-v2/locations/-/instances/kottage-v2-default-rtdb 200
[debug] [2026-04-21T17:31:48.286Z] <<< [apiv2][body] GET https://firebasedatabase.googleapis.com/v1beta/projects/kottage-v2/locations/-/instances/kottage-v2-default-rtdb {"name":"projects/850162149337/locations/us-central1/instances/kottage-v2-default-rtdb","project":"projects/850162149337","databaseUrl":"https://kottage-v2-default-rtdb.firebaseio.com","type":"DEFAULT_DATABASE","state":"ACTIVE"}
[debug] [2026-04-21T17:31:48.288Z] Checked if tokens are valid: true, expires at: 1776796046416
[debug] [2026-04-21T17:31:48.288Z] Checked if tokens are valid: true, expires at: 1776796046416
[debug] [2026-04-21T17:31:48.288Z] >>> [apiv2][query] GET https://kottage-v2-default-rtdb.firebaseio.com/events.json 
[debug] [2026-04-21T17:31:48.588Z] <<< [apiv2][status] GET https://kottage-v2-default-rtdb.firebaseio.com/events.json 200
[debug] [2026-04-22T01:54:54.808Z] ----------------------------------------------------------------------
[debug] [2026-04-22T01:54:54.811Z] Command:       C:\Program Files\nodejs\node.exe C:\Users\ravan\AppData\Roaming\npm\node_modules\firebase-tools\lib\bin\firebase.js deploy --only functions,hosting --project kottage-v2
[debug] [2026-04-22T01:54:54.811Z] CLI Version:   14.10.1
[debug] [2026-04-22T01:54:54.812Z] Platform:      win32
[debug] [2026-04-22T01:54:54.812Z] Node Version:  v24.13.0
[debug] [2026-04-22T01:54:54.812Z] Time:          Tue Apr 21 2026 21:54:54 GMT-0400 (Eastern Daylight Time)
[debug] [2026-04-22T01:54:54.812Z] ----------------------------------------------------------------------
[debug] 
[debug] [2026-04-22T01:54:54.814Z] >>> [apiv2][query] GET https://firebase-public.firebaseio.com/cli.json [none]
[debug] [2026-04-22T01:54:55.005Z] > command requires scopes: ["email","openid","https://www.googleapis.com/auth/cloudplatformprojects.readonly","https://www.googleapis.com/auth/firebase","https://www.googleapis.com/auth/cloud-platform"]
[debug] [2026-04-22T01:54:55.005Z] > authorizing via signed-in user (lewislamar20@gmail.com)
[debug] [2026-04-22T01:54:55.006Z] [iam] checking project kottage-v2 for permissions ["cloudfunctions.functions.create","cloudfunctions.functions.delete","cloudfunctions.functions.get","cloudfunctions.functions.list","cloudfunctions.functions.update","cloudfunctions.operations.get","firebase.projects.get","firebasehosting.sites.update"]
[debug] [2026-04-22T01:54:55.006Z] Checked if tokens are valid: false, expires at: 1776796046416
[debug] [2026-04-22T01:54:55.007Z] Checked if tokens are valid: false, expires at: 1776796046416
[debug] [2026-04-22T01:54:55.007Z] > refreshing access token with scopes: []
[debug] [2026-04-22T01:54:55.008Z] >>> [apiv2][query] POST https://www.googleapis.com/oauth2/v3/token [none]
[debug] [2026-04-22T01:54:55.008Z] >>> [apiv2][body] POST https://www.googleapis.com/oauth2/v3/token [omitted]
[debug] [2026-04-22T01:54:55.243Z] <<< [apiv2][status] POST https://www.googleapis.com/oauth2/v3/token 200
[debug] [2026-04-22T01:54:55.244Z] <<< [apiv2][body] POST https://www.googleapis.com/oauth2/v3/token [omitted]
[debug] [2026-04-22T01:54:55.250Z] >>> [apiv2][query] POST https://cloudresourcemanager.googleapis.com/v1/projects/kottage-v2:testIamPermissions [none]
[debug] [2026-04-22T01:54:55.251Z] >>> [apiv2][(partial)header] POST https://cloudresourcemanager.googleapis.com/v1/projects/kottage-v2:testIamPermissions x-goog-quota-user=projects/kottage-v2
[debug] [2026-04-22T01:54:55.251Z] >>> [apiv2][body] POST https://cloudresourcemanager.googleapis.com/v1/projects/kottage-v2:testIamPermissions {"permissions":["cloudfunctions.functions.create","cloudfunctions.functions.delete","cloudfunctions.functions.get","cloudfunctions.functions.list","cloudfunctions.functions.update","cloudfunctions.operations.get","firebase.projects.get","firebasehosting.sites.update"]}
[debug] [2026-04-22T01:54:55.293Z] <<< [apiv2][status] GET https://firebase-public.firebaseio.com/cli.json 200
[debug] [2026-04-22T01:54:55.294Z] <<< [apiv2][body] GET https://firebase-public.firebaseio.com/cli.json {"cloudBuildErrorAfter":1594252800000,"cloudBuildWarnAfter":1590019200000,"defaultNode10After":1594252800000,"minVersion":"3.0.5","node8DeploysDisabledAfter":1613390400000,"node8RuntimeDisabledAfter":1615809600000,"node8WarnAfter":1600128000000}
[debug] [2026-04-22T01:54:55.571Z] <<< [apiv2][status] POST https://cloudresourcemanager.googleapis.com/v1/projects/kottage-v2:testIamPermissions 200
[debug] [2026-04-22T01:54:55.571Z] <<< [apiv2][body] POST https://cloudresourcemanager.googleapis.com/v1/projects/kottage-v2:testIamPermissions {"permissions":["cloudfunctions.functions.create","cloudfunctions.functions.delete","cloudfunctions.functions.get","cloudfunctions.functions.list","cloudfunctions.functions.update","cloudfunctions.operations.get","firebase.projects.get","firebasehosting.sites.update"]}
[debug] [2026-04-22T01:54:55.572Z] Checked if tokens are valid: true, expires at: 1776826494244
[debug] [2026-04-22T01:54:55.572Z] Checked if tokens are valid: true, expires at: 1776826494244
[debug] [2026-04-22T01:54:55.572Z] >>> [apiv2][query] POST https://iam.googleapis.com/v1/projects/kottage-v2/serviceAccounts/kottage-v2@appspot.gserviceaccount.com:testIamPermissions [none]
[debug] [2026-04-22T01:54:55.572Z] >>> [apiv2][body] POST https://iam.googleapis.com/v1/projects/kottage-v2/serviceAccounts/kottage-v2@appspot.gserviceaccount.com:testIamPermissions {"permissions":["iam.serviceAccounts.actAs"]}
[debug] [2026-04-22T01:54:55.906Z] <<< [apiv2][status] POST https://iam.googleapis.com/v1/projects/kottage-v2/serviceAccounts/kottage-v2@appspot.gserviceaccount.com:testIamPermissions 200
[debug] [2026-04-22T01:54:55.906Z] <<< [apiv2][body] POST https://iam.googleapis.com/v1/projects/kottage-v2/serviceAccounts/kottage-v2@appspot.gserviceaccount.com:testIamPermissions {"permissions":["iam.serviceAccounts.actAs"]}
[debug] [2026-04-22T01:54:55.908Z] Checked if tokens are valid: true, expires at: 1776826494244
[debug] [2026-04-22T01:54:55.908Z] Checked if tokens are valid: true, expires at: 1776826494244
[debug] [2026-04-22T01:54:55.909Z] >>> [apiv2][query] GET https://firebase.googleapis.com/v1beta1/projects/kottage-v2 [none]
[debug] [2026-04-22T01:54:56.325Z] <<< [apiv2][status] GET https://firebase.googleapis.com/v1beta1/projects/kottage-v2 200
[debug] [2026-04-22T01:54:56.326Z] <<< [apiv2][body] GET https://firebase.googleapis.com/v1beta1/projects/kottage-v2 {"projectId":"kottage-v2","projectNumber":"850162149337","displayName":"Kottage v2","name":"projects/kottage-v2","resources":{"hostingSite":"kottage-v2","realtimeDatabaseInstance":"kottage-v2-default-rtdb","locationId":"us-central"},"state":"ACTIVE","etag":"1_8f76afd1-5df2-4c18-b00e-5d34905414bc"}
[info] 
[info] === Deploying to 'kottage-v2'...
[info] 
[info] i  deploying functions, hosting 
[info] Running command: npm --prefix "$RESOURCE_DIR" run lint
[info] Running command: npm --prefix "$RESOURCE_DIR" run build
[info] +  functions: Finished running predeploy script. 
[debug] [2026-04-22T01:55:01.941Z] Checked if tokens are valid: true, expires at: 1776826494244
[debug] [2026-04-22T01:55:01.941Z] Checked if tokens are valid: true, expires at: 1776826494244
[debug] [2026-04-22T01:55:01.942Z] >>> [apiv2][query] GET https://cloudresourcemanager.googleapis.com/v1/projects/kottage-v2 [none]
[debug] [2026-04-22T01:55:02.268Z] <<< [apiv2][status] GET https://cloudresourcemanager.googleapis.com/v1/projects/kottage-v2 200
[debug] [2026-04-22T01:55:02.268Z] <<< [apiv2][body] GET https://cloudresourcemanager.googleapis.com/v1/projects/kottage-v2 {"projectNumber":"850162149337","projectId":"kottage-v2","lifecycleState":"ACTIVE","name":"Kottage v2","labels":{"firebase":"enabled"},"createTime":"2023-06-30T04:32:24.924285Z"}
[info] i  functions: preparing codebase default for deployment 
[info] i  functions: ensuring required API cloudfunctions.googleapis.com is enabled... 
[info] i  functions: ensuring required API cloudbuild.googleapis.com is enabled... 
[info] i  artifactregistry: ensuring required API artifactregistry.googleapis.com is enabled... 
[debug] [2026-04-22T01:55:02.272Z] Checked if tokens are valid: true, expires at: 1776826494244
[debug] [2026-04-22T01:55:02.272Z] Checked if tokens are valid: true, expires at: 1776826494244
[debug] [2026-04-22T01:55:02.272Z] >>> [apiv2][query] GET https://firebase.googleapis.com/v1beta1/projects/kottage-v2/adminSdkConfig [none]
[debug] [2026-04-22T01:55:02.738Z] <<< [apiv2][status] GET https://firebase.googleapis.com/v1beta1/projects/kottage-v2/adminSdkConfig 200
[debug] [2026-04-22T01:55:02.738Z] <<< [apiv2][body] GET https://firebase.googleapis.com/v1beta1/projects/kottage-v2/adminSdkConfig {"projectId":"kottage-v2","databaseURL":"https://kottage-v2-default-rtdb.firebaseio.com","storageBucket":"kottage-v2.appspot.com","locationId":"us-central"}
[debug] [2026-04-22T01:55:02.739Z] Checked if tokens are valid: true, expires at: 1776826494244
[debug] [2026-04-22T01:55:02.739Z] Checked if tokens are valid: true, expires at: 1776826494244
[debug] [2026-04-22T01:55:02.739Z] >>> [apiv2][query] GET https://runtimeconfig.googleapis.com/v1beta1/projects/kottage-v2/configs [none]
[debug] [2026-04-22T01:55:03.065Z] <<< [apiv2][status] GET https://runtimeconfig.googleapis.com/v1beta1/projects/kottage-v2/configs 200
[debug] [2026-04-22T01:55:03.065Z] <<< [apiv2][body] GET https://runtimeconfig.googleapis.com/v1beta1/projects/kottage-v2/configs {}
[debug] [2026-04-22T01:55:03.067Z] Validating nodejs source
[warn] !  functions: package.json indicates an outdated version of firebase-functions. Please upgrade using npm install --save firebase-functions@latest in your functions directory. 
[warn] !  functions: Please note that there will be breaking changes when you upgrade. 
[debug] [2026-04-22T01:55:03.977Z] > [functions] package.json contents: {
  "name": "functions",
  "scripts": {
    "lint": "echo 'Skipping lint for deployment'",
    "build": "tsc",
    "build:watch": "tsc --watch",
    "serve": "npm run build && firebase emulators:start --only functions",
    "shell": "npm run build && firebase functions:shell",
    "start": "npm run shell",
    "deploy": "firebase deploy --only functions",
    "logs": "firebase functions:log"
  },
  "engines": {
    "node": "22"
  },
  "main": "lib/index.js",
  "dependencies": {
    "firebase-admin": "^12.6.0",
    "firebase-functions": "^6.0.1"
  },
  "devDependencies": {
    "@typescript-eslint/eslint-plugin": "^5.12.0",
    "@typescript-eslint/parser": "^5.12.0",
    "eslint": "^8.9.0",
    "eslint-config-google": "^0.14.0",
    "eslint-plugin-import": "^2.25.4",
    "firebase-functions-test": "^3.1.0",
    "typescript": "^5.7.3"
  },
  "private": true
}
[debug] [2026-04-22T01:55:03.977Z] Building nodejs source
[info] i  functions: Loading and analyzing source code for codebase default to determine what to deploy 
[debug] [2026-04-22T01:55:03.979Z] Could not find functions.yaml. Must use http discovery
[debug] [2026-04-22T01:55:03.987Z] Found firebase-functions binary at 'C:\Users\ravan\Kottagev2\functions\node_modules\.bin\firebase-functions'
[info] Serving at port 8492

[debug] [2026-04-22T01:55:04.816Z] Got response from /__/functions.yaml {"endpoints":{"updatePropertyRating":{"availableMemoryMb":null,"timeoutSeconds":null,"minInstances":null,"maxInstances":10,"ingressSettings":null,"concurrency":null,"serviceAccountEmail":null,"vpc":null,"platform":"gcfv2","region":["us-central1"],"labels":{},"eventTrigger":{"eventType":"google.firebase.database.ref.v1.written","eventFilters":{},"eventFilterPathPatterns":{"ref":"reviews/{propertyId}/{reviewId}","instance":"*"},"retry":false},"entryPoint":"updatePropertyRating"},"setHostClaims":{"availableMemoryMb":null,"timeoutSeconds":null,"minInstances":null,"maxInstances":10,"ingressSettings":null,"concurrency":null,"serviceAccountEmail":null,"vpc":null,"platform":"gcfv2","labels":{},"callableTrigger":{},"entryPoint":"setHostClaims"},"setEmployeeClaims":{"availableMemoryMb":null,"timeoutSeconds":null,"minInstances":null,"maxInstances":10,"ingressSettings":null,"concurrency":null,"serviceAccountEmail":null,"vpc":null,"platform":"gcfv2","labels":{},"callableTrigger":{},"entryPoint":"setEmployeeClaims"},"getEmployees":{"availableMemoryMb":null,"timeoutSeconds":null,"minInstances":null,"maxInstances":null,"ingressSettings":null,"concurrency":null,"serviceAccountEmail":null,"vpc":null,"platform":"gcfv2","labels":{},"callableTrigger":{},"entryPoint":"getEmployees"},"searchEmployees":{"availableMemoryMb":null,"timeoutSeconds":null,"minInstances":null,"maxInstances":null,"ingressSettings":null,"concurrency":null,"serviceAccountEmail":null,"vpc":null,"platform":"gcfv2","labels":{},"callableTrigger":{},"entryPoint":"searchEmployees"},"getEmployeeStats":{"availableMemoryMb":null,"timeoutSeconds":null,"minInstances":null,"maxInstances":null,"ingressSettings":null,"concurrency":null,"serviceAccountEmail":null,"vpc":null,"platform":"gcfv2","labels":{},"callableTrigger":{},"entryPoint":"getEmployeeStats"},"getEmployeeById":{"availableMemoryMb":null,"timeoutSeconds":null,"minInstances":null,"maxInstances":null,"ingressSettings":null,"concurrency":null,"serviceAccountEmail":null,"vpc":null,"platform":"gcfv2","labels":{},"callableTrigger":{},"entryPoint":"getEmployeeById"},"createEmployee":{"availableMemoryMb":null,"timeoutSeconds":null,"minInstances":null,"maxInstances":null,"ingressSettings":null,"concurrency":null,"serviceAccountEmail":null,"vpc":null,"platform":"gcfv2","labels":{},"callableTrigger":{},"entryPoint":"createEmployee"},"trackUserInteraction":{"availableMemoryMb":null,"timeoutSeconds":null,"minInstances":null,"maxInstances":null,"ingressSettings":null,"concurrency":null,"serviceAccountEmail":null,"vpc":null,"platform":"gcfv2","labels":{},"callableTrigger":{},"entryPoint":"trackUserInteraction"},"updatePopularityScores":{"availableMemoryMb":null,"timeoutSeconds":null,"minInstances":null,"maxInstances":null,"ingressSettings":null,"concurrency":null,"serviceAccountEmail":null,"vpc":null,"platform":"gcfv2","labels":{},"scheduleTrigger":{"schedule":"0 2 * * *","retryConfig":{},"timeZone":"America/Jamaica"},"entryPoint":"updatePopularityScores"},"getPropertyAnalytics":{"availableMemoryMb":null,"timeoutSeconds":null,"minInstances":null,"maxInstances":null,"ingressSettings":null,"concurrency":null,"serviceAccountEmail":null,"vpc":null,"platform":"gcfv2","labels":{},"callableTrigger":{},"entryPoint":"getPropertyAnalytics"},"onBookingCreated":{"availableMemoryMb":null,"timeoutSeconds":null,"minInstances":null,"maxInstances":null,"ingressSettings":null,"concurrency":null,"serviceAccountEmail":null,"vpc":null,"platform":"gcfv2","region":["us-central1"],"labels":{},"eventTrigger":{"eventType":"google.firebase.database.ref.v1.written","eventFilters":{},"eventFilterPathPatterns":{"ref":"bookings/{bookingId}","instance":"*"},"retry":false},"entryPoint":"onBookingCreated"},"tickets":{"availableMemoryMb":null,"timeoutSeconds":null,"minInstances":null,"maxInstances":null,"ingressSettings":null,"concurrency":null,"serviceAccountEmail":null,"vpc":null,"platform":"gcfv2","region":["us-central1"],"labels":{},"httpsTrigger":{},"entryPoint":"tickets"}},"specVersion":"v1alpha1","requiredAPIs":[{"api":"cloudscheduler.googleapis.com","reason":"Needed for scheduled functions."}],"extensions":{}}
[info] i  extensions: ensuring required API firebaseextensions.googleapis.com is enabled... 
[debug] [2026-04-22T01:55:08.863Z] > command requires scopes: ["email","openid","https://www.googleapis.com/auth/cloudplatformprojects.readonly","https://www.googleapis.com/auth/firebase","https://www.googleapis.com/auth/cloud-platform"]
[debug] [2026-04-22T01:55:08.863Z] > authorizing via signed-in user (lewislamar20@gmail.com)
[debug] [2026-04-22T01:55:08.863Z] [iam] checking project kottage-v2 for permissions ["firebase.projects.get","firebaseextensions.instances.list"]
[debug] [2026-04-22T01:55:08.864Z] Checked if tokens are valid: true, expires at: 1776826494244
[debug] [2026-04-22T01:55:08.864Z] Checked if tokens are valid: true, expires at: 1776826494244
[debug] [2026-04-22T01:55:08.864Z] >>> [apiv2][query] POST https://cloudresourcemanager.googleapis.com/v1/projects/kottage-v2:testIamPermissions [none]
[debug] [2026-04-22T01:55:08.864Z] >>> [apiv2][(partial)header] POST https://cloudresourcemanager.googleapis.com/v1/projects/kottage-v2:testIamPermissions x-goog-quota-user=projects/kottage-v2
[debug] [2026-04-22T01:55:08.864Z] >>> [apiv2][body] POST https://cloudresourcemanager.googleapis.com/v1/projects/kottage-v2:testIamPermissions {"permissions":["firebase.projects.get","firebaseextensions.instances.list"]}
[debug] [2026-04-22T01:55:09.112Z] <<< [apiv2][status] POST https://cloudresourcemanager.googleapis.com/v1/projects/kottage-v2:testIamPermissions 200
[debug] [2026-04-22T01:55:09.112Z] <<< [apiv2][body] POST https://cloudresourcemanager.googleapis.com/v1/projects/kottage-v2:testIamPermissions {"permissions":["firebase.projects.get","firebaseextensions.instances.list"]}
[debug] [2026-04-22T01:55:09.113Z] Checked if tokens are valid: true, expires at: 1776826494244
[debug] [2026-04-22T01:55:09.113Z] Checked if tokens are valid: true, expires at: 1776826494244
[debug] [2026-04-22T01:55:09.113Z] >>> [apiv2][query] GET https://firebaseextensions.googleapis.com/v1beta/projects/kottage-v2/instances pageSize=100&pageToken=
[debug] [2026-04-22T01:55:09.689Z] <<< [apiv2][status] GET https://firebaseextensions.googleapis.com/v1beta/projects/kottage-v2/instances 200
[debug] [2026-04-22T01:55:09.690Z] <<< [apiv2][body] GET https://firebaseextensions.googleapis.com/v1beta/projects/kottage-v2/instances {"instances":[{"name":"projects/kottage-v2/instances/delete-user-data","createTime":"2025-07-20T06:28:45.750669Z","updateTime":"2025-07-20T06:33:11.185962Z","state":"ACTIVE","config":{"name":"projects/kottage-v2/instances/delete-user-data/configurations/65a07a7d-c830-49f5-a434-83d8dce944ac","createTime":"2025-07-20T06:28:45.750669Z","source":{"name":"projects/firebaseextensions/sources/859b7085-a1ba-40d5-a4cd-83d8db04bedd","packageUri":"https://storage.googleapis.com/firebase-extensions-packages-prod/firebase-delete-user-data-0.1.24-5e39363a-6c42-487f-98c8-7bd847ff693a.zip","hash":"a1cde85ede0db099ec3edb7e04730a567de35cedb04a96d59d2cb738051d2c91","extensionRoot":"/","spec":{"specVersion":"v1beta","name":"delete-user-data","version":"0.1.24","description":"Deletes data keyed on a userId from Cloud Firestore, Realtime Database, or Cloud Storage when a user deletes their account.","roles":[{"role":"datastore.owner","reason":"Allows the extension to delete (user) data from Cloud Firestore."},{"role":"firebasedatabase.admin","reason":"Allows the extension to delete (user) data from Realtime Database."},{"role":"storage.admin","reason":"Allows the extension to delete (user) data from Cloud Storage."},{"role":"pubsub.admin","reason":"Allows the extension to publish and subscribe to PubSub events. The extension uses PubSub to parallelize deletion and data discovery, no PubSub data is deleted."}],"resources":[{"name":"clearData","type":"firebaseextensions.v1beta.function","propertiesYaml":"eventTrigger:\n  eventType: providers/firebase.auth/eventTypes/user.delete\n  resource: projects/${param:PROJECT_ID}\nruntime: nodejs20\n","description":"Listens for user accounts to be deleted from your project's authenticated users, then removes any associated user data (based on Firebase Authentication's User ID) from Realtime Database, Cloud Firestore, and/or Cloud Storage.","deletionPolicy":"DELETE"},{"name":"handleSearch","type":"firebaseextensions.v1beta.function","propertiesYaml":"eventTrigger:\n  eventType: google.pubsub.topic.publish\n  resource: projects/${PROJECT_ID}/topics/ext-${EXT_INSTANCE_ID}-discovery\nruntime: nodejs20\n","deletionPolicy":"DELETE"},{"name":"handleDeletion","type":"firebaseextensions.v1beta.function","propertiesYaml":"eventTrigger:\n  eventType: google.pubsub.topic.publish\n  resource: projects/${PROJECT_ID}/topics/ext-${EXT_INSTANCE_ID}-deletion\nruntime: nodejs20\n","deletionPolicy":"DELETE"}],"billingRequired":true,"author":{"authorName":"Firebase","url":"https://firebase.google.com"},"contributors":[{"authorName":"Lauren Long","url":"https://github.com/laurenzlong"},{"authorName":"Chris Bianca","email":"chris@csfrequency.com","url":"https://github.com/chrisbianca"},{"authorName":"Invertase","email":"oss@invertase.io","url":"https://github.com/invertase"}],"license":"Apache-2.0","releaseNotesUrl":"https://github.com/firebase/extensions/blob/master/delete-user-data/CHANGELOG.md","sourceUrl":"https://github.com/firebase/extensions/tree/master/delete-user-data","params":[{"param":"FIRESTORE_PATHS","label":"Cloud Firestore paths","type":"STRING","description":"Which paths in your Cloud Firestore instance contain data keyed on a user ID? Leave empty if you don't use Cloud Firestore.\nEnter the full paths, separated by commas. Use `{UID}` as a placeholder for the user's UID.\nFor example, if you have the collections `users` and `admins`, and each collection has documents with User ID as document IDs, then enter `users/{UID},admins/{UID}`.","example":"users/{UID},admins/{UID}"},{"param":"FIRESTORE_DELETE_MODE","label":"Cloud Firestore delete mode","type":"SELECT","description":"(Only applicable if you use the `Cloud Firestore paths` parameter.) How do you want to delete Cloud Firestore documents? To also delete documents in subcollections, set this parameter to `recursive`.","required":true,"options":[{"value":"recursive","label":"Recursive"},{"value":"shallow","label":"Shallow"}],"default":"shallow"},{"param":"SELECTED_DATABASE_INSTANCE","label":"Realtime Database instance","type":"STRING","description":"What is the ID of the Realtime Database instance from which you want to delete user data (keyed on user ID)?\n","example":"my-instance","validationRegex":"^[^\\.\\$\\#\\]\\[\\/\\x00-\\x1F\\x7F]+$","validationErrorMessage":"Invalid database instance. Make sure that you have entered just the instance ID, and not the entire database URL."},{"param":"SELECTED_DATABASE_LOCATION","label":"Realtime Database location","type":"SELECT","description":"(Only applicable if you provided the `Realtime Database instance` parameter.) From which Realtime Database location do you want to delete data keyed on a user ID?\n","options":[{"value":"us-central1","label":"United States"},{"value":"europe-west1","label":"Belgium"},{"value":"asia-southeast1","label":"Singapore"}],"default":"us-central1"},{"param":"RTDB_PATHS","label":"Realtime Database paths","type":"STRING","description":"Which paths in your Realtime Database instance contain data keyed on a user ID? Leave empty if you don't use Realtime Database.\nEnter the full paths, separated by commas. Use `{UID}` as a placeholder for the user's UID.\nFor example: `users/{UID},admins/{UID}`.","example":"users/{UID},admins/{UID}"},{"param":"CLOUD_STORAGE_BUCKET","label":"Cloud Storage bucket","type":"STRING","description":"Which Google Cloud Storage bucket do you want to delete files from?\n","required":true,"default":"${STORAGE_BUCKET}","example":"my-project-12345.appspot.com","validationRegex":"^([0-9a-z_.-]*)$","validationErrorMessage":"Invalid storage bucket"},{"param":"STORAGE_PATHS","label":"Cloud Storage paths","type":"STRING","description":"Where in Google Cloud Storage do you store data keyed on a user ID? Leave empty if you don't use Cloud Storage.\nEnter the full paths to files or directories in your Storage buckets, separated by commas. Use `{UID}` to represent the User ID of the deleted user, and use `{DEFAULT}` to represent your default Storage bucket.\nHere's a series of examples. To delete all the files in your default bucket with the file naming scheme `{UID}-pic.png`, enter `{DEFAULT}/{UID}-pic.png`. To also delete all the files in another bucket called my-app-logs with the file naming scheme `{UID}-logs.txt`, enter `{DEFAULT}/{UID}-pic.png,my-app-logs/{UID}-logs.txt`. To *also* delete a User ID-labeled directory and all its files (like `media/{UID}`), enter `{DEFAULT}/{UID}-pic.png,my-app-logs/{UID}-logs.txt,{DEFAULT}/media/{UID}`.","example":"{DEFAULT}/{UID}-pic.png,my-awesome-app-logs/{UID}-logs.txt"},{"param":"ENABLE_AUTO_DISCOVERY","label":"Enable auto discovery","type":"SELECT","description":"Enable the extension to automatically discover Firestore collections and documents to delete.","required":true,"options":[{"value":"yes","label":"Yes"},{"value":"no","label":"No"}],"default":"no"},{"param":"AUTO_DISCOVERY_SEARCH_DEPTH","label":"Auto discovery search depth","type":"STRING","description":"If auto discovery is enabled, how deep should auto discovery find collections and documents. For example, setting to `1` would only discover root collections and documents, whereas setting to `9` would search sub-collections 9 levels deep. Defaults to `3`.","required":true,"default":"3"},{"param":"AUTO_DISCOVERY_SEARCH_FIELDS","label":"Auto discovery search fields","type":"STRING","description":"If auto discovery is enabled, specify what document fields are used to associate the UID with the document. The extension will delete documents where the value for one or more of these fields matches the deleting user’s UID. If left empty, document fields will not be used in auto discovery.","default":"id,uid,userId"},{"param":"SEARCH_FUNCTION","label":"Search function URL","type":"STRING","description":"Specify a URL to call that will return a list of document paths to delete. The extension will send a `POST` request to the specified `URL`, with the `uid` of the deleted user will be provided in the body of the request. The endpoint specified should return an array of firestore paths to delete.","example":"https://us-west1-my-project-id.cloudfunctions.net/myTransformFunction"}],"preinstallContent":"Use this extension to automatically delete certain data keyed on a user ID when the user is deleted from Firebase Authentication.\n\nYou can configure this extension to delete certain data keyed on a user ID from any or all of the following: Cloud Firestore, Realtime Database, or Cloud Storage. Each trigger of the extension to delete data is keyed to the user's UID.\n\nThis extension has a few different mechanisms for discovering data keyed on a user ID for deletion that you can configure during installation. These are outlined in the [official docs](https://firebase.google.com/docs/extensions/official/delete-user-data) for this extension. The extension will only delete data that it is explicitly configured to delete based on the mechanisms provided.\n\nTo use this extension, you need to manage your users with Firebase Authentication.\n\n**NOTE: This extension may be useful in helping you respect user privacy and fulfill compliance requirements you may be subject to. However, you are responsible for assessing and determining your compliance needs and obligations, and using this extension does not guarantee compliance with government and industry regulations.**\n\n#### Additional setup\n\nDepending on where you'd like to delete user data from, make sure that you've set up [Cloud Firestore](https://firebase.google.com/docs/firestore), [Realtime Database](https://firebase.google.com/docs/database), or [Cloud Storage](https://firebase.google.com/docs/storage) in your Firebase project before installing this extension.\n\nAlso, make sure that you've set up [Firebase Authentication](https://firebase.google.com/docs/auth) to manage your users.\n\n#### Billing\nTo install an extension, your project must be on the [Blaze (pay as you go) plan](https://firebase.google.com/pricing)\n \n- This extension uses other Firebase and Google Cloud Platform services, which have associated charges if you exceed the service’s no-cost tier:\n  - Cloud Firestore\n  - Firebase Realtime Database\n  - Cloud Storage\n  - Pubsub\n  - Cloud Functions (Node.js 10+ runtime. [See FAQs](https://firebase.google.com/support/faq#extensions-pricing))\n","postinstallContent":"### See it in action\n\nYou can test out this extension right away!\n\n1.  Go to your [Authentication dashboard](https://console.firebase.google.com/project/${param:PROJECT_ID}/authentication/users) in the Firebase console.\n\n1.  Click **Add User** to add a test user, then copy the test user's UID to your clipboard.\n\n1.  Create a new Cloud Firestore document, a new Realtime Database entry, or upload a new file to Storage - incorporating the user's UID into the path according to the schema that you configured.\n\n1.  Go back to your [Authentication dashboard](https://console.firebase.google.com/project/${param:PROJECT_ID}/authentication/users), then delete the test user.\n\n1.  In a few seconds, the new data you added above will be deleted from Cloud Firestore, Realtime Database, and/or Storage (depending on what you configured).\n\n### Monitoring\n\nAs a best practice, you can [monitor the activity](https://firebase.google.com/docs/extensions/manage-installed-extensions#monitor) of your installed extension, including checks on its health, usage, and logs.\n","readmeContent":"# Delete User Data\n\n**Author**: Firebase (**[https://firebase.google.com](https://firebase.google.com)**)\n\n**Description**: Deletes data keyed on a userId from Cloud Firestore, Realtime Database, or Cloud Storage when a user deletes their account.\n\n\n\n**Details**: Use this extension to automatically delete certain data keyed on a user ID when the user is deleted from Firebase Authentication.\n\nYou can configure this extension to delete certain data keyed on a user ID from any or all of the following: Cloud Firestore, Realtime Database, or Cloud Storage. Each trigger of the extension to delete data is keyed to the user's UID.\n\nThis extension has a few different mechanisms for discovering data keyed on a user ID for deletion that you can configure during installation. These are outlined in the [official docs](https://firebase.google.com/docs/extensions/official/delete-user-data) for this extension. The extension will only delete data that it is explicitly configured to delete based on the mechanisms provided.\n\nTo use this extension, you need to manage your users with Firebase Authentication.\n\n**NOTE: This extension may be useful in helping you respect user privacy and fulfill compliance requirements you may be subject to. However, you are responsible for assessing and determining your compliance needs and obligations, and using this extension does not guarantee compliance with government and industry regulations.**\n\n#### Additional setup\n\nDepending on where you'd like to delete user data from, make sure that you've set up [Cloud Firestore](https://firebase.google.com/docs/firestore), [Realtime Database](https://firebase.google.com/docs/database), or [Cloud Storage](https://firebase.google.com/docs/storage) in your Firebase project before installing this extension.\n\nAlso, make sure that you've set up [Firebase Authentication](https://firebase.google.com/docs/auth) to manage your users.\n\n#### Billing\nTo install an extension, your project must be on the [Blaze (pay as you go) plan](https://firebase.google.com/pricing)\n \n- This extension uses other Firebase and Google Cloud Platform services, which have associated charges if you exceed the service’s no-cost tier:\n  - Cloud Firestore\n  - Firebase Realtime Database\n  - Cloud Storage\n  - Pubsub\n  - Cloud Functions (Node.js 10+ runtime. [See FAQs](https://firebase.google.com/support/faq#extensions-pricing))\n\n\n\n\n**Configuration Parameters:**\n\n* Cloud Firestore paths: Which paths in your Cloud Firestore instance contain data keyed on a user ID? Leave empty if you don't use Cloud Firestore.\nEnter the full paths, separated by commas. Use `{UID}` as a placeholder for the user's UID.\nFor example, if you have the collections `users` and `admins`, and each collection has documents with User ID as document IDs, then enter `users/{UID},admins/{UID}`.\n\n* Cloud Firestore delete mode: (Only applicable if you use the `Cloud Firestore paths` parameter.) How do you want to delete Cloud Firestore documents? To also delete documents in subcollections, set this parameter to `recursive`.\n\n* Realtime Database instance: What is the ID of the Realtime Database instance from which you want to delete user data (keyed on user ID)?\n\n\n* Realtime Database location: (Only applicable if you provided the `Realtime Database instance` parameter.) From which Realtime Database location do you want to delete data keyed on a user ID?\n\n\n* Realtime Database paths: Which paths in your Realtime Database instance contain data keyed on a user ID? Leave empty if you don't use Realtime Database.\nEnter the full paths, separated by commas. Use `{UID}` as a placeholder for the user's UID.\nFor example: `users/{UID},admins/{UID}`.\n\n* Cloud Storage bucket: Which Google Cloud Storage bucket do you want to delete files from?\n\n\n* Cloud Storage paths: Where in Google Cloud Storage do you store data keyed on a user ID? Leave empty if you don't use Cloud Storage.\nEnter the full paths to files or directories in your Storage buckets, separated by commas. Use `{UID}` to represent the User ID of the deleted user, and use `{DEFAULT}` to represent your default Storage bucket.\nHere's a series of examples. To delete all the files in your default bucket with the file naming scheme `{UID}-pic.png`, enter `{DEFAULT}/{UID}-pic.png`. To also delete all the files in another bucket called my-app-logs with the file naming scheme `{UID}-logs.txt`, enter `{DEFAULT}/{UID}-pic.png,my-app-logs/{UID}-logs.txt`. To *also* delete a User ID-labeled directory and all its files (like `media/{UID}`), enter `{DEFAULT}/{UID}-pic.png,my-app-logs/{UID}-logs.txt,{DEFAULT}/media/{UID}`.\n\n* Enable auto discovery: Enable the extension to automatically discover Firestore collections and documents to delete.\n\n* Auto discovery search depth: If auto discovery is enabled, how deep should auto discovery find collections and documents. For example, setting to `1` would only discover root collections and documents, whereas setting to `9` would search sub-collections 9 levels deep. Defaults to `3`.\n\n* Auto discovery search fields: If auto discovery is enabled, specify what document fields are used to associate the UID with the document. The extension will delete documents where the value for one or more of these fields matches the deleting user’s UID. If left empty, document fields will not be used in auto discovery.\n\n* Search function URL: Specify a URL to call that will return a list of document paths to delete. The extension will send a `POST` request to the specified `URL`, with the `uid` of the deleted user will be provided in the body of the request. The endpoint specified should return an array of firestore paths to delete.\n\n\n\n**Cloud Functions:**\n\n* **clearData:** Listens for user accounts to be deleted from your project's authenticated users, then removes any associated user data (based on Firebase Authentication's User ID) from Realtime Database, Cloud Firestore, and/or Cloud Storage.\n\n* **handleSearch:** undefined\n\n* **handleDeletion:** undefined\n\n\n\n**Access Required**:\n\n\n\nThis extension will operate with the following project IAM roles:\n\n* datastore.owner (Reason: Allows the extension to delete (user) data from Cloud Firestore.)\n\n* firebasedatabase.admin (Reason: Allows the extension to delete (user) data from Realtime Database.)\n\n* storage.admin (Reason: Allows the extension to delete (user) data from Cloud Storage.)\n\n* pubsub.admin (Reason: Allows the extension to publish and subscribe to PubSub events. The extension uses PubSub to parallelize deletion and data discovery, no PubSub data is deleted.)\n","displayName":"Delete User Data","events":[{"type":"firebase.extensions.delete-user-data.v1.firestore","description":"Occurs when a set of Firestore paths has been marked for deletion following a delete user trigger."},{"type":"firebase.extensions.delete-user-data.v1.database","description":"Occurs when a set of Realtime Database paths has been marked for deletion following a delete user trigger."},{"type":"firebase.extensions.delete-user-data.v1.storage","description":"Occurs when a set of Storage paths has been marked for deletion following a delete user trigger."}]},"fetchTime":"2025-02-18T19:02:08.092834Z","lastOperationName":"projects/firebaseextensions/operations/73a3621a-9339-45d2-a48f-e3f6165ec7e9","state":"ACTIVE"},"params":{"FIRESTORE_DELETE_MODE":"shallow","SELECTED_DATABASE_LOCATION":"us-central1","CLOUD_STORAGE_BUCKET":"kottage-v2.appspot.com","ENABLE_AUTO_DISCOVERY":"no","AUTO_DISCOVERY_SEARCH_DEPTH":"3","AUTO_DISCOVERY_SEARCH_FIELDS":"id,uid,userId"},"populatedPostinstallContent":"### See it in action\n\nYou can test out this extension right away!\n\n1.  Go to your [Authentication dashboard](https://console.firebase.google.com/project/kottage-v2/authentication/users) in the Firebase console.\n\n1.  Click **Add User** to add a test user, then copy the test user's UID to your clipboard.\n\n1.  Create a new Cloud Firestore document, a new Realtime Database entry, or upload a new file to Storage - incorporating the user's UID into the path according to the schema that you configured.\n\n1.  Go back to your [Authentication dashboard](https://console.firebase.google.com/project/kottage-v2/authentication/users), then delete the test user.\n\n1.  In a few seconds, the new data you added above will be deleted from Cloud Firestore, Realtime Database, and/or Storage (depending on what you configured).\n\n### Monitoring\n\nAs a best practice, you can [monitor the activity](https://firebase.google.com/docs/extensions/manage-installed-extensions#monitor) of your installed extension, including checks on its health, usage, and logs.\n","extensionRef":"firebase/delete-user-data","extensionVersion":"0.1.24","systemParams":{"firebaseextensions.v1beta.function/vpcConnectorEgressSettings":"VPC_CONNECTOR_EGRESS_SETTINGS_UNSPECIFIED","firebaseextensions.v1beta.function/minInstances":"0","firebaseextensions.v1beta.function/location":"us-central1","firebaseextensions.v1beta.function/memory":"256"}},"lastOperationName":"projects/kottage-v2/operations/de64347e-cfe8-4fe4-a450-c2f49484402d","serviceAccountEmail":"ext-delete-user-data@kottage-v2.iam.gserviceaccount.com","lastOperationType":"CREATE","etag":"ca08aa4e3dc3f95e122c92513be54e4042d4130ca58ce90f8c2135b95cd53dce"}]}
[info] i  functions: preparing functions directory for uploading... 
[info] i  functions: packaged C:\Users\ravan\Kottagev2\functions (146.62 KB) for uploading 
[debug] [2026-04-22T01:55:09.799Z] Checked if tokens are valid: true, expires at: 1776826494244
[debug] [2026-04-22T01:55:09.799Z] Checked if tokens are valid: true, expires at: 1776826494244
[debug] [2026-04-22T01:55:09.799Z] >>> [apiv2][query] GET https://cloudfunctions.googleapis.com/v1/projects/kottage-v2/locations/-/functions [none]
[debug] [2026-04-22T01:55:10.613Z] <<< [apiv2][status] GET https://cloudfunctions.googleapis.com/v1/projects/kottage-v2/locations/-/functions 200
[debug] [2026-04-22T01:55:10.613Z] <<< [apiv2][body] GET https://cloudfunctions.googleapis.com/v1/projects/kottage-v2/locations/-/functions {"functions":[{"name":"projects/kottage-v2/locations/us-central1/functions/ext-delete-user-data-handleSearch","sourceArchiveUrl":"gs://firebase-mod-sources-prod/9143df043d9829f50156f53733a6499e6eab953c189cf4acce85decb69b4fb1d","eventTrigger":{"eventType":"google.pubsub.topic.publish","resource":"projects/kottage-v2/topics/ext-delete-user-data-discovery","service":"pubsub.googleapis.com","failurePolicy":{}},"status":"ACTIVE","entryPoint":"handleSearch","timeout":"60s","availableMemoryMb":256,"serviceAccountEmail":"ext-delete-user-data@kottage-v2.iam.gserviceaccount.com","updateTime":"2026-04-20T21:16:23.812658989Z","versionId":"2","labels":{"goog-dm":"firebase-ext-delete-user-data","goog-firebase-ext":"delete-user-data","deployment-tool":"firebase-extensions","goog-firebase-ext-iid":"delete-user-data","firebase-extensions-ar":"enabled"},"environmentVariables":{"AUTO_DISCOVERY_SEARCH_DEPTH":"3","AUTO_DISCOVERY_SEARCH_FIELDS":"id,uid,userId","CLOUD_STORAGE_BUCKET":"kottage-v2.appspot.com","DATABASE_INSTANCE":"kottage-v2-default-rtdb","DATABASE_URL":"https://kottage-v2-default-rtdb.firebaseio.com","ENABLE_AUTO_DISCOVERY":"no","EXT_INSTANCE_ID":"delete-user-data","FIREBASE_CONFIG":"{\"projectId\":\"kottage-v2\",\"databaseURL\":\"https://kottage-v2-default-rtdb.firebaseio.com\",\"storageBucket\":\"kottage-v2.appspot.com\"}","FIRESTORE_DELETE_MODE":"shallow","GCLOUD_PROJECT":"kottage-v2","LOCATION":"us-central1","PROJECT_ID":"kottage-v2","SELECTED_DATABASE_LOCATION":"us-central1","STORAGE_BUCKET":"kottage-v2.appspot.com"},"runtime":"nodejs20","maxInstances":3000,"ingressSettings":"ALLOW_INTERNAL_ONLY","buildId":"f78d531b-6f37-4945-ba7e-4e592c7174e5","buildEnvironmentVariables":{"GOOGLE_NODE_RUN_SCRIPTS":""},"buildName":"projects/850162149337/locations/us-central1/builds/f78d531b-6f37-4945-ba7e-4e592c7174e5","dockerRegistry":"ARTIFACT_REGISTRY","automaticUpdatePolicy":{},"buildServiceAccount":"projects/kottage-v2/serviceAccounts/850162149337-compute@developer.gserviceaccount.com","satisfiesPzi":true},{"name":"projects/kottage-v2/locations/us-central1/functions/ext-delete-user-data-clearData","description":"Listens for user accounts to be deleted from your project's authenticated users, then removes any associated user data (based on Firebase Authentication's User ID) from Realtime Database, Cloud Firestore, and/or Cloud Storage.","sourceArchiveUrl":"gs://firebase-mod-sources-prod/9143df043d9829f50156f53733a6499e6eab953c189cf4acce85decb69b4fb1d","eventTrigger":{"eventType":"providers/firebase.auth/eventTypes/user.delete","resource":"projects/kottage-v2","service":"firebaseauth.googleapis.com","failurePolicy":{}},"status":"ACTIVE","entryPoint":"clearData","timeout":"60s","availableMemoryMb":256,"serviceAccountEmail":"ext-delete-user-data@kottage-v2.iam.gserviceaccount.com","updateTime":"2026-04-20T21:16:23.957281984Z","versionId":"2","labels":{"goog-firebase-ext-iid":"delete-user-data","firebase-extensions-ar":"enabled","goog-dm":"firebase-ext-delete-user-data","goog-firebase-ext":"delete-user-data","deployment-tool":"firebase-extensions"},"environmentVariables":{"AUTO_DISCOVERY_SEARCH_DEPTH":"3","AUTO_DISCOVERY_SEARCH_FIELDS":"id,uid,userId","CLOUD_STORAGE_BUCKET":"kottage-v2.appspot.com","DATABASE_INSTANCE":"kottage-v2-default-rtdb","DATABASE_URL":"https://kottage-v2-default-rtdb.firebaseio.com","ENABLE_AUTO_DISCOVERY":"no","EXT_INSTANCE_ID":"delete-user-data","FIREBASE_CONFIG":"{\"projectId\":\"kottage-v2\",\"databaseURL\":\"https://kottage-v2-default-rtdb.firebaseio.com\",\"storageBucket\":\"kottage-v2.appspot.com\"}","FIRESTORE_DELETE_MODE":"shallow","GCLOUD_PROJECT":"kottage-v2","LOCATION":"us-central1","PROJECT_ID":"kottage-v2","SELECTED_DATABASE_LOCATION":"us-central1","STORAGE_BUCKET":"kottage-v2.appspot.com"},"runtime":"nodejs20","maxInstances":3000,"ingressSettings":"ALLOW_INTERNAL_ONLY","buildId":"e7c4f025-1de6-4467-8256-4c99436378fa","buildEnvironmentVariables":{"GOOGLE_NODE_RUN_SCRIPTS":""},"buildName":"projects/850162149337/locations/us-central1/builds/e7c4f025-1de6-4467-8256-4c99436378fa","dockerRegistry":"ARTIFACT_REGISTRY","automaticUpdatePolicy":{},"buildServiceAccount":"projects/kottage-v2/serviceAccounts/850162149337-compute@developer.gserviceaccount.com","satisfiesPzi":true},{"name":"projects/kottage-v2/locations/us-central1/functions/ext-delete-user-data-handleDeletion","sourceArchiveUrl":"gs://firebase-mod-sources-prod/9143df043d9829f50156f53733a6499e6eab953c189cf4acce85decb69b4fb1d","eventTrigger":{"eventType":"google.pubsub.topic.publish","resource":"projects/kottage-v2/topics/ext-delete-user-data-deletion","service":"pubsub.googleapis.com","failurePolicy":{}},"status":"ACTIVE","entryPoint":"handleDeletion","timeout":"60s","availableMemoryMb":256,"serviceAccountEmail":"ext-delete-user-data@kottage-v2.iam.gserviceaccount.com","updateTime":"2026-04-20T21:16:24.147595945Z","versionId":"2","labels":{"firebase-extensions-ar":"enabled","goog-dm":"firebase-ext-delete-user-data","goog-firebase-ext":"delete-user-data","deployment-tool":"firebase-extensions","goog-firebase-ext-iid":"delete-user-data"},"environmentVariables":{"AUTO_DISCOVERY_SEARCH_DEPTH":"3","AUTO_DISCOVERY_SEARCH_FIELDS":"id,uid,userId","CLOUD_STORAGE_BUCKET":"kottage-v2.appspot.com","DATABASE_INSTANCE":"kottage-v2-default-rtdb","DATABASE_URL":"https://kottage-v2-default-rtdb.firebaseio.com","ENABLE_AUTO_DISCOVERY":"no","EXT_INSTANCE_ID":"delete-user-data","FIREBASE_CONFIG":"{\"projectId\":\"kottage-v2\",\"databaseURL\":\"https://kottage-v2-default-rtdb.firebaseio.com\",\"storageBucket\":\"kottage-v2.appspot.com\"}","FIRESTORE_DELETE_MODE":"shallow","GCLOUD_PROJECT":"kottage-v2","LOCATION":"us-central1","PROJECT_ID":"kottage-v2","SELECTED_DATABASE_LOCATION":"us-central1","STORAGE_BUCKET":"kottage-v2.appspot.com"},"runtime":"nodejs20","maxInstances":3000,"ingressSettings":"ALLOW_INTERNAL_ONLY","buildId":"30826847-27d4-436b-8c42-27da8d1c4213","buildEnvironmentVariables":{"GOOGLE_NODE_RUN_SCRIPTS":""},"buildName":"projects/850162149337/locations/us-central1/builds/30826847-27d4-436b-8c42-27da8d1c4213","dockerRegistry":"ARTIFACT_REGISTRY","automaticUpdatePolicy":{},"buildServiceAccount":"projects/kottage-v2/serviceAccounts/850162149337-compute@developer.gserviceaccount.com","satisfiesPzi":true}]}
[debug] [2026-04-22T01:55:10.615Z] Checked if tokens are valid: true, expires at: 1776826494244
[debug] [2026-04-22T01:55:10.615Z] Checked if tokens are valid: true, expires at: 1776826494244
[debug] [2026-04-22T01:55:10.615Z] >>> [apiv2][query] GET https://cloudfunctions.googleapis.com/v2/projects/kottage-v2/locations/-/functions filter=environment%3D%22GEN_2%22
[debug] [2026-04-22T01:55:11.138Z] <<< [apiv2][status] GET https://cloudfunctions.googleapis.com/v2/projects/kottage-v2/locations/-/functions 200
[debug] [2026-04-22T01:55:11.138Z] <<< [apiv2][body] GET https://cloudfunctions.googleapis.com/v2/projects/kottage-v2/locations/-/functions {"functions":[{"name":"projects/kottage-v2/locations/us-central1/functions/onBookingCreated","buildConfig":{"build":"projects/850162149337/locations/us-central1/builds/fdb08f65-f43c-4ffc-a939-7321a4420937","runtime":"nodejs22","entryPoint":"onBookingCreated","source":{"storageSource":{"bucket":"gcf-v2-sources-850162149337-us-central1","object":"onBookingCreated/function-source.zip","generation":"1754620010959722"}},"environmentVariables":{"GOOGLE_NODE_RUN_SCRIPTS":""},"dockerRepository":"projects/kottage-v2/locations/us-central1/repositories/gcf-artifacts","sourceProvenance":{"resolvedStorageSource":{"bucket":"gcf-v2-sources-850162149337-us-central1","object":"onBookingCreated/function-source.zip","generation":"1754620010959722"}},"dockerRegistry":"ARTIFACT_REGISTRY","serviceAccount":"projects/kottage-v2/serviceAccounts/850162149337-compute@developer.gserviceaccount.com","automaticUpdatePolicy":{}},"serviceConfig":{"service":"projects/kottage-v2/locations/us-central1/services/onbookingcreated","timeoutSeconds":60,"environmentVariables":{"FIREBASE_CONFIG":"{\"projectId\":\"kottage-v2\",\"databaseURL\":\"https://kottage-v2-default-rtdb.firebaseio.com\",\"storageBucket\":\"kottage-v2.appspot.com\",\"locationId\":\"us-central\"}","GCLOUD_PROJECT":"kottage-v2","EVENTARC_CLOUD_EVENT_SOURCE":"projects/kottage-v2/locations/us-central1/services/onBookingCreated","FUNCTION_SIGNATURE_TYPE":"cloudevent","FUNCTION_TARGET":"onBookingCreated","LOG_EXECUTION_ID":"true"},"maxInstanceCount":20,"ingressSettings":"ALLOW_ALL","uri":"https://onbookingcreated-cxpwli2maq-uc.a.run.app","serviceAccountEmail":"850162149337-compute@developer.gserviceaccount.com","availableMemory":"256Mi","allTrafficOnLatestRevision":true,"revision":"onbookingcreated-00001-bap","maxInstanceRequestConcurrency":80,"availableCpu":"1"},"eventTrigger":{"trigger":"projects/kottage-v2/locations/us-central1/triggers/onbookingcreated-452417","triggerRegion":"us-central1","eventType":"google.firebase.database.ref.v1.written","eventFilters":[{"attribute":"instance","value":"*","operator":"match-path-pattern"},{"attribute":"ref","value":"bookings/{bookingId}","operator":"match-path-pattern"}],"pubsubTopic":"projects/kottage-v2/topics/eventarc-us-central1-onbookingcreated-452417-558","serviceAccountEmail":"850162149337-compute@developer.gserviceaccount.com","retryPolicy":"RETRY_POLICY_DO_NOT_RETRY"},"state":"ACTIVE","updateTime":"2026-04-20T21:16:24.003859964Z","labels":{"firebase-functions-hash":"f4cb6d5168b8261bb60912e46810da0e2a425f10","deployment-tool":"cli-firebase"},"environment":"GEN_2","url":"https://us-central1-kottage-v2.cloudfunctions.net/onBookingCreated","createTime":"2025-08-08T02:26:51.395467263Z","satisfiesPzi":true},{"name":"projects/kottage-v2/locations/us-central1/functions/updatePopularityScores","buildConfig":{"build":"projects/850162149337/locations/us-central1/builds/fdb08f65-f43c-4ffc-a939-7321a4420937","runtime":"nodejs22","entryPoint":"updatePopularityScores","source":{"storageSource":{"bucket":"gcf-v2-sources-850162149337-us-central1","object":"updatePopularityScores/function-source.zip","generation":"1754620010804676"}},"environmentVariables":{"GOOGLE_NODE_RUN_SCRIPTS":""},"dockerRepository":"projects/kottage-v2/locations/us-central1/repositories/gcf-artifacts","sourceProvenance":{"resolvedStorageSource":{"bucket":"gcf-v2-sources-850162149337-us-central1","object":"updatePopularityScores/function-source.zip","generation":"1754620010804676"}},"dockerRegistry":"ARTIFACT_REGISTRY","serviceAccount":"projects/kottage-v2/serviceAccounts/850162149337-compute@developer.gserviceaccount.com","automaticUpdatePolicy":{}},"serviceConfig":{"service":"projects/kottage-v2/locations/us-central1/services/updatepopularityscores","timeoutSeconds":60,"environmentVariables":{"FIREBASE_CONFIG":"{\"projectId\":\"kottage-v2\",\"databaseURL\":\"https://kottage-v2-default-rtdb.firebaseio.com\",\"storageBucket\":\"kottage-v2.appspot.com\",\"locationId\":\"us-central\"}","GCLOUD_PROJECT":"kottage-v2","EVENTARC_CLOUD_EVENT_SOURCE":"projects/kottage-v2/locations/us-central1/services/updatePopularityScores","FUNCTION_TARGET":"updatePopularityScores","LOG_EXECUTION_ID":"true","FUNCTION_SIGNATURE_TYPE":"http"},"maxInstanceCount":20,"ingressSettings":"ALLOW_ALL","uri":"https://updatepopularityscores-cxpwli2maq-uc.a.run.app","serviceAccountEmail":"850162149337-compute@developer.gserviceaccount.com","availableMemory":"256Mi","allTrafficOnLatestRevision":true,"revision":"updatepopularityscores-00001-yif","maxInstanceRequestConcurrency":80,"availableCpu":"1"},"state":"ACTIVE","updateTime":"2026-04-20T21:16:23.868924920Z","labels":{"deployment-tool":"cli-firebase","deployment-scheduled":"true","firebase-functions-hash":"f4cb6d5168b8261bb60912e46810da0e2a425f10"},"environment":"GEN_2","url":"https://us-central1-kottage-v2.cloudfunctions.net/updatePopularityScores","createTime":"2025-08-08T02:26:51.028462939Z","satisfiesPzi":true},{"name":"projects/kottage-v2/locations/us-central1/functions/searchEmployees","buildConfig":{"build":"projects/850162149337/locations/us-central1/builds/fdb08f65-f43c-4ffc-a939-7321a4420937","runtime":"nodejs22","entryPoint":"searchEmployees","source":{"storageSource":{"bucket":"gcf-v2-sources-850162149337-us-central1","object":"searchEmployees/function-source.zip","generation":"1754620011383725"}},"environmentVariables":{"GOOGLE_NODE_RUN_SCRIPTS":""},"dockerRepository":"projects/kottage-v2/locations/us-central1/repositories/gcf-artifacts","sourceProvenance":{"resolvedStorageSource":{"bucket":"gcf-v2-sources-850162149337-us-central1","object":"searchEmployees/function-source.zip","generation":"1754620011383725"}},"dockerRegistry":"ARTIFACT_REGISTRY","serviceAccount":"projects/kottage-v2/serviceAccounts/850162149337-compute@developer.gserviceaccount.com","automaticUpdatePolicy":{}},"serviceConfig":{"service":"projects/kottage-v2/locations/us-central1/services/searchemployees","timeoutSeconds":60,"environmentVariables":{"FIREBASE_CONFIG":"{\"projectId\":\"kottage-v2\",\"databaseURL\":\"https://kottage-v2-default-rtdb.firebaseio.com\",\"storageBucket\":\"kottage-v2.appspot.com\",\"locationId\":\"us-central\"}","GCLOUD_PROJECT":"kottage-v2","EVENTARC_CLOUD_EVENT_SOURCE":"projects/kottage-v2/locations/us-central1/services/searchEmployees","FUNCTION_TARGET":"searchEmployees","LOG_EXECUTION_ID":"true","FUNCTION_SIGNATURE_TYPE":"http"},"maxInstanceCount":20,"ingressSettings":"ALLOW_ALL","uri":"https://searchemployees-cxpwli2maq-uc.a.run.app","serviceAccountEmail":"850162149337-compute@developer.gserviceaccount.com","availableMemory":"256Mi","allTrafficOnLatestRevision":true,"revision":"searchemployees-00016-xaz","maxInstanceRequestConcurrency":80,"availableCpu":"1"},"state":"ACTIVE","updateTime":"2026-04-20T21:16:23.899325224Z","labels":{"firebase-functions-hash":"f4cb6d5168b8261bb60912e46810da0e2a425f10","deployment-tool":"cli-firebase","deployment-callable":"true"},"environment":"GEN_2","url":"https://us-central1-kottage-v2.cloudfunctions.net/searchEmployees","createTime":"2025-07-19T10:11:38.871824472Z","satisfiesPzi":true},{"name":"projects/kottage-v2/locations/us-central1/functions/getEmployeeById","buildConfig":{"build":"projects/850162149337/locations/us-central1/builds/fdb08f65-f43c-4ffc-a939-7321a4420937","runtime":"nodejs22","entryPoint":"getEmployeeById","source":{"storageSource":{"bucket":"gcf-v2-sources-850162149337-us-central1","object":"getEmployeeById/function-source.zip","generation":"1754620011367671"}},"environmentVariables":{"GOOGLE_NODE_RUN_SCRIPTS":""},"dockerRepository":"projects/kottage-v2/locations/us-central1/repositories/gcf-artifacts","sourceProvenance":{"resolvedStorageSource":{"bucket":"gcf-v2-sources-850162149337-us-central1","object":"getEmployeeById/function-source.zip","generation":"1754620011367671"}},"dockerRegistry":"ARTIFACT_REGISTRY","serviceAccount":"projects/kottage-v2/serviceAccounts/850162149337-compute@developer.gserviceaccount.com","automaticUpdatePolicy":{}},"serviceConfig":{"service":"projects/kottage-v2/locations/us-central1/services/getemployeebyid","timeoutSeconds":60,"environmentVariables":{"FIREBASE_CONFIG":"{\"projectId\":\"kottage-v2\",\"databaseURL\":\"https://kottage-v2-default-rtdb.firebaseio.com\",\"storageBucket\":\"kottage-v2.appspot.com\",\"locationId\":\"us-central\"}","GCLOUD_PROJECT":"kottage-v2","EVENTARC_CLOUD_EVENT_SOURCE":"projects/kottage-v2/locations/us-central1/services/getEmployeeById","FUNCTION_TARGET":"getEmployeeById","LOG_EXECUTION_ID":"true","FUNCTION_SIGNATURE_TYPE":"http"},"maxInstanceCount":20,"ingressSettings":"ALLOW_ALL","uri":"https://getemployeebyid-cxpwli2maq-uc.a.run.app","serviceAccountEmail":"850162149337-compute@developer.gserviceaccount.com","availableMemory":"256Mi","allTrafficOnLatestRevision":true,"revision":"getemployeebyid-00016-bov","maxInstanceRequestConcurrency":80,"availableCpu":"1"},"state":"ACTIVE","updateTime":"2026-04-20T21:16:23.952548336Z","labels":{"deployment-tool":"cli-firebase","deployment-callable":"true","firebase-functions-hash":"f4cb6d5168b8261bb60912e46810da0e2a425f10"},"environment":"GEN_2","url":"https://us-central1-kottage-v2.cloudfunctions.net/getEmployeeById","createTime":"2025-07-19T10:11:38.924293745Z","satisfiesPzi":true},{"name":"projects/kottage-v2/locations/us-central1/functions/getEmployeeStats","buildConfig":{"build":"projects/850162149337/locations/us-central1/builds/fdb08f65-f43c-4ffc-a939-7321a4420937","runtime":"nodejs22","entryPoint":"getEmployeeStats","source":{"storageSource":{"bucket":"gcf-v2-sources-850162149337-us-central1","object":"getEmployeeStats/function-source.zip","generation":"1754620011302274"}},"environmentVariables":{"GOOGLE_NODE_RUN_SCRIPTS":""},"dockerRepository":"projects/kottage-v2/locations/us-central1/repositories/gcf-artifacts","sourceProvenance":{"resolvedStorageSource":{"bucket":"gcf-v2-sources-850162149337-us-central1","object":"getEmployeeStats/function-source.zip","generation":"1754620011302274"}},"dockerRegistry":"ARTIFACT_REGISTRY","serviceAccount":"projects/kottage-v2/serviceAccounts/850162149337-compute@developer.gserviceaccount.com","automaticUpdatePolicy":{}},"serviceConfig":{"service":"projects/kottage-v2/locations/us-central1/services/getemployeestats","timeoutSeconds":60,"environmentVariables":{"FIREBASE_CONFIG":"{\"projectId\":\"kottage-v2\",\"databaseURL\":\"https://kottage-v2-default-rtdb.firebaseio.com\",\"storageBucket\":\"kottage-v2.appspot.com\",\"locationId\":\"us-central\"}","GCLOUD_PROJECT":"kottage-v2","EVENTARC_CLOUD_EVENT_SOURCE":"projects/kottage-v2/locations/us-central1/services/getEmployeeStats","FUNCTION_TARGET":"getEmployeeStats","LOG_EXECUTION_ID":"true","FUNCTION_SIGNATURE_TYPE":"http"},"maxInstanceCount":20,"ingressSettings":"ALLOW_ALL","uri":"https://getemployeestats-cxpwli2maq-uc.a.run.app","serviceAccountEmail":"850162149337-compute@developer.gserviceaccount.com","availableMemory":"256Mi","allTrafficOnLatestRevision":true,"revision":"getemployeestats-00016-xox","maxInstanceRequestConcurrency":80,"availableCpu":"1"},"state":"ACTIVE","updateTime":"2026-04-20T21:16:23.991500065Z","labels":{"deployment-tool":"cli-firebase","deployment-callable":"true","firebase-functions-hash":"f4cb6d5168b8261bb60912e46810da0e2a425f10"},"environment":"GEN_2","url":"https://us-central1-kottage-v2.cloudfunctions.net/getEmployeeStats","createTime":"2025-07-19T10:11:39.071632744Z","satisfiesPzi":true},{"name":"projects/kottage-v2/locations/us-central1/functions/getPropertyAnalytics","buildConfig":{"build":"projects/850162149337/locations/us-central1/builds/fdb08f65-f43c-4ffc-a939-7321a4420937","runtime":"nodejs22","entryPoint":"getPropertyAnalytics","source":{"storageSource":{"bucket":"gcf-v2-sources-850162149337-us-central1","object":"getPropertyAnalytics/function-source.zip","generation":"1754620010962634"}},"environmentVariables":{"GOOGLE_NODE_RUN_SCRIPTS":""},"dockerRepository":"projects/kottage-v2/locations/us-central1/repositories/gcf-artifacts","sourceProvenance":{"resolvedStorageSource":{"bucket":"gcf-v2-sources-850162149337-us-central1","object":"getPropertyAnalytics/function-source.zip","generation":"1754620010962634"}},"dockerRegistry":"ARTIFACT_REGISTRY","serviceAccount":"projects/kottage-v2/serviceAccounts/850162149337-compute@developer.gserviceaccount.com","automaticUpdatePolicy":{}},"serviceConfig":{"service":"projects/kottage-v2/locations/us-central1/services/getpropertyanalytics","timeoutSeconds":60,"environmentVariables":{"FIREBASE_CONFIG":"{\"projectId\":\"kottage-v2\",\"databaseURL\":\"https://kottage-v2-default-rtdb.firebaseio.com\",\"storageBucket\":\"kottage-v2.appspot.com\",\"locationId\":\"us-central\"}","GCLOUD_PROJECT":"kottage-v2","EVENTARC_CLOUD_EVENT_SOURCE":"projects/kottage-v2/locations/us-central1/services/getPropertyAnalytics","FUNCTION_TARGET":"getPropertyAnalytics","LOG_EXECUTION_ID":"true","FUNCTION_SIGNATURE_TYPE":"http"},"maxInstanceCount":20,"ingressSettings":"ALLOW_ALL","uri":"https://getpropertyanalytics-cxpwli2maq-uc.a.run.app","serviceAccountEmail":"850162149337-compute@developer.gserviceaccount.com","availableMemory":"256Mi","allTrafficOnLatestRevision":true,"revision":"getpropertyanalytics-00001-fol","maxInstanceRequestConcurrency":80,"availableCpu":"1"},"state":"ACTIVE","updateTime":"2026-04-20T21:16:24.037137898Z","labels":{"deployment-callable":"true","firebase-functions-hash":"f4cb6d5168b8261bb60912e46810da0e2a425f10","deployment-tool":"cli-firebase"},"environment":"GEN_2","url":"https://us-central1-kottage-v2.cloudfunctions.net/getPropertyAnalytics","createTime":"2025-08-08T02:26:51.186604722Z","satisfiesPzi":true},{"name":"projects/kottage-v2/locations/us-central1/functions/updatePropertyRating","buildConfig":{"build":"projects/850162149337/locations/us-central1/builds/fdb08f65-f43c-4ffc-a939-7321a4420937","runtime":"nodejs22","entryPoint":"updatePropertyRating","source":{"storageSource":{"bucket":"gcf-v2-sources-850162149337-us-central1","object":"updatePropertyRating/function-source.zip","generation":"1754620011456143"}},"environmentVariables":{"GOOGLE_NODE_RUN_SCRIPTS":""},"dockerRepository":"projects/kottage-v2/locations/us-central1/repositories/gcf-artifacts","sourceProvenance":{"resolvedStorageSource":{"bucket":"gcf-v2-sources-850162149337-us-central1","object":"updatePropertyRating/function-source.zip","generation":"1754620011456143"}},"dockerRegistry":"ARTIFACT_REGISTRY","serviceAccount":"projects/kottage-v2/serviceAccounts/850162149337-compute@developer.gserviceaccount.com","automaticUpdatePolicy":{}},"serviceConfig":{"service":"projects/kottage-v2/locations/us-central1/services/updatepropertyrating","timeoutSeconds":60,"environmentVariables":{"FIREBASE_CONFIG":"{\"projectId\":\"kottage-v2\",\"databaseURL\":\"https://kottage-v2-default-rtdb.firebaseio.com\",\"storageBucket\":\"kottage-v2.appspot.com\",\"locationId\":\"us-central\"}","GCLOUD_PROJECT":"kottage-v2","EVENTARC_CLOUD_EVENT_SOURCE":"projects/kottage-v2/locations/us-central1/services/updatePropertyRating","FUNCTION_SIGNATURE_TYPE":"cloudevent","FUNCTION_TARGET":"updatePropertyRating","LOG_EXECUTION_ID":"true"},"maxInstanceCount":10,"ingressSettings":"ALLOW_ALL","uri":"https://updatepropertyrating-cxpwli2maq-uc.a.run.app","serviceAccountEmail":"850162149337-compute@developer.gserviceaccount.com","availableMemory":"256Mi","allTrafficOnLatestRevision":true,"revision":"updatepropertyrating-00015-fit","maxInstanceRequestConcurrency":80,"availableCpu":"1"},"eventTrigger":{"trigger":"projects/kottage-v2/locations/us-central1/triggers/updatepropertyrating-618190","triggerRegion":"us-central1","eventType":"google.firebase.database.ref.v1.written","eventFilters":[{"attribute":"ref","value":"reviews/{propertyId}/{reviewId}","operator":"match-path-pattern"},{"attribute":"instance","value":"*","operator":"match-path-pattern"}],"pubsubTopic":"projects/kottage-v2/topics/eventarc-us-central1-updatepropertyrating-618190-439","serviceAccountEmail":"850162149337-compute@developer.gserviceaccount.com","retryPolicy":"RETRY_POLICY_DO_NOT_RETRY"},"state":"ACTIVE","updateTime":"2026-04-20T21:16:24.183234352Z","labels":{"deployment-tool":"cli-firebase","firebase-functions-hash":"f4cb6d5168b8261bb60912e46810da0e2a425f10"},"environment":"GEN_2","url":"https://us-central1-kottage-v2.cloudfunctions.net/updatePropertyRating","createTime":"2025-07-19T11:24:18.493886501Z","satisfiesPzi":true},{"name":"projects/kottage-v2/locations/us-central1/functions/getEmployees","buildConfig":{"build":"projects/850162149337/locations/us-central1/builds/fdb08f65-f43c-4ffc-a939-7321a4420937","runtime":"nodejs22","entryPoint":"getEmployees","source":{"storageSource":{"bucket":"gcf-v2-sources-850162149337-us-central1","object":"getEmployees/function-source.zip","generation":"1754620011408213"}},"environmentVariables":{"GOOGLE_NODE_RUN_SCRIPTS":""},"dockerRepository":"projects/kottage-v2/locations/us-central1/repositories/gcf-artifacts","sourceProvenance":{"resolvedStorageSource":{"bucket":"gcf-v2-sources-850162149337-us-central1","object":"getEmployees/function-source.zip","generation":"1754620011408213"}},"dockerRegistry":"ARTIFACT_REGISTRY","serviceAccount":"projects/kottage-v2/serviceAccounts/850162149337-compute@developer.gserviceaccount.com","automaticUpdatePolicy":{}},"serviceConfig":{"service":"projects/kottage-v2/locations/us-central1/services/getemployees","timeoutSeconds":60,"environmentVariables":{"FIREBASE_CONFIG":"{\"projectId\":\"kottage-v2\",\"databaseURL\":\"https://kottage-v2-default-rtdb.firebaseio.com\",\"storageBucket\":\"kottage-v2.appspot.com\",\"locationId\":\"us-central\"}","GCLOUD_PROJECT":"kottage-v2","EVENTARC_CLOUD_EVENT_SOURCE":"projects/kottage-v2/locations/us-central1/services/getEmployees","FUNCTION_TARGET":"getEmployees","LOG_EXECUTION_ID":"true","FUNCTION_SIGNATURE_TYPE":"http"},"maxInstanceCount":20,"ingressSettings":"ALLOW_ALL","uri":"https://getemployees-cxpwli2maq-uc.a.run.app","serviceAccountEmail":"850162149337-compute@developer.gserviceaccount.com","availableMemory":"256Mi","allTrafficOnLatestRevision":true,"revision":"getemployees-00024-zey","maxInstanceRequestConcurrency":80,"availableCpu":"1"},"state":"ACTIVE","updateTime":"2026-04-20T21:16:24.115833535Z","labels":{"firebase-functions-hash":"f4cb6d5168b8261bb60912e46810da0e2a425f10","deployment-tool":"cli-firebase","deployment-callable":"true"},"environment":"GEN_2","url":"https://us-central1-kottage-v2.cloudfunctions.net/getEmployees","createTime":"2025-07-19T10:11:38.748329888Z","satisfiesPzi":true},{"name":"projects/kottage-v2/locations/us-central1/functions/trackUserInteraction","buildConfig":{"build":"projects/850162149337/locations/us-central1/builds/fdb08f65-f43c-4ffc-a939-7321a4420937","runtime":"nodejs22","entryPoint":"trackUserInteraction","source":{"storageSource":{"bucket":"gcf-v2-sources-850162149337-us-central1","object":"trackUserInteraction/function-source.zip","generation":"1754619951073278"}},"environmentVariables":{"GOOGLE_NODE_RUN_SCRIPTS":""},"dockerRepository":"projects/kottage-v2/locations/us-central1/repositories/gcf-artifacts","sourceProvenance":{"resolvedStorageSource":{"bucket":"gcf-v2-sources-850162149337-us-central1","object":"trackUserInteraction/function-source.zip","generation":"1754619951073278"}},"dockerRegistry":"ARTIFACT_REGISTRY","serviceAccount":"projects/kottage-v2/serviceAccounts/850162149337-compute@developer.gserviceaccount.com","automaticUpdatePolicy":{}},"serviceConfig":{"service":"projects/kottage-v2/locations/us-central1/services/trackuserinteraction","timeoutSeconds":60,"environmentVariables":{"FIREBASE_CONFIG":"{\"projectId\":\"kottage-v2\",\"databaseURL\":\"https://kottage-v2-default-rtdb.firebaseio.com\",\"storageBucket\":\"kottage-v2.appspot.com\",\"locationId\":\"us-central\"}","GCLOUD_PROJECT":"kottage-v2","EVENTARC_CLOUD_EVENT_SOURCE":"projects/kottage-v2/locations/us-central1/services/trackUserInteraction","FUNCTION_TARGET":"trackUserInteraction","LOG_EXECUTION_ID":"true"},"maxInstanceCount":20,"ingressSettings":"ALLOW_ALL","uri":"https://trackuserinteraction-cxpwli2maq-uc.a.run.app","serviceAccountEmail":"850162149337-compute@developer.gserviceaccount.com","availableMemory":"256Mi","allTrafficOnLatestRevision":true,"revision":"trackuserinteraction-00001-gos","maxInstanceRequestConcurrency":80,"availableCpu":"1"},"state":"ACTIVE","updateTime":"2026-04-20T21:16:24.216040358Z","labels":{"deployment-tool":"cli-firebase","deployment-callable":"true","firebase-functions-hash":"f4cb6d5168b8261bb60912e46810da0e2a425f10"},"environment":"GEN_2","url":"https://us-central1-kottage-v2.cloudfunctions.net/trackUserInteraction","createTime":"2025-08-08T02:25:51.372761717Z","satisfiesPzi":true},{"name":"projects/kottage-v2/locations/us-central1/functions/createEmployee","buildConfig":{"build":"projects/850162149337/locations/us-central1/builds/fdb08f65-f43c-4ffc-a939-7321a4420937","runtime":"nodejs22","entryPoint":"createEmployee","source":{"storageSource":{"bucket":"gcf-v2-sources-850162149337-us-central1","object":"createEmployee/function-source.zip","generation":"1754620011424395"}},"environmentVariables":{"GOOGLE_NODE_RUN_SCRIPTS":""},"dockerRepository":"projects/kottage-v2/locations/us-central1/repositories/gcf-artifacts","sourceProvenance":{"resolvedStorageSource":{"bucket":"gcf-v2-sources-850162149337-us-central1","object":"createEmployee/function-source.zip","generation":"1754620011424395"}},"dockerRegistry":"ARTIFACT_REGISTRY","serviceAccount":"projects/kottage-v2/serviceAccounts/850162149337-compute@developer.gserviceaccount.com","automaticUpdatePolicy":{}},"serviceConfig":{"service":"projects/kottage-v2/locations/us-central1/services/createemployee","timeoutSeconds":60,"environmentVariables":{"FIREBASE_CONFIG":"{\"projectId\":\"kottage-v2\",\"databaseURL\":\"https://kottage-v2-default-rtdb.firebaseio.com\",\"storageBucket\":\"kottage-v2.appspot.com\",\"locationId\":\"us-central\"}","GCLOUD_PROJECT":"kottage-v2","EVENTARC_CLOUD_EVENT_SOURCE":"projects/kottage-v2/locations/us-central1/services/createEmployee","FUNCTION_TARGET":"createEmployee","LOG_EXECUTION_ID":"true","FUNCTION_SIGNATURE_TYPE":"http"},"maxInstanceCount":20,"ingressSettings":"ALLOW_ALL","uri":"https://createemployee-cxpwli2maq-uc.a.run.app","serviceAccountEmail":"850162149337-compute@developer.gserviceaccount.com","availableMemory":"256Mi","allTrafficOnLatestRevision":true,"revision":"createemployee-00021-baw","maxInstanceRequestConcurrency":80,"availableCpu":"1"},"state":"ACTIVE","updateTime":"2026-04-20T21:16:24.243917887Z","labels":{"deployment-callable":"true","firebase-functions-hash":"f4cb6d5168b8261bb60912e46810da0e2a425f10","deployment-tool":"cli-firebase"},"environment":"GEN_2","url":"https://us-central1-kottage-v2.cloudfunctions.net/createEmployee","createTime":"2025-07-19T10:11:38.747581719Z","satisfiesPzi":true},{"name":"projects/kottage-v2/locations/us-central1/functions/setHostClaims","buildConfig":{"build":"projects/850162149337/locations/us-central1/builds/fdb08f65-f43c-4ffc-a939-7321a4420937","runtime":"nodejs22","entryPoint":"setHostClaims","source":{"storageSource":{"bucket":"gcf-v2-sources-850162149337-us-central1","object":"setHostClaims/function-source.zip","generation":"1754620011183984"}},"environmentVariables":{"GOOGLE_NODE_RUN_SCRIPTS":""},"dockerRepository":"projects/kottage-v2/locations/us-central1/repositories/gcf-artifacts","sourceProvenance":{"resolvedStorageSource":{"bucket":"gcf-v2-sources-850162149337-us-central1","object":"setHostClaims/function-source.zip","generation":"1754620011183984"}},"dockerRegistry":"ARTIFACT_REGISTRY","serviceAccount":"projects/kottage-v2/serviceAccounts/850162149337-compute@developer.gserviceaccount.com","automaticUpdatePolicy":{}},"serviceConfig":{"service":"projects/kottage-v2/locations/us-central1/services/sethostclaims","timeoutSeconds":60,"environmentVariables":{"FIREBASE_CONFIG":"{\"projectId\":\"kottage-v2\",\"databaseURL\":\"https://kottage-v2-default-rtdb.firebaseio.com\",\"storageBucket\":\"kottage-v2.appspot.com\",\"locationId\":\"us-central\"}","GCLOUD_PROJECT":"kottage-v2","EVENTARC_CLOUD_EVENT_SOURCE":"projects/kottage-v2/locations/us-central1/services/setHostClaims","FUNCTION_TARGET":"setHostClaims","LOG_EXECUTION_ID":"true","FUNCTION_SIGNATURE_TYPE":"http"},"maxInstanceCount":10,"ingressSettings":"ALLOW_ALL","uri":"https://sethostclaims-cxpwli2maq-uc.a.run.app","serviceAccountEmail":"850162149337-compute@developer.gserviceaccount.com","availableMemory":"256Mi","allTrafficOnLatestRevision":true,"revision":"sethostclaims-00012-jam","maxInstanceRequestConcurrency":80,"availableCpu":"1"},"state":"ACTIVE","updateTime":"2026-04-20T21:16:24.271050972Z","labels":{"deployment-tool":"cli-firebase","deployment-callable":"true","firebase-functions-hash":"f4cb6d5168b8261bb60912e46810da0e2a425f10"},"environment":"GEN_2","url":"https://us-central1-kottage-v2.cloudfunctions.net/setHostClaims","createTime":"2025-08-02T23:33:40.152729602Z","satisfiesPzi":true},{"name":"projects/kottage-v2/locations/us-central1/functions/setEmployeeClaims","buildConfig":{"build":"projects/850162149337/locations/us-central1/builds/fdb08f65-f43c-4ffc-a939-7321a4420937","runtime":"nodejs22","entryPoint":"setEmployeeClaims","source":{"storageSource":{"bucket":"gcf-v2-sources-850162149337-us-central1","object":"setEmployeeClaims/function-source.zip","generation":"1754620011393899"}},"environmentVariables":{"GOOGLE_NODE_RUN_SCRIPTS":""},"dockerRepository":"projects/kottage-v2/locations/us-central1/repositories/gcf-artifacts","sourceProvenance":{"resolvedStorageSource":{"bucket":"gcf-v2-sources-850162149337-us-central1","object":"setEmployeeClaims/function-source.zip","generation":"1754620011393899"}},"dockerRegistry":"ARTIFACT_REGISTRY","serviceAccount":"projects/kottage-v2/serviceAccounts/850162149337-compute@developer.gserviceaccount.com","automaticUpdatePolicy":{}},"serviceConfig":{"service":"projects/kottage-v2/locations/us-central1/services/setemployeeclaims","timeoutSeconds":60,"environmentVariables":{"FIREBASE_CONFIG":"{\"projectId\":\"kottage-v2\",\"databaseURL\":\"https://kottage-v2-default-rtdb.firebaseio.com\",\"storageBucket\":\"kottage-v2.appspot.com\",\"locationId\":\"us-central\"}","GCLOUD_PROJECT":"kottage-v2","EVENTARC_CLOUD_EVENT_SOURCE":"projects/kottage-v2/locations/us-central1/services/setEmployeeClaims","FUNCTION_TARGET":"setEmployeeClaims","LOG_EXECUTION_ID":"true","FUNCTION_SIGNATURE_TYPE":"http"},"maxInstanceCount":10,"ingressSettings":"ALLOW_ALL","uri":"https://setemployeeclaims-cxpwli2maq-uc.a.run.app","serviceAccountEmail":"850162149337-compute@developer.gserviceaccount.com","availableMemory":"256Mi","allTrafficOnLatestRevision":true,"revision":"setemployeeclaims-00006-xic","maxInstanceRequestConcurrency":80,"availableCpu":"1"},"state":"ACTIVE","updateTime":"2026-04-20T21:16:24.324221517Z","labels":{"deployment-tool":"cli-firebase","deployment-callable":"true","firebase-functions-hash":"f4cb6d5168b8261bb60912e46810da0e2a425f10"},"environment":"GEN_2","url":"https://us-central1-kottage-v2.cloudfunctions.net/setEmployeeClaims","createTime":"2025-08-07T01:20:54.372477262Z","satisfiesPzi":true}]}
[info] i  functions: ensuring required API cloudscheduler.googleapis.com is enabled... 
[info] i  functions: ensuring required API run.googleapis.com is enabled... 
[info] i  functions: ensuring required API eventarc.googleapis.com is enabled... 
[info] i  functions: ensuring required API pubsub.googleapis.com is enabled... 
[info] i  functions: ensuring required API storage.googleapis.com is enabled... 
[info] i  functions: generating the service identity for pubsub.googleapis.com... 
[debug] [2026-04-22T01:55:11.148Z] Checked if tokens are valid: true, expires at: 1776826494244
[debug] [2026-04-22T01:55:11.149Z] Checked if tokens are valid: true, expires at: 1776826494244
[info] i  functions: generating the service identity for eventarc.googleapis.com... 
[debug] [2026-04-22T01:55:11.149Z] Checked if tokens are valid: true, expires at: 1776826494244
[debug] [2026-04-22T01:55:11.149Z] Checked if tokens are valid: true, expires at: 1776826494244
[debug] [2026-04-22T01:55:11.149Z] >>> [apiv2][query] POST https://serviceusage.googleapis.com/v1beta1/projects/850162149337/services/pubsub.googleapis.com:generateServiceIdentity [none]
[debug] [2026-04-22T01:55:11.149Z] >>> [apiv2][(partial)header] POST https://serviceusage.googleapis.com/v1beta1/projects/850162149337/services/pubsub.googleapis.com:generateServiceIdentity x-goog-quota-user=projects/850162149337
[debug] [2026-04-22T01:55:11.149Z] >>> [apiv2][body] POST https://serviceusage.googleapis.com/v1beta1/projects/850162149337/services/pubsub.googleapis.com:generateServiceIdentity {}
[debug] [2026-04-22T01:55:11.151Z] >>> [apiv2][query] POST https://serviceusage.googleapis.com/v1beta1/projects/850162149337/services/eventarc.googleapis.com:generateServiceIdentity [none]
[debug] [2026-04-22T01:55:11.152Z] >>> [apiv2][(partial)header] POST https://serviceusage.googleapis.com/v1beta1/projects/850162149337/services/eventarc.googleapis.com:generateServiceIdentity x-goog-quota-user=projects/850162149337
[debug] [2026-04-22T01:55:11.152Z] >>> [apiv2][body] POST https://serviceusage.googleapis.com/v1beta1/projects/850162149337/services/eventarc.googleapis.com:generateServiceIdentity {}
[debug] [2026-04-22T01:55:11.687Z] <<< [apiv2][status] POST https://serviceusage.googleapis.com/v1beta1/projects/850162149337/services/eventarc.googleapis.com:generateServiceIdentity 200
[debug] [2026-04-22T01:55:11.688Z] <<< [apiv2][body] POST https://serviceusage.googleapis.com/v1beta1/projects/850162149337/services/eventarc.googleapis.com:generateServiceIdentity {"name":"operations/finished.DONE_OPERATION","done":true,"response":{"@type":"type.googleapis.com/google.api.serviceusage.v1beta1.ServiceIdentity","email":"service-850162149337@gcp-sa-eventarc.iam.gserviceaccount.com","uniqueId":"100117772142411138841"}}
[debug] [2026-04-22T01:55:11.799Z] <<< [apiv2][status] POST https://serviceusage.googleapis.com/v1beta1/projects/850162149337/services/pubsub.googleapis.com:generateServiceIdentity 200
[debug] [2026-04-22T01:55:11.800Z] <<< [apiv2][body] POST https://serviceusage.googleapis.com/v1beta1/projects/850162149337/services/pubsub.googleapis.com:generateServiceIdentity {"name":"operations/finished.DONE_OPERATION","done":true,"response":{"@type":"type.googleapis.com/google.api.serviceusage.v1beta1.ServiceIdentity","email":"service-850162149337@gcp-sa-pubsub.iam.gserviceaccount.com","uniqueId":"101275776151282934593"}}
[debug] [2026-04-22T01:55:11.802Z] Checked if tokens are valid: true, expires at: 1776826494244
[debug] [2026-04-22T01:55:11.802Z] Checked if tokens are valid: true, expires at: 1776826494244
[debug] [2026-04-22T01:55:11.802Z] >>> [apiv2][query] GET https://cloudresourcemanager.googleapis.com/v1/projects/kottage-v2 [none]
[debug] [2026-04-22T01:55:11.928Z] <<< [apiv2][status] GET https://cloudresourcemanager.googleapis.com/v1/projects/kottage-v2 200
[debug] [2026-04-22T01:55:11.928Z] <<< [apiv2][body] GET https://cloudresourcemanager.googleapis.com/v1/projects/kottage-v2 {"projectNumber":"850162149337","projectId":"kottage-v2","lifecycleState":"ACTIVE","name":"Kottage v2","labels":{"firebase":"enabled"},"createTime":"2023-06-30T04:32:24.924285Z"}
[debug] [2026-04-22T01:55:11.929Z] Checked if tokens are valid: true, expires at: 1776826494244
[debug] [2026-04-22T01:55:11.929Z] Checked if tokens are valid: true, expires at: 1776826494244
[debug] [2026-04-22T01:55:11.929Z] >>> [apiv2][query] GET https://compute.googleapis.com/compute/v1/projects/850162149337 [none]
[debug] [2026-04-22T01:55:12.187Z] <<< [apiv2][status] GET https://compute.googleapis.com/compute/v1/projects/850162149337 403
[debug] [2026-04-22T01:55:12.187Z] <<< [apiv2][body] GET https://compute.googleapis.com/compute/v1/projects/850162149337 {"error":{"code":403,"message":"Compute Engine API has not been used in project 850162149337 before or it is disabled. Enable it by visiting https://console.developers.google.com/apis/api/compute.googleapis.com/overview?project=850162149337 then retry. If you enabled this API recently, wait a few minutes for the action to propagate to our systems and retry.","errors":[{"message":"Compute Engine API has not been used in project 850162149337 before or it is disabled. Enable it by visiting https://console.developers.google.com/apis/api/compute.googleapis.com/overview?project=850162149337 then retry. If you enabled this API recently, wait a few minutes for the action to propagate to our systems and retry.","domain":"usageLimits","reason":"accessNotConfigured","extendedHelp":"https://console.developers.google.com"}],"status":"PERMISSION_DENIED","details":[{"@type":"type.googleapis.com/google.rpc.ErrorInfo","reason":"SERVICE_DISABLED","domain":"googleapis.com","metadata":{"containerInfo":"850162149337","serviceTitle":"Compute Engine API","activationUrl":"https://console.developers.google.com/apis/api/compute.googleapis.com/overview?project=850162149337","consumer":"projects/850162149337","service":"compute.googleapis.com"}},{"@type":"type.googleapis.com/google.rpc.LocalizedMessage","locale":"en-US","message":"Compute Engine API has not been used in project 850162149337 before or it is disabled. Enable it by visiting https://console.developers.google.com/apis/api/compute.googleapis.com/overview?project=850162149337 then retry. If you enabled this API recently, wait a few minutes for the action to propagate to our systems and retry."},{"@type":"type.googleapis.com/google.rpc.Help","links":[{"description":"Google developers console API activation","url":"https://console.developers.google.com/apis/api/compute.googleapis.com/overview?project=850162149337"}]}]}}
[debug] [2026-04-22T01:55:12.189Z] unable to look up default compute service account. Falling back to 850162149337-compute@developer.gserviceaccount.com. Error: {"name":"FirebaseError","children":[],"context":{"body":{"error":{"code":403,"message":"Compute Engine API has not been used in project 850162149337 before or it is disabled. Enable it by visiting https://console.developers.google.com/apis/api/compute.googleapis.com/overview?project=850162149337 then retry. If you enabled this API recently, wait a few minutes for the action to propagate to our systems and retry.","errors":[{"message":"Compute Engine API has not been used in project 850162149337 before or it is disabled. Enable it by visiting https://console.developers.google.com/apis/api/compute.googleapis.com/overview?project=850162149337 then retry. If you enabled this API recently, wait a few minutes for the action to propagate to our systems and retry.","domain":"usageLimits","reason":"accessNotConfigured","extendedHelp":"https://console.developers.google.com"}],"status":"PERMISSION_DENIED","details":[{"@type":"type.googleapis.com/google.rpc.ErrorInfo","reason":"SERVICE_DISABLED","domain":"googleapis.com","metadata":{"containerInfo":"850162149337","serviceTitle":"Compute Engine API","activationUrl":"https://console.developers.google.com/apis/api/compute.googleapis.com/overview?project=850162149337","consumer":"projects/850162149337","service":"compute.googleapis.com"}},{"@type":"type.googleapis.com/google.rpc.LocalizedMessage","locale":"en-US","message":"Compute Engine API has not been used in project 850162149337 before or it is disabled. Enable it by visiting https://console.developers.google.com/apis/api/compute.googleapis.com/overview?project=850162149337 then retry. If you enabled this API recently, wait a few minutes for the action to propagate to our systems and retry."},{"@type":"type.googleapis.com/google.rpc.Help","links":[{"description":"Google developers console API activation","url":"https://console.developers.google.com/apis/api/compute.googleapis.com/overview?project=850162149337"}]}]}},"response":{"statusCode":403}},"exit":1,"message":"Request to https://compute.googleapis.com/compute/v1/projects/850162149337 had HTTP Error: 403, Compute Engine API has not been used in project 850162149337 before or it is disabled. Enable it by visiting https://console.developers.google.com/apis/api/compute.googleapis.com/overview?project=850162149337 then retry. If you enabled this API recently, wait a few minutes for the action to propagate to our systems and retry.","status":403}
[debug] [2026-04-22T01:55:12.189Z] Checked if tokens are valid: true, expires at: 1776826494244
[debug] [2026-04-22T01:55:12.190Z] Checked if tokens are valid: true, expires at: 1776826494244
[debug] [2026-04-22T01:55:12.190Z] >>> [apiv2][query] GET https://compute.googleapis.com/compute/v1/projects/850162149337 [none]
[debug] [2026-04-22T01:55:12.504Z] <<< [apiv2][status] GET https://compute.googleapis.com/compute/v1/projects/850162149337 403
[debug] [2026-04-22T01:55:12.505Z] <<< [apiv2][body] GET https://compute.googleapis.com/compute/v1/projects/850162149337 {"error":{"code":403,"message":"Compute Engine API has not been used in project 850162149337 before or it is disabled. Enable it by visiting https://console.developers.google.com/apis/api/compute.googleapis.com/overview?project=850162149337 then retry. If you enabled this API recently, wait a few minutes for the action to propagate to our systems and retry.","errors":[{"message":"Compute Engine API has not been used in project 850162149337 before or it is disabled. Enable it by visiting https://console.developers.google.com/apis/api/compute.googleapis.com/overview?project=850162149337 then retry. If you enabled this API recently, wait a few minutes for the action to propagate to our systems and retry.","domain":"usageLimits","reason":"accessNotConfigured","extendedHelp":"https://console.developers.google.com"}],"status":"PERMISSION_DENIED","details":[{"@type":"type.googleapis.com/google.rpc.ErrorInfo","reason":"SERVICE_DISABLED","domain":"googleapis.com","metadata":{"serviceTitle":"Compute Engine API","service":"compute.googleapis.com","consumer":"projects/850162149337","containerInfo":"850162149337","activationUrl":"https://console.developers.google.com/apis/api/compute.googleapis.com/overview?project=850162149337"}},{"@type":"type.googleapis.com/google.rpc.LocalizedMessage","locale":"en-US","message":"Compute Engine API has not been used in project 850162149337 before or it is disabled. Enable it by visiting https://console.developers.google.com/apis/api/compute.googleapis.com/overview?project=850162149337 then retry. If you enabled this API recently, wait a few minutes for the action to propagate to our systems and retry."},{"@type":"type.googleapis.com/google.rpc.Help","links":[{"description":"Google developers console API activation","url":"https://console.developers.google.com/apis/api/compute.googleapis.com/overview?project=850162149337"}]}]}}
[debug] [2026-04-22T01:55:12.505Z] unable to look up default compute service account. Falling back to 850162149337-compute@developer.gserviceaccount.com. Error: {"name":"FirebaseError","children":[],"context":{"body":{"error":{"code":403,"message":"Compute Engine API has not been used in project 850162149337 before or it is disabled. Enable it by visiting https://console.developers.google.com/apis/api/compute.googleapis.com/overview?project=850162149337 then retry. If you enabled this API recently, wait a few minutes for the action to propagate to our systems and retry.","errors":[{"message":"Compute Engine API has not been used in project 850162149337 before or it is disabled. Enable it by visiting https://console.developers.google.com/apis/api/compute.googleapis.com/overview?project=850162149337 then retry. If you enabled this API recently, wait a few minutes for the action to propagate to our systems and retry.","domain":"usageLimits","reason":"accessNotConfigured","extendedHelp":"https://console.developers.google.com"}],"status":"PERMISSION_DENIED","details":[{"@type":"type.googleapis.com/google.rpc.ErrorInfo","reason":"SERVICE_DISABLED","domain":"googleapis.com","metadata":{"serviceTitle":"Compute Engine API","service":"compute.googleapis.com","consumer":"projects/850162149337","containerInfo":"850162149337","activationUrl":"https://console.developers.google.com/apis/api/compute.googleapis.com/overview?project=850162149337"}},{"@type":"type.googleapis.com/google.rpc.LocalizedMessage","locale":"en-US","message":"Compute Engine API has not been used in project 850162149337 before or it is disabled. Enable it by visiting https://console.developers.google.com/apis/api/compute.googleapis.com/overview?project=850162149337 then retry. If you enabled this API recently, wait a few minutes for the action to propagate to our systems and retry."},{"@type":"type.googleapis.com/google.rpc.Help","links":[{"description":"Google developers console API activation","url":"https://console.developers.google.com/apis/api/compute.googleapis.com/overview?project=850162149337"}]}]}},"response":{"statusCode":403}},"exit":1,"message":"Request to https://compute.googleapis.com/compute/v1/projects/850162149337 had HTTP Error: 403, Compute Engine API has not been used in project 850162149337 before or it is disabled. Enable it by visiting https://console.developers.google.com/apis/api/compute.googleapis.com/overview?project=850162149337 then retry. If you enabled this API recently, wait a few minutes for the action to propagate to our systems and retry.","status":403}
[debug] [2026-04-22T01:55:12.506Z] Checked if tokens are valid: true, expires at: 1776826494244
[debug] [2026-04-22T01:55:12.506Z] Checked if tokens are valid: true, expires at: 1776826494244
[debug] [2026-04-22T01:55:12.506Z] >>> [apiv2][query] GET https://compute.googleapis.com/compute/v1/projects/850162149337 [none]
[debug] [2026-04-22T01:55:12.617Z] <<< [apiv2][status] GET https://compute.googleapis.com/compute/v1/projects/850162149337 403
[debug] [2026-04-22T01:55:12.617Z] <<< [apiv2][body] GET https://compute.googleapis.com/compute/v1/projects/850162149337 {"error":{"code":403,"message":"Compute Engine API has not been used in project 850162149337 before or it is disabled. Enable it by visiting https://console.developers.google.com/apis/api/compute.googleapis.com/overview?project=850162149337 then retry. If you enabled this API recently, wait a few minutes for the action to propagate to our systems and retry.","errors":[{"message":"Compute Engine API has not been used in project 850162149337 before or it is disabled. Enable it by visiting https://console.developers.google.com/apis/api/compute.googleapis.com/overview?project=850162149337 then retry. If you enabled this API recently, wait a few minutes for the action to propagate to our systems and retry.","domain":"usageLimits","reason":"accessNotConfigured","extendedHelp":"https://console.developers.google.com"}],"status":"PERMISSION_DENIED","details":[{"@type":"type.googleapis.com/google.rpc.ErrorInfo","reason":"SERVICE_DISABLED","domain":"googleapis.com","metadata":{"service":"compute.googleapis.com","activationUrl":"https://console.developers.google.com/apis/api/compute.googleapis.com/overview?project=850162149337","serviceTitle":"Compute Engine API","containerInfo":"850162149337","consumer":"projects/850162149337"}},{"@type":"type.googleapis.com/google.rpc.LocalizedMessage","locale":"en-US","message":"Compute Engine API has not been used in project 850162149337 before or it is disabled. Enable it by visiting https://console.developers.google.com/apis/api/compute.googleapis.com/overview?project=850162149337 then retry. If you enabled this API recently, wait a few minutes for the action to propagate to our systems and retry."},{"@type":"type.googleapis.com/google.rpc.Help","links":[{"description":"Google developers console API activation","url":"https://console.developers.google.com/apis/api/compute.googleapis.com/overview?project=850162149337"}]}]}}
[debug] [2026-04-22T01:55:12.618Z] unable to look up default compute service account. Falling back to 850162149337-compute@developer.gserviceaccount.com. Error: {"name":"FirebaseError","children":[],"context":{"body":{"error":{"code":403,"message":"Compute Engine API has not been used in project 850162149337 before or it is disabled. Enable it by visiting https://console.developers.google.com/apis/api/compute.googleapis.com/overview?project=850162149337 then retry. If you enabled this API recently, wait a few minutes for the action to propagate to our systems and retry.","errors":[{"message":"Compute Engine API has not been used in project 850162149337 before or it is disabled. Enable it by visiting https://console.developers.google.com/apis/api/compute.googleapis.com/overview?project=850162149337 then retry. If you enabled this API recently, wait a few minutes for the action to propagate to our systems and retry.","domain":"usageLimits","reason":"accessNotConfigured","extendedHelp":"https://console.developers.google.com"}],"status":"PERMISSION_DENIED","details":[{"@type":"type.googleapis.com/google.rpc.ErrorInfo","reason":"SERVICE_DISABLED","domain":"googleapis.com","metadata":{"service":"compute.googleapis.com","activationUrl":"https://console.developers.google.com/apis/api/compute.googleapis.com/overview?project=850162149337","serviceTitle":"Compute Engine API","containerInfo":"850162149337","consumer":"projects/850162149337"}},{"@type":"type.googleapis.com/google.rpc.LocalizedMessage","locale":"en-US","message":"Compute Engine API has not been used in project 850162149337 before or it is disabled. Enable it by visiting https://console.developers.google.com/apis/api/compute.googleapis.com/overview?project=850162149337 then retry. If you enabled this API recently, wait a few minutes for the action to propagate to our systems and retry."},{"@type":"type.googleapis.com/google.rpc.Help","links":[{"description":"Google developers console API activation","url":"https://console.developers.google.com/apis/api/compute.googleapis.com/overview?project=850162149337"}]}]}},"response":{"statusCode":403}},"exit":1,"message":"Request to https://compute.googleapis.com/compute/v1/projects/850162149337 had HTTP Error: 403, Compute Engine API has not been used in project 850162149337 before or it is disabled. Enable it by visiting https://console.developers.google.com/apis/api/compute.googleapis.com/overview?project=850162149337 then retry. If you enabled this API recently, wait a few minutes for the action to propagate to our systems and retry.","status":403}
[debug] [2026-04-22T01:55:12.618Z] Checked if tokens are valid: true, expires at: 1776826494244
[debug] [2026-04-22T01:55:12.618Z] Checked if tokens are valid: true, expires at: 1776826494244
[debug] [2026-04-22T01:55:12.618Z] >>> [apiv2][query] GET https://compute.googleapis.com/compute/v1/projects/850162149337 [none]
[debug] [2026-04-22T01:55:12.743Z] <<< [apiv2][status] GET https://compute.googleapis.com/compute/v1/projects/850162149337 403
[debug] [2026-04-22T01:55:12.743Z] <<< [apiv2][body] GET https://compute.googleapis.com/compute/v1/projects/850162149337 {"error":{"code":403,"message":"Compute Engine API has not been used in project 850162149337 before or it is disabled. Enable it by visiting https://console.developers.google.com/apis/api/compute.googleapis.com/overview?project=850162149337 then retry. If you enabled this API recently, wait a few minutes for the action to propagate to our systems and retry.","errors":[{"message":"Compute Engine API has not been used in project 850162149337 before or it is disabled. Enable it by visiting https://console.developers.google.com/apis/api/compute.googleapis.com/overview?project=850162149337 then retry. If you enabled this API recently, wait a few minutes for the action to propagate to our systems and retry.","domain":"usageLimits","reason":"accessNotConfigured","extendedHelp":"https://console.developers.google.com"}],"status":"PERMISSION_DENIED","details":[{"@type":"type.googleapis.com/google.rpc.ErrorInfo","reason":"SERVICE_DISABLED","domain":"googleapis.com","metadata":{"consumer":"projects/850162149337","service":"compute.googleapis.com","activationUrl":"https://console.developers.google.com/apis/api/compute.googleapis.com/overview?project=850162149337","serviceTitle":"Compute Engine API","containerInfo":"850162149337"}},{"@type":"type.googleapis.com/google.rpc.LocalizedMessage","locale":"en-US","message":"Compute Engine API has not been used in project 850162149337 before or it is disabled. Enable it by visiting https://console.developers.google.com/apis/api/compute.googleapis.com/overview?project=850162149337 then retry. If you enabled this API recently, wait a few minutes for the action to propagate to our systems and retry."},{"@type":"type.googleapis.com/google.rpc.Help","links":[{"description":"Google developers console API activation","url":"https://console.developers.google.com/apis/api/compute.googleapis.com/overview?project=850162149337"}]}]}}
[debug] [2026-04-22T01:55:12.744Z] unable to look up default compute service account. Falling back to 850162149337-compute@developer.gserviceaccount.com. Error: {"name":"FirebaseError","children":[],"context":{"body":{"error":{"code":403,"message":"Compute Engine API has not been used in project 850162149337 before or it is disabled. Enable it by visiting https://console.developers.google.com/apis/api/compute.googleapis.com/overview?project=850162149337 then retry. If you enabled this API recently, wait a few minutes for the action to propagate to our systems and retry.","errors":[{"message":"Compute Engine API has not been used in project 850162149337 before or it is disabled. Enable it by visiting https://console.developers.google.com/apis/api/compute.googleapis.com/overview?project=850162149337 then retry. If you enabled this API recently, wait a few minutes for the action to propagate to our systems and retry.","domain":"usageLimits","reason":"accessNotConfigured","extendedHelp":"https://console.developers.google.com"}],"status":"PERMISSION_DENIED","details":[{"@type":"type.googleapis.com/google.rpc.ErrorInfo","reason":"SERVICE_DISABLED","domain":"googleapis.com","metadata":{"consumer":"projects/850162149337","service":"compute.googleapis.com","activationUrl":"https://console.developers.google.com/apis/api/compute.googleapis.com/overview?project=850162149337","serviceTitle":"Compute Engine API","containerInfo":"850162149337"}},{"@type":"type.googleapis.com/google.rpc.LocalizedMessage","locale":"en-US","message":"Compute Engine API has not been used in project 850162149337 before or it is disabled. Enable it by visiting https://console.developers.google.com/apis/api/compute.googleapis.com/overview?project=850162149337 then retry. If you enabled this API recently, wait a few minutes for the action to propagate to our systems and retry."},{"@type":"type.googleapis.com/google.rpc.Help","links":[{"description":"Google developers console API activation","url":"https://console.developers.google.com/apis/api/compute.googleapis.com/overview?project=850162149337"}]}]}},"response":{"statusCode":403}},"exit":1,"message":"Request to https://compute.googleapis.com/compute/v1/projects/850162149337 had HTTP Error: 403, Compute Engine API has not been used in project 850162149337 before or it is disabled. Enable it by visiting https://console.developers.google.com/apis/api/compute.googleapis.com/overview?project=850162149337 then retry. If you enabled this API recently, wait a few minutes for the action to propagate to our systems and retry.","status":403}
[debug] [2026-04-22T01:55:12.744Z] Checked if tokens are valid: true, expires at: 1776826494244
[debug] [2026-04-22T01:55:12.744Z] Checked if tokens are valid: true, expires at: 1776826494244
[debug] [2026-04-22T01:55:12.744Z] >>> [apiv2][query] GET https://compute.googleapis.com/compute/v1/projects/850162149337 [none]
[debug] [2026-04-22T01:55:12.862Z] <<< [apiv2][status] GET https://compute.googleapis.com/compute/v1/projects/850162149337 403
[debug] [2026-04-22T01:55:12.863Z] <<< [apiv2][body] GET https://compute.googleapis.com/compute/v1/projects/850162149337 {"error":{"code":403,"message":"Compute Engine API has not been used in project 850162149337 before or it is disabled. Enable it by visiting https://console.developers.google.com/apis/api/compute.googleapis.com/overview?project=850162149337 then retry. If you enabled this API recently, wait a few minutes for the action to propagate to our systems and retry.","errors":[{"message":"Compute Engine API has not been used in project 850162149337 before or it is disabled. Enable it by visiting https://console.developers.google.com/apis/api/compute.googleapis.com/overview?project=850162149337 then retry. If you enabled this API recently, wait a few minutes for the action to propagate to our systems and retry.","domain":"usageLimits","reason":"accessNotConfigured","extendedHelp":"https://console.developers.google.com"}],"status":"PERMISSION_DENIED","details":[{"@type":"type.googleapis.com/google.rpc.ErrorInfo","reason":"SERVICE_DISABLED","domain":"googleapis.com","metadata":{"activationUrl":"https://console.developers.google.com/apis/api/compute.googleapis.com/overview?project=850162149337","service":"compute.googleapis.com","consumer":"projects/850162149337","containerInfo":"850162149337","serviceTitle":"Compute Engine API"}},{"@type":"type.googleapis.com/google.rpc.LocalizedMessage","locale":"en-US","message":"Compute Engine API has not been used in project 850162149337 before or it is disabled. Enable it by visiting https://console.developers.google.com/apis/api/compute.googleapis.com/overview?project=850162149337 then retry. If you enabled this API recently, wait a few minutes for the action to propagate to our systems and retry."},{"@type":"type.googleapis.com/google.rpc.Help","links":[{"description":"Google developers console API activation","url":"https://console.developers.google.com/apis/api/compute.googleapis.com/overview?project=850162149337"}]}]}}
[debug] [2026-04-22T01:55:12.863Z] unable to look up default compute service account. Falling back to 850162149337-compute@developer.gserviceaccount.com. Error: {"name":"FirebaseError","children":[],"context":{"body":{"error":{"code":403,"message":"Compute Engine API has not been used in project 850162149337 before or it is disabled. Enable it by visiting https://console.developers.google.com/apis/api/compute.googleapis.com/overview?project=850162149337 then retry. If you enabled this API recently, wait a few minutes for the action to propagate to our systems and retry.","errors":[{"message":"Compute Engine API has not been used in project 850162149337 before or it is disabled. Enable it by visiting https://console.developers.google.com/apis/api/compute.googleapis.com/overview?project=850162149337 then retry. If you enabled this API recently, wait a few minutes for the action to propagate to our systems and retry.","domain":"usageLimits","reason":"accessNotConfigured","extendedHelp":"https://console.developers.google.com"}],"status":"PERMISSION_DENIED","details":[{"@type":"type.googleapis.com/google.rpc.ErrorInfo","reason":"SERVICE_DISABLED","domain":"googleapis.com","metadata":{"activationUrl":"https://console.developers.google.com/apis/api/compute.googleapis.com/overview?project=850162149337","service":"compute.googleapis.com","consumer":"projects/850162149337","containerInfo":"850162149337","serviceTitle":"Compute Engine API"}},{"@type":"type.googleapis.com/google.rpc.LocalizedMessage","locale":"en-US","message":"Compute Engine API has not been used in project 850162149337 before or it is disabled. Enable it by visiting https://console.developers.google.com/apis/api/compute.googleapis.com/overview?project=850162149337 then retry. If you enabled this API recently, wait a few minutes for the action to propagate to our systems and retry."},{"@type":"type.googleapis.com/google.rpc.Help","links":[{"description":"Google developers console API activation","url":"https://console.developers.google.com/apis/api/compute.googleapis.com/overview?project=850162149337"}]}]}},"response":{"statusCode":403}},"exit":1,"message":"Request to https://compute.googleapis.com/compute/v1/projects/850162149337 had HTTP Error: 403, Compute Engine API has not been used in project 850162149337 before or it is disabled. Enable it by visiting https://console.developers.google.com/apis/api/compute.googleapis.com/overview?project=850162149337 then retry. If you enabled this API recently, wait a few minutes for the action to propagate to our systems and retry.","status":403}
[debug] [2026-04-22T01:55:12.863Z] Checked if tokens are valid: true, expires at: 1776826494244
[debug] [2026-04-22T01:55:12.863Z] Checked if tokens are valid: true, expires at: 1776826494244
[debug] [2026-04-22T01:55:12.863Z] >>> [apiv2][query] GET https://compute.googleapis.com/compute/v1/projects/850162149337 [none]
[debug] [2026-04-22T01:55:13.029Z] <<< [apiv2][status] GET https://compute.googleapis.com/compute/v1/projects/850162149337 403
[debug] [2026-04-22T01:55:13.030Z] <<< [apiv2][body] GET https://compute.googleapis.com/compute/v1/projects/850162149337 {"error":{"code":403,"message":"Compute Engine API has not been used in project 850162149337 before or it is disabled. Enable it by visiting https://console.developers.google.com/apis/api/compute.googleapis.com/overview?project=850162149337 then retry. If you enabled this API recently, wait a few minutes for the action to propagate to our systems and retry.","errors":[{"message":"Compute Engine API has not been used in project 850162149337 before or it is disabled. Enable it by visiting https://console.developers.google.com/apis/api/compute.googleapis.com/overview?project=850162149337 then retry. If you enabled this API recently, wait a few minutes for the action to propagate to our systems and retry.","domain":"usageLimits","reason":"accessNotConfigured","extendedHelp":"https://console.developers.google.com"}],"status":"PERMISSION_DENIED","details":[{"@type":"type.googleapis.com/google.rpc.ErrorInfo","reason":"SERVICE_DISABLED","domain":"googleapis.com","metadata":{"activationUrl":"https://console.developers.google.com/apis/api/compute.googleapis.com/overview?project=850162149337","consumer":"projects/850162149337","serviceTitle":"Compute Engine API","service":"compute.googleapis.com","containerInfo":"850162149337"}},{"@type":"type.googleapis.com/google.rpc.LocalizedMessage","locale":"en-US","message":"Compute Engine API has not been used in project 850162149337 before or it is disabled. Enable it by visiting https://console.developers.google.com/apis/api/compute.googleapis.com/overview?project=850162149337 then retry. If you enabled this API recently, wait a few minutes for the action to propagate to our systems and retry."},{"@type":"type.googleapis.com/google.rpc.Help","links":[{"description":"Google developers console API activation","url":"https://console.developers.google.com/apis/api/compute.googleapis.com/overview?project=850162149337"}]}]}}
[debug] [2026-04-22T01:55:13.030Z] unable to look up default compute service account. Falling back to 850162149337-compute@developer.gserviceaccount.com. Error: {"name":"FirebaseError","children":[],"context":{"body":{"error":{"code":403,"message":"Compute Engine API has not been used in project 850162149337 before or it is disabled. Enable it by visiting https://console.developers.google.com/apis/api/compute.googleapis.com/overview?project=850162149337 then retry. If you enabled this API recently, wait a few minutes for the action to propagate to our systems and retry.","errors":[{"message":"Compute Engine API has not been used in project 850162149337 before or it is disabled. Enable it by visiting https://console.developers.google.com/apis/api/compute.googleapis.com/overview?project=850162149337 then retry. If you enabled this API recently, wait a few minutes for the action to propagate to our systems and retry.","domain":"usageLimits","reason":"accessNotConfigured","extendedHelp":"https://console.developers.google.com"}],"status":"PERMISSION_DENIED","details":[{"@type":"type.googleapis.com/google.rpc.ErrorInfo","reason":"SERVICE_DISABLED","domain":"googleapis.com","metadata":{"activationUrl":"https://console.developers.google.com/apis/api/compute.googleapis.com/overview?project=850162149337","consumer":"projects/850162149337","serviceTitle":"Compute Engine API","service":"compute.googleapis.com","containerInfo":"850162149337"}},{"@type":"type.googleapis.com/google.rpc.LocalizedMessage","locale":"en-US","message":"Compute Engine API has not been used in project 850162149337 before or it is disabled. Enable it by visiting https://console.developers.google.com/apis/api/compute.googleapis.com/overview?project=850162149337 then retry. If you enabled this API recently, wait a few minutes for the action to propagate to our systems and retry."},{"@type":"type.googleapis.com/google.rpc.Help","links":[{"description":"Google developers console API activation","url":"https://console.developers.google.com/apis/api/compute.googleapis.com/overview?project=850162149337"}]}]}},"response":{"statusCode":403}},"exit":1,"message":"Request to https://compute.googleapis.com/compute/v1/projects/850162149337 had HTTP Error: 403, Compute Engine API has not been used in project 850162149337 before or it is disabled. Enable it by visiting https://console.developers.google.com/apis/api/compute.googleapis.com/overview?project=850162149337 then retry. If you enabled this API recently, wait a few minutes for the action to propagate to our systems and retry.","status":403}
[debug] [2026-04-22T01:55:13.030Z] Checked if tokens are valid: true, expires at: 1776826494244
[debug] [2026-04-22T01:55:13.030Z] Checked if tokens are valid: true, expires at: 1776826494244
[debug] [2026-04-22T01:55:13.030Z] >>> [apiv2][query] GET https://compute.googleapis.com/compute/v1/projects/850162149337 [none]
[debug] [2026-04-22T01:55:13.155Z] <<< [apiv2][status] GET https://compute.googleapis.com/compute/v1/projects/850162149337 403
[debug] [2026-04-22T01:55:13.155Z] <<< [apiv2][body] GET https://compute.googleapis.com/compute/v1/projects/850162149337 {"error":{"code":403,"message":"Compute Engine API has not been used in project 850162149337 before or it is disabled. Enable it by visiting https://console.developers.google.com/apis/api/compute.googleapis.com/overview?project=850162149337 then retry. If you enabled this API recently, wait a few minutes for the action to propagate to our systems and retry.","errors":[{"message":"Compute Engine API has not been used in project 850162149337 before or it is disabled. Enable it by visiting https://console.developers.google.com/apis/api/compute.googleapis.com/overview?project=850162149337 then retry. If you enabled this API recently, wait a few minutes for the action to propagate to our systems and retry.","domain":"usageLimits","reason":"accessNotConfigured","extendedHelp":"https://console.developers.google.com"}],"status":"PERMISSION_DENIED","details":[{"@type":"type.googleapis.com/google.rpc.ErrorInfo","reason":"SERVICE_DISABLED","domain":"googleapis.com","metadata":{"serviceTitle":"Compute Engine API","service":"compute.googleapis.com","consumer":"projects/850162149337","activationUrl":"https://console.developers.google.com/apis/api/compute.googleapis.com/overview?project=850162149337","containerInfo":"850162149337"}},{"@type":"type.googleapis.com/google.rpc.LocalizedMessage","locale":"en-US","message":"Compute Engine API has not been used in project 850162149337 before or it is disabled. Enable it by visiting https://console.developers.google.com/apis/api/compute.googleapis.com/overview?project=850162149337 then retry. If you enabled this API recently, wait a few minutes for the action to propagate to our systems and retry."},{"@type":"type.googleapis.com/google.rpc.Help","links":[{"description":"Google developers console API activation","url":"https://console.developers.google.com/apis/api/compute.googleapis.com/overview?project=850162149337"}]}]}}
[debug] [2026-04-22T01:55:13.156Z] unable to look up default compute service account. Falling back to 850162149337-compute@developer.gserviceaccount.com. Error: {"name":"FirebaseError","children":[],"context":{"body":{"error":{"code":403,"message":"Compute Engine API has not been used in project 850162149337 before or it is disabled. Enable it by visiting https://console.developers.google.com/apis/api/compute.googleapis.com/overview?project=850162149337 then retry. If you enabled this API recently, wait a few minutes for the action to propagate to our systems and retry.","errors":[{"message":"Compute Engine API has not been used in project 850162149337 before or it is disabled. Enable it by visiting https://console.developers.google.com/apis/api/compute.googleapis.com/overview?project=850162149337 then retry. If you enabled this API recently, wait a few minutes for the action to propagate to our systems and retry.","domain":"usageLimits","reason":"accessNotConfigured","extendedHelp":"https://console.developers.google.com"}],"status":"PERMISSION_DENIED","details":[{"@type":"type.googleapis.com/google.rpc.ErrorInfo","reason":"SERVICE_DISABLED","domain":"googleapis.com","metadata":{"serviceTitle":"Compute Engine API","service":"compute.googleapis.com","consumer":"projects/850162149337","activationUrl":"https://console.developers.google.com/apis/api/compute.googleapis.com/overview?project=850162149337","containerInfo":"850162149337"}},{"@type":"type.googleapis.com/google.rpc.LocalizedMessage","locale":"en-US","message":"Compute Engine API has not been used in project 850162149337 before or it is disabled. Enable it by visiting https://console.developers.google.com/apis/api/compute.googleapis.com/overview?project=850162149337 then retry. If you enabled this API recently, wait a few minutes for the action to propagate to our systems and retry."},{"@type":"type.googleapis.com/google.rpc.Help","links":[{"description":"Google developers console API activation","url":"https://console.developers.google.com/apis/api/compute.googleapis.com/overview?project=850162149337"}]}]}},"response":{"statusCode":403}},"exit":1,"message":"Request to https://compute.googleapis.com/compute/v1/projects/850162149337 had HTTP Error: 403, Compute Engine API has not been used in project 850162149337 before or it is disabled. Enable it by visiting https://console.developers.google.com/apis/api/compute.googleapis.com/overview?project=850162149337 then retry. If you enabled this API recently, wait a few minutes for the action to propagate to our systems and retry.","status":403}
[debug] [2026-04-22T01:55:13.156Z] Checked if tokens are valid: true, expires at: 1776826494244
[debug] [2026-04-22T01:55:13.156Z] Checked if tokens are valid: true, expires at: 1776826494244
[debug] [2026-04-22T01:55:13.157Z] >>> [apiv2][query] GET https://compute.googleapis.com/compute/v1/projects/850162149337 [none]
[debug] [2026-04-22T01:55:13.249Z] <<< [apiv2][status] GET https://compute.googleapis.com/compute/v1/projects/850162149337 403
[debug] [2026-04-22T01:55:13.249Z] <<< [apiv2][body] GET https://compute.googleapis.com/compute/v1/projects/850162149337 {"error":{"code":403,"message":"Compute Engine API has not been used in project 850162149337 before or it is disabled. Enable it by visiting https://console.developers.google.com/apis/api/compute.googleapis.com/overview?project=850162149337 then retry. If you enabled this API recently, wait a few minutes for the action to propagate to our systems and retry.","errors":[{"message":"Compute Engine API has not been used in project 850162149337 before or it is disabled. Enable it by visiting https://console.developers.google.com/apis/api/compute.googleapis.com/overview?project=850162149337 then retry. If you enabled this API recently, wait a few minutes for the action to propagate to our systems and retry.","domain":"usageLimits","reason":"accessNotConfigured","extendedHelp":"https://console.developers.google.com"}],"status":"PERMISSION_DENIED","details":[{"@type":"type.googleapis.com/google.rpc.ErrorInfo","reason":"SERVICE_DISABLED","domain":"googleapis.com","metadata":{"service":"compute.googleapis.com","containerInfo":"850162149337","activationUrl":"https://console.developers.google.com/apis/api/compute.googleapis.com/overview?project=850162149337","serviceTitle":"Compute Engine API","consumer":"projects/850162149337"}},{"@type":"type.googleapis.com/google.rpc.LocalizedMessage","locale":"en-US","message":"Compute Engine API has not been used in project 850162149337 before or it is disabled. Enable it by visiting https://console.developers.google.com/apis/api/compute.googleapis.com/overview?project=850162149337 then retry. If you enabled this API recently, wait a few minutes for the action to propagate to our systems and retry."},{"@type":"type.googleapis.com/google.rpc.Help","links":[{"description":"Google developers console API activation","url":"https://console.developers.google.com/apis/api/compute.googleapis.com/overview?project=850162149337"}]}]}}
[debug] [2026-04-22T01:55:13.250Z] unable to look up default compute service account. Falling back to 850162149337-compute@developer.gserviceaccount.com. Error: {"name":"FirebaseError","children":[],"context":{"body":{"error":{"code":403,"message":"Compute Engine API has not been used in project 850162149337 before or it is disabled. Enable it by visiting https://console.developers.google.com/apis/api/compute.googleapis.com/overview?project=850162149337 then retry. If you enabled this API recently, wait a few minutes for the action to propagate to our systems and retry.","errors":[{"message":"Compute Engine API has not been used in project 850162149337 before or it is disabled. Enable it by visiting https://console.developers.google.com/apis/api/compute.googleapis.com/overview?project=850162149337 then retry. If you enabled this API recently, wait a few minutes for the action to propagate to our systems and retry.","domain":"usageLimits","reason":"accessNotConfigured","extendedHelp":"https://console.developers.google.com"}],"status":"PERMISSION_DENIED","details":[{"@type":"type.googleapis.com/google.rpc.ErrorInfo","reason":"SERVICE_DISABLED","domain":"googleapis.com","metadata":{"service":"compute.googleapis.com","containerInfo":"850162149337","activationUrl":"https://console.developers.google.com/apis/api/compute.googleapis.com/overview?project=850162149337","serviceTitle":"Compute Engine API","consumer":"projects/850162149337"}},{"@type":"type.googleapis.com/google.rpc.LocalizedMessage","locale":"en-US","message":"Compute Engine API has not been used in project 850162149337 before or it is disabled. Enable it by visiting https://console.developers.google.com/apis/api/compute.googleapis.com/overview?project=850162149337 then retry. If you enabled this API recently, wait a few minutes for the action to propagate to our systems and retry."},{"@type":"type.googleapis.com/google.rpc.Help","links":[{"description":"Google developers console API activation","url":"https://console.developers.google.com/apis/api/compute.googleapis.com/overview?project=850162149337"}]}]}},"response":{"statusCode":403}},"exit":1,"message":"Request to https://compute.googleapis.com/compute/v1/projects/850162149337 had HTTP Error: 403, Compute Engine API has not been used in project 850162149337 before or it is disabled. Enable it by visiting https://console.developers.google.com/apis/api/compute.googleapis.com/overview?project=850162149337 then retry. If you enabled this API recently, wait a few minutes for the action to propagate to our systems and retry.","status":403}
[debug] [2026-04-22T01:55:13.250Z] Checked if tokens are valid: true, expires at: 1776826494244
[debug] [2026-04-22T01:55:13.250Z] Checked if tokens are valid: true, expires at: 1776826494244
[debug] [2026-04-22T01:55:13.250Z] >>> [apiv2][query] GET https://compute.googleapis.com/compute/v1/projects/850162149337 [none]
[debug] [2026-04-22T01:55:13.358Z] <<< [apiv2][status] GET https://compute.googleapis.com/compute/v1/projects/850162149337 403
[debug] [2026-04-22T01:55:13.358Z] <<< [apiv2][body] GET https://compute.googleapis.com/compute/v1/projects/850162149337 {"error":{"code":403,"message":"Compute Engine API has not been used in project 850162149337 before or it is disabled. Enable it by visiting https://console.developers.google.com/apis/api/compute.googleapis.com/overview?project=850162149337 then retry. If you enabled this API recently, wait a few minutes for the action to propagate to our systems and retry.","errors":[{"message":"Compute Engine API has not been used in project 850162149337 before or it is disabled. Enable it by visiting https://console.developers.google.com/apis/api/compute.googleapis.com/overview?project=850162149337 then retry. If you enabled this API recently, wait a few minutes for the action to propagate to our systems and retry.","domain":"usageLimits","reason":"accessNotConfigured","extendedHelp":"https://console.developers.google.com"}],"status":"PERMISSION_DENIED","details":[{"@type":"type.googleapis.com/google.rpc.ErrorInfo","reason":"SERVICE_DISABLED","domain":"googleapis.com","metadata":{"service":"compute.googleapis.com","containerInfo":"850162149337","activationUrl":"https://console.developers.google.com/apis/api/compute.googleapis.com/overview?project=850162149337","serviceTitle":"Compute Engine API","consumer":"projects/850162149337"}},{"@type":"type.googleapis.com/google.rpc.LocalizedMessage","locale":"en-US","message":"Compute Engine API has not been used in project 850162149337 before or it is disabled. Enable it by visiting https://console.developers.google.com/apis/api/compute.googleapis.com/overview?project=850162149337 then retry. If you enabled this API recently, wait a few minutes for the action to propagate to our systems and retry."},{"@type":"type.googleapis.com/google.rpc.Help","links":[{"description":"Google developers console API activation","url":"https://console.developers.google.com/apis/api/compute.googleapis.com/overview?project=850162149337"}]}]}}
[debug] [2026-04-22T01:55:13.358Z] unable to look up default compute service account. Falling back to 850162149337-compute@developer.gserviceaccount.com. Error: {"name":"FirebaseError","children":[],"context":{"body":{"error":{"code":403,"message":"Compute Engine API has not been used in project 850162149337 before or it is disabled. Enable it by visiting https://console.developers.google.com/apis/api/compute.googleapis.com/overview?project=850162149337 then retry. If you enabled this API recently, wait a few minutes for the action to propagate to our systems and retry.","errors":[{"message":"Compute Engine API has not been used in project 850162149337 before or it is disabled. Enable it by visiting https://console.developers.google.com/apis/api/compute.googleapis.com/overview?project=850162149337 then retry. If you enabled this API recently, wait a few minutes for the action to propagate to our systems and retry.","domain":"usageLimits","reason":"accessNotConfigured","extendedHelp":"https://console.developers.google.com"}],"status":"PERMISSION_DENIED","details":[{"@type":"type.googleapis.com/google.rpc.ErrorInfo","reason":"SERVICE_DISABLED","domain":"googleapis.com","metadata":{"service":"compute.googleapis.com","containerInfo":"850162149337","activationUrl":"https://console.developers.google.com/apis/api/compute.googleapis.com/overview?project=850162149337","serviceTitle":"Compute Engine API","consumer":"projects/850162149337"}},{"@type":"type.googleapis.com/google.rpc.LocalizedMessage","locale":"en-US","message":"Compute Engine API has not been used in project 850162149337 before or it is disabled. Enable it by visiting https://console.developers.google.com/apis/api/compute.googleapis.com/overview?project=850162149337 then retry. If you enabled this API recently, wait a few minutes for the action to propagate to our systems and retry."},{"@type":"type.googleapis.com/google.rpc.Help","links":[{"description":"Google developers console API activation","url":"https://console.developers.google.com/apis/api/compute.googleapis.com/overview?project=850162149337"}]}]}},"response":{"statusCode":403}},"exit":1,"message":"Request to https://compute.googleapis.com/compute/v1/projects/850162149337 had HTTP Error: 403, Compute Engine API has not been used in project 850162149337 before or it is disabled. Enable it by visiting https://console.developers.google.com/apis/api/compute.googleapis.com/overview?project=850162149337 then retry. If you enabled this API recently, wait a few minutes for the action to propagate to our systems and retry.","status":403}
[debug] [2026-04-22T01:55:13.358Z] Checked if tokens are valid: true, expires at: 1776826494244
[debug] [2026-04-22T01:55:13.358Z] Checked if tokens are valid: true, expires at: 1776826494244
[debug] [2026-04-22T01:55:13.359Z] >>> [apiv2][query] GET https://compute.googleapis.com/compute/v1/projects/850162149337 [none]
[debug] [2026-04-22T01:55:13.476Z] <<< [apiv2][status] GET https://compute.googleapis.com/compute/v1/projects/850162149337 403
[debug] [2026-04-22T01:55:13.477Z] <<< [apiv2][body] GET https://compute.googleapis.com/compute/v1/projects/850162149337 {"error":{"code":403,"message":"Compute Engine API has not been used in project 850162149337 before or it is disabled. Enable it by visiting https://console.developers.google.com/apis/api/compute.googleapis.com/overview?project=850162149337 then retry. If you enabled this API recently, wait a few minutes for the action to propagate to our systems and retry.","errors":[{"message":"Compute Engine API has not been used in project 850162149337 before or it is disabled. Enable it by visiting https://console.developers.google.com/apis/api/compute.googleapis.com/overview?project=850162149337 then retry. If you enabled this API recently, wait a few minutes for the action to propagate to our systems and retry.","domain":"usageLimits","reason":"accessNotConfigured","extendedHelp":"https://console.developers.google.com"}],"status":"PERMISSION_DENIED","details":[{"@type":"type.googleapis.com/google.rpc.ErrorInfo","reason":"SERVICE_DISABLED","domain":"googleapis.com","metadata":{"serviceTitle":"Compute Engine API","service":"compute.googleapis.com","consumer":"projects/850162149337","activationUrl":"https://console.developers.google.com/apis/api/compute.googleapis.com/overview?project=850162149337","containerInfo":"850162149337"}},{"@type":"type.googleapis.com/google.rpc.LocalizedMessage","locale":"en-US","message":"Compute Engine API has not been used in project 850162149337 before or it is disabled. Enable it by visiting https://console.developers.google.com/apis/api/compute.googleapis.com/overview?project=850162149337 then retry. If you enabled this API recently, wait a few minutes for the action to propagate to our systems and retry."},{"@type":"type.googleapis.com/google.rpc.Help","links":[{"description":"Google developers console API activation","url":"https://console.developers.google.com/apis/api/compute.googleapis.com/overview?project=850162149337"}]}]}}
[debug] [2026-04-22T01:55:13.477Z] unable to look up default compute service account. Falling back to 850162149337-compute@developer.gserviceaccount.com. Error: {"name":"FirebaseError","children":[],"context":{"body":{"error":{"code":403,"message":"Compute Engine API has not been used in project 850162149337 before or it is disabled. Enable it by visiting https://console.developers.google.com/apis/api/compute.googleapis.com/overview?project=850162149337 then retry. If you enabled this API recently, wait a few minutes for the action to propagate to our systems and retry.","errors":[{"message":"Compute Engine API has not been used in project 850162149337 before or it is disabled. Enable it by visiting https://console.developers.google.com/apis/api/compute.googleapis.com/overview?project=850162149337 then retry. If you enabled this API recently, wait a few minutes for the action to propagate to our systems and retry.","domain":"usageLimits","reason":"accessNotConfigured","extendedHelp":"https://console.developers.google.com"}],"status":"PERMISSION_DENIED","details":[{"@type":"type.googleapis.com/google.rpc.ErrorInfo","reason":"SERVICE_DISABLED","domain":"googleapis.com","metadata":{"serviceTitle":"Compute Engine API","service":"compute.googleapis.com","consumer":"projects/850162149337","activationUrl":"https://console.developers.google.com/apis/api/compute.googleapis.com/overview?project=850162149337","containerInfo":"850162149337"}},{"@type":"type.googleapis.com/google.rpc.LocalizedMessage","locale":"en-US","message":"Compute Engine API has not been used in project 850162149337 before or it is disabled. Enable it by visiting https://console.developers.google.com/apis/api/compute.googleapis.com/overview?project=850162149337 then retry. If you enabled this API recently, wait a few minutes for the action to propagate to our systems and retry."},{"@type":"type.googleapis.com/google.rpc.Help","links":[{"description":"Google developers console API activation","url":"https://console.developers.google.com/apis/api/compute.googleapis.com/overview?project=850162149337"}]}]}},"response":{"statusCode":403}},"exit":1,"message":"Request to https://compute.googleapis.com/compute/v1/projects/850162149337 had HTTP Error: 403, Compute Engine API has not been used in project 850162149337 before or it is disabled. Enable it by visiting https://console.developers.google.com/apis/api/compute.googleapis.com/overview?project=850162149337 then retry. If you enabled this API recently, wait a few minutes for the action to propagate to our systems and retry.","status":403}
[debug] [2026-04-22T01:55:13.477Z] Checked if tokens are valid: true, expires at: 1776826494244
[debug] [2026-04-22T01:55:13.477Z] Checked if tokens are valid: true, expires at: 1776826494244
[debug] [2026-04-22T01:55:13.477Z] >>> [apiv2][query] GET https://compute.googleapis.com/compute/v1/projects/850162149337 [none]
[debug] [2026-04-22T01:55:13.604Z] <<< [apiv2][status] GET https://compute.googleapis.com/compute/v1/projects/850162149337 403
[debug] [2026-04-22T01:55:13.604Z] <<< [apiv2][body] GET https://compute.googleapis.com/compute/v1/projects/850162149337 {"error":{"code":403,"message":"Compute Engine API has not been used in project 850162149337 before or it is disabled. Enable it by visiting https://console.developers.google.com/apis/api/compute.googleapis.com/overview?project=850162149337 then retry. If you enabled this API recently, wait a few minutes for the action to propagate to our systems and retry.","errors":[{"message":"Compute Engine API has not been used in project 850162149337 before or it is disabled. Enable it by visiting https://console.developers.google.com/apis/api/compute.googleapis.com/overview?project=850162149337 then retry. If you enabled this API recently, wait a few minutes for the action to propagate to our systems and retry.","domain":"usageLimits","reason":"accessNotConfigured","extendedHelp":"https://console.developers.google.com"}],"status":"PERMISSION_DENIED","details":[{"@type":"type.googleapis.com/google.rpc.ErrorInfo","reason":"SERVICE_DISABLED","domain":"googleapis.com","metadata":{"serviceTitle":"Compute Engine API","service":"compute.googleapis.com","containerInfo":"850162149337","consumer":"projects/850162149337","activationUrl":"https://console.developers.google.com/apis/api/compute.googleapis.com/overview?project=850162149337"}},{"@type":"type.googleapis.com/google.rpc.LocalizedMessage","locale":"en-US","message":"Compute Engine API has not been used in project 850162149337 before or it is disabled. Enable it by visiting https://console.developers.google.com/apis/api/compute.googleapis.com/overview?project=850162149337 then retry. If you enabled this API recently, wait a few minutes for the action to propagate to our systems and retry."},{"@type":"type.googleapis.com/google.rpc.Help","links":[{"description":"Google developers console API activation","url":"https://console.developers.google.com/apis/api/compute.googleapis.com/overview?project=850162149337"}]}]}}
[debug] [2026-04-22T01:55:13.604Z] unable to look up default compute service account. Falling back to 850162149337-compute@developer.gserviceaccount.com. Error: {"name":"FirebaseError","children":[],"context":{"body":{"error":{"code":403,"message":"Compute Engine API has not been used in project 850162149337 before or it is disabled. Enable it by visiting https://console.developers.google.com/apis/api/compute.googleapis.com/overview?project=850162149337 then retry. If you enabled this API recently, wait a few minutes for the action to propagate to our systems and retry.","errors":[{"message":"Compute Engine API has not been used in project 850162149337 before or it is disabled. Enable it by visiting https://console.developers.google.com/apis/api/compute.googleapis.com/overview?project=850162149337 then retry. If you enabled this API recently, wait a few minutes for the action to propagate to our systems and retry.","domain":"usageLimits","reason":"accessNotConfigured","extendedHelp":"https://console.developers.google.com"}],"status":"PERMISSION_DENIED","details":[{"@type":"type.googleapis.com/google.rpc.ErrorInfo","reason":"SERVICE_DISABLED","domain":"googleapis.com","metadata":{"serviceTitle":"Compute Engine API","service":"compute.googleapis.com","containerInfo":"850162149337","consumer":"projects/850162149337","activationUrl":"https://console.developers.google.com/apis/api/compute.googleapis.com/overview?project=850162149337"}},{"@type":"type.googleapis.com/google.rpc.LocalizedMessage","locale":"en-US","message":"Compute Engine API has not been used in project 850162149337 before or it is disabled. Enable it by visiting https://console.developers.google.com/apis/api/compute.googleapis.com/overview?project=850162149337 then retry. If you enabled this API recently, wait a few minutes for the action to propagate to our systems and retry."},{"@type":"type.googleapis.com/google.rpc.Help","links":[{"description":"Google developers console API activation","url":"https://console.developers.google.com/apis/api/compute.googleapis.com/overview?project=850162149337"}]}]}},"response":{"statusCode":403}},"exit":1,"message":"Request to https://compute.googleapis.com/compute/v1/projects/850162149337 had HTTP Error: 403, Compute Engine API has not been used in project 850162149337 before or it is disabled. Enable it by visiting https://console.developers.google.com/apis/api/compute.googleapis.com/overview?project=850162149337 then retry. If you enabled this API recently, wait a few minutes for the action to propagate to our systems and retry.","status":403}
[debug] [2026-04-22T01:55:13.605Z] Checked if tokens are valid: true, expires at: 1776826494244
[debug] [2026-04-22T01:55:13.605Z] Checked if tokens are valid: true, expires at: 1776826494244
[debug] [2026-04-22T01:55:13.605Z] >>> [apiv2][query] GET https://compute.googleapis.com/compute/v1/projects/850162149337 [none]
[debug] [2026-04-22T01:55:13.897Z] <<< [apiv2][status] GET https://compute.googleapis.com/compute/v1/projects/850162149337 403
[debug] [2026-04-22T01:55:13.897Z] <<< [apiv2][body] GET https://compute.googleapis.com/compute/v1/projects/850162149337 {"error":{"code":403,"message":"Compute Engine API has not been used in project 850162149337 before or it is disabled. Enable it by visiting https://console.developers.google.com/apis/api/compute.googleapis.com/overview?project=850162149337 then retry. If you enabled this API recently, wait a few minutes for the action to propagate to our systems and retry.","errors":[{"message":"Compute Engine API has not been used in project 850162149337 before or it is disabled. Enable it by visiting https://console.developers.google.com/apis/api/compute.googleapis.com/overview?project=850162149337 then retry. If you enabled this API recently, wait a few minutes for the action to propagate to our systems and retry.","domain":"usageLimits","reason":"accessNotConfigured","extendedHelp":"https://console.developers.google.com"}],"status":"PERMISSION_DENIED","details":[{"@type":"type.googleapis.com/google.rpc.ErrorInfo","reason":"SERVICE_DISABLED","domain":"googleapis.com","metadata":{"containerInfo":"850162149337","service":"compute.googleapis.com","activationUrl":"https://console.developers.google.com/apis/api/compute.googleapis.com/overview?project=850162149337","consumer":"projects/850162149337","serviceTitle":"Compute Engine API"}},{"@type":"type.googleapis.com/google.rpc.LocalizedMessage","locale":"en-US","message":"Compute Engine API has not been used in project 850162149337 before or it is disabled. Enable it by visiting https://console.developers.google.com/apis/api/compute.googleapis.com/overview?project=850162149337 then retry. If you enabled this API recently, wait a few minutes for the action to propagate to our systems and retry."},{"@type":"type.googleapis.com/google.rpc.Help","links":[{"description":"Google developers console API activation","url":"https://console.developers.google.com/apis/api/compute.googleapis.com/overview?project=850162149337"}]}]}}
[debug] [2026-04-22T01:55:13.897Z] unable to look up default compute service account. Falling back to 850162149337-compute@developer.gserviceaccount.com. Error: {"name":"FirebaseError","children":[],"context":{"body":{"error":{"code":403,"message":"Compute Engine API has not been used in project 850162149337 before or it is disabled. Enable it by visiting https://console.developers.google.com/apis/api/compute.googleapis.com/overview?project=850162149337 then retry. If you enabled this API recently, wait a few minutes for the action to propagate to our systems and retry.","errors":[{"message":"Compute Engine API has not been used in project 850162149337 before or it is disabled. Enable it by visiting https://console.developers.google.com/apis/api/compute.googleapis.com/overview?project=850162149337 then retry. If you enabled this API recently, wait a few minutes for the action to propagate to our systems and retry.","domain":"usageLimits","reason":"accessNotConfigured","extendedHelp":"https://console.developers.google.com"}],"status":"PERMISSION_DENIED","details":[{"@type":"type.googleapis.com/google.rpc.ErrorInfo","reason":"SERVICE_DISABLED","domain":"googleapis.com","metadata":{"containerInfo":"850162149337","service":"compute.googleapis.com","activationUrl":"https://console.developers.google.com/apis/api/compute.googleapis.com/overview?project=850162149337","consumer":"projects/850162149337","serviceTitle":"Compute Engine API"}},{"@type":"type.googleapis.com/google.rpc.LocalizedMessage","locale":"en-US","message":"Compute Engine API has not been used in project 850162149337 before or it is disabled. Enable it by visiting https://console.developers.google.com/apis/api/compute.googleapis.com/overview?project=850162149337 then retry. If you enabled this API recently, wait a few minutes for the action to propagate to our systems and retry."},{"@type":"type.googleapis.com/google.rpc.Help","links":[{"description":"Google developers console API activation","url":"https://console.developers.google.com/apis/api/compute.googleapis.com/overview?project=850162149337"}]}]}},"response":{"statusCode":403}},"exit":1,"message":"Request to https://compute.googleapis.com/compute/v1/projects/850162149337 had HTTP Error: 403, Compute Engine API has not been used in project 850162149337 before or it is disabled. Enable it by visiting https://console.developers.google.com/apis/api/compute.googleapis.com/overview?project=850162149337 then retry. If you enabled this API recently, wait a few minutes for the action to propagate to our systems and retry.","status":403}
[debug] [2026-04-22T01:55:13.897Z] Checked if tokens are valid: true, expires at: 1776826494244
[debug] [2026-04-22T01:55:13.898Z] Checked if tokens are valid: true, expires at: 1776826494244
[debug] [2026-04-22T01:55:13.898Z] >>> [apiv2][query] GET https://compute.googleapis.com/compute/v1/projects/850162149337 [none]
[debug] [2026-04-22T01:55:14.017Z] <<< [apiv2][status] GET https://compute.googleapis.com/compute/v1/projects/850162149337 403
[debug] [2026-04-22T01:55:14.018Z] <<< [apiv2][body] GET https://compute.googleapis.com/compute/v1/projects/850162149337 {"error":{"code":403,"message":"Compute Engine API has not been used in project 850162149337 before or it is disabled. Enable it by visiting https://console.developers.google.com/apis/api/compute.googleapis.com/overview?project=850162149337 then retry. If you enabled this API recently, wait a few minutes for the action to propagate to our systems and retry.","errors":[{"message":"Compute Engine API has not been used in project 850162149337 before or it is disabled. Enable it by visiting https://console.developers.google.com/apis/api/compute.googleapis.com/overview?project=850162149337 then retry. If you enabled this API recently, wait a few minutes for the action to propagate to our systems and retry.","domain":"usageLimits","reason":"accessNotConfigured","extendedHelp":"https://console.developers.google.com"}],"status":"PERMISSION_DENIED","details":[{"@type":"type.googleapis.com/google.rpc.ErrorInfo","reason":"SERVICE_DISABLED","domain":"googleapis.com","metadata":{"service":"compute.googleapis.com","activationUrl":"https://console.developers.google.com/apis/api/compute.googleapis.com/overview?project=850162149337","serviceTitle":"Compute Engine API","containerInfo":"850162149337","consumer":"projects/850162149337"}},{"@type":"type.googleapis.com/google.rpc.LocalizedMessage","locale":"en-US","message":"Compute Engine API has not been used in project 850162149337 before or it is disabled. Enable it by visiting https://console.developers.google.com/apis/api/compute.googleapis.com/overview?project=850162149337 then retry. If you enabled this API recently, wait a few minutes for the action to propagate to our systems and retry."},{"@type":"type.googleapis.com/google.rpc.Help","links":[{"description":"Google developers console API activation","url":"https://console.developers.google.com/apis/api/compute.googleapis.com/overview?project=850162149337"}]}]}}
[debug] [2026-04-22T01:55:14.018Z] unable to look up default compute service account. Falling back to 850162149337-compute@developer.gserviceaccount.com. Error: {"name":"FirebaseError","children":[],"context":{"body":{"error":{"code":403,"message":"Compute Engine API has not been used in project 850162149337 before or it is disabled. Enable it by visiting https://console.developers.google.com/apis/api/compute.googleapis.com/overview?project=850162149337 then retry. If you enabled this API recently, wait a few minutes for the action to propagate to our systems and retry.","errors":[{"message":"Compute Engine API has not been used in project 850162149337 before or it is disabled. Enable it by visiting https://console.developers.google.com/apis/api/compute.googleapis.com/overview?project=850162149337 then retry. If you enabled this API recently, wait a few minutes for the action to propagate to our systems and retry.","domain":"usageLimits","reason":"accessNotConfigured","extendedHelp":"https://console.developers.google.com"}],"status":"PERMISSION_DENIED","details":[{"@type":"type.googleapis.com/google.rpc.ErrorInfo","reason":"SERVICE_DISABLED","domain":"googleapis.com","metadata":{"service":"compute.googleapis.com","activationUrl":"https://console.developers.google.com/apis/api/compute.googleapis.com/overview?project=850162149337","serviceTitle":"Compute Engine API","containerInfo":"850162149337","consumer":"projects/850162149337"}},{"@type":"type.googleapis.com/google.rpc.LocalizedMessage","locale":"en-US","message":"Compute Engine API has not been used in project 850162149337 before or it is disabled. Enable it by visiting https://console.developers.google.com/apis/api/compute.googleapis.com/overview?project=850162149337 then retry. If you enabled this API recently, wait a few minutes for the action to propagate to our systems and retry."},{"@type":"type.googleapis.com/google.rpc.Help","links":[{"description":"Google developers console API activation","url":"https://console.developers.google.com/apis/api/compute.googleapis.com/overview?project=850162149337"}]}]}},"response":{"statusCode":403}},"exit":1,"message":"Request to https://compute.googleapis.com/compute/v1/projects/850162149337 had HTTP Error: 403, Compute Engine API has not been used in project 850162149337 before or it is disabled. Enable it by visiting https://console.developers.google.com/apis/api/compute.googleapis.com/overview?project=850162149337 then retry. If you enabled this API recently, wait a few minutes for the action to propagate to our systems and retry.","status":403}
[debug] [2026-04-22T01:55:14.021Z] Checked if tokens are valid: true, expires at: 1776826494244
[debug] [2026-04-22T01:55:14.022Z] Checked if tokens are valid: true, expires at: 1776826494244
[debug] [2026-04-22T01:55:14.022Z] >>> [apiv2][query] POST https://firebasehosting.googleapis.com/v1beta1/projects/-/sites/kottage-v2/versions [none]
[debug] [2026-04-22T01:55:14.022Z] >>> [apiv2][body] POST https://firebasehosting.googleapis.com/v1beta1/projects/-/sites/kottage-v2/versions {"status":"CREATED","labels":{"deployment-tool":"cli-firebase"}}
[debug] [2026-04-22T01:55:16.027Z] <<< [apiv2][status] POST https://firebasehosting.googleapis.com/v1beta1/projects/-/sites/kottage-v2/versions 200
[debug] [2026-04-22T01:55:16.027Z] <<< [apiv2][body] POST https://firebasehosting.googleapis.com/v1beta1/projects/-/sites/kottage-v2/versions {"name":"projects/850162149337/sites/kottage-v2/versions/b9516addf042c652","status":"CREATED","config":{},"labels":{"deployment-tool":"cli-firebase"}}
[debug] [2026-04-22T01:55:16.028Z] Checked if tokens are valid: true, expires at: 1776826494244
[debug] [2026-04-22T01:55:16.029Z] Checked if tokens are valid: true, expires at: 1776826494244
[debug] [2026-04-22T01:55:16.029Z] >>> [apiv2][query] GET https://cloudbilling.googleapis.com/v1/projects/kottage-v2/billingInfo [none]
[debug] [2026-04-22T01:55:16.458Z] <<< [apiv2][status] GET https://cloudbilling.googleapis.com/v1/projects/kottage-v2/billingInfo 200
[debug] [2026-04-22T01:55:16.459Z] <<< [apiv2][body] GET https://cloudbilling.googleapis.com/v1/projects/kottage-v2/billingInfo {"name":"projects/kottage-v2/billingInfo","projectId":"kottage-v2","billingAccountName":"billingAccounts/012B99-E1D76B-688BDA","billingEnabled":true}
[debug] [2026-04-22T01:55:16.460Z] [functions] found 1 new HTTP functions, testing setIamPolicy permission...
[debug] [2026-04-22T01:55:16.460Z] Checked if tokens are valid: true, expires at: 1776826494244
[debug] [2026-04-22T01:55:16.460Z] Checked if tokens are valid: true, expires at: 1776826494244
[debug] [2026-04-22T01:55:16.460Z] >>> [apiv2][query] POST https://cloudresourcemanager.googleapis.com/v1/projects/kottage-v2:testIamPermissions [none]
[debug] [2026-04-22T01:55:16.460Z] >>> [apiv2][(partial)header] POST https://cloudresourcemanager.googleapis.com/v1/projects/kottage-v2:testIamPermissions x-goog-quota-user=projects/kottage-v2
[debug] [2026-04-22T01:55:16.460Z] >>> [apiv2][body] POST https://cloudresourcemanager.googleapis.com/v1/projects/kottage-v2:testIamPermissions {"permissions":["cloudfunctions.functions.setIamPolicy"]}
[debug] [2026-04-22T01:55:16.575Z] <<< [apiv2][status] POST https://cloudresourcemanager.googleapis.com/v1/projects/kottage-v2:testIamPermissions 200
[debug] [2026-04-22T01:55:16.575Z] <<< [apiv2][body] POST https://cloudresourcemanager.googleapis.com/v1/projects/kottage-v2:testIamPermissions {"permissions":["cloudfunctions.functions.setIamPolicy"]}
[debug] [2026-04-22T01:55:16.576Z] [functions] found setIamPolicy permission, proceeding with deploy
[debug] [2026-04-22T01:55:16.577Z] Checked if tokens are valid: true, expires at: 1776826494244
[debug] [2026-04-22T01:55:16.577Z] Checked if tokens are valid: true, expires at: 1776826494244
[debug] [2026-04-22T01:55:16.577Z] >>> [apiv2][query] POST https://cloudfunctions.googleapis.com/v2/projects/kottage-v2/locations/us-central1/functions:generateUploadUrl [none]
[debug] [2026-04-22T01:55:17.094Z] <<< [apiv2][status] POST https://cloudfunctions.googleapis.com/v2/projects/kottage-v2/locations/us-central1/functions:generateUploadUrl 200
[debug] [2026-04-22T01:55:17.094Z] <<< [apiv2][body] POST https://cloudfunctions.googleapis.com/v2/projects/kottage-v2/locations/us-central1/functions:generateUploadUrl {"uploadUrl":"https://storage.googleapis.com/gcf-v2-uploads-850162149337.us-central1.cloudfunctions.appspot.com/416131e2-0c72-4abc-8f5b-5663b30758ed.zip?GoogleAccessId=service-850162149337@gcf-admin-robot.iam.gserviceaccount.com&Expires=1776824716&Signature=Fo7zknDtdM0XEUCH3u%2F7xOeGBsMXxCJ7z3nz1bTCSmdjTrr%2FSgcKJ4MVUfqINk9YFMEUEpTDSt3FYgS2BHCRy2KmVq328o2SYC4%2BXqJrfxcCvnE8fHmWPvR0aQmIcRodjCXquZrfT79OBWsA9GFEmM8m3gxCJ1lJfDl0HZKHDGndTEJsOif4JhyxCxv5vIPJLLEEPK5SgbHZB%2FfZahzAzukV9Jou1%2FRz0AxhmofXeLotfxx0q5BFWP62%2FYgYdwb%2FHGxjp4hp13RrftBgsiXUjnFz9Y%2BkJQeAZogli0O0ClljGK%2BN3BVVDn86%2FNUURYsRm6Lkp8g6YSA0rbjZtdpe%2FQ%3D%3D","storageSource":{"bucket":"gcf-v2-uploads-850162149337.us-central1.cloudfunctions.appspot.com","object":"416131e2-0c72-4abc-8f5b-5663b30758ed.zip"}}
[debug] [2026-04-22T01:55:17.095Z] >>> [apiv2][query] PUT https://storage.googleapis.com/gcf-v2-uploads-850162149337.us-central1.cloudfunctions.appspot.com/416131e2-0c72-4abc-8f5b-5663b30758ed.zip GoogleAccessId=service-850162149337%40gcf-admin-robot.iam.gserviceaccount.com&Expires=1776824716&Signature=Fo7zknDtdM0XEUCH3u%2F7xOeGBsMXxCJ7z3nz1bTCSmdjTrr%2FSgcKJ4MVUfqINk9YFMEUEpTDSt3FYgS2BHCRy2KmVq328o2SYC4%2BXqJrfxcCvnE8fHmWPvR0aQmIcRodjCXquZrfT79OBWsA9GFEmM8m3gxCJ1lJfDl0HZKHDGndTEJsOif4JhyxCxv5vIPJLLEEPK5SgbHZB%2FfZahzAzukV9Jou1%2FRz0AxhmofXeLotfxx0q5BFWP62%2FYgYdwb%2FHGxjp4hp13RrftBgsiXUjnFz9Y%2BkJQeAZogli0O0ClljGK%2BN3BVVDn86%2FNUURYsRm6Lkp8g6YSA0rbjZtdpe%2FQ%3D%3D
[debug] [2026-04-22T01:55:17.096Z] >>> [apiv2][body] PUT https://storage.googleapis.com/gcf-v2-uploads-850162149337.us-central1.cloudfunctions.appspot.com/416131e2-0c72-4abc-8f5b-5663b30758ed.zip [stream]
[debug] [2026-04-22T01:55:17.613Z] <<< [apiv2][status] PUT https://storage.googleapis.com/gcf-v2-uploads-850162149337.us-central1.cloudfunctions.appspot.com/416131e2-0c72-4abc-8f5b-5663b30758ed.zip 200
[debug] [2026-04-22T01:55:17.613Z] <<< [apiv2][body] PUT https://storage.googleapis.com/gcf-v2-uploads-850162149337.us-central1.cloudfunctions.appspot.com/416131e2-0c72-4abc-8f5b-5663b30758ed.zip [omitted]
[info] +  functions: functions folder uploaded successfully 
[info] i  hosting[kottage-v2]: beginning deploy... 
[info] i  hosting[kottage-v2]: found 46 files in build 
[debug] [2026-04-22T01:55:17.638Z] [hosting] uploading with 200 concurrency
[debug] [2026-04-22T01:55:17.639Z] [hosting] hash cache [YnVpbGQ] not populated
[debug] [2026-04-22T01:55:19.080Z] Checked if tokens are valid: true, expires at: 1776826494244
[debug] [2026-04-22T01:55:19.080Z] Checked if tokens are valid: true, expires at: 1776826494244
[debug] [2026-04-22T01:55:19.082Z] [hosting] hash cache [YnVpbGQ] stored for 46 files
[debug] [2026-04-22T01:55:19.082Z] [hosting][hash queue][FINAL] {"max":1438,"min":11,"avg":83.41304347826086,"active":0,"complete":46,"success":46,"errored":0,"retried":0,"total":46,"elapsed":1443}
[debug] [2026-04-22T01:55:19.082Z] >>> [apiv2][query] POST https://firebasehosting.googleapis.com/v1beta1/projects/850162149337/sites/kottage-v2/versions/b9516addf042c652:populateFiles [none]
[debug] [2026-04-22T01:55:19.082Z] >>> [apiv2][body] POST https://firebasehosting.googleapis.com/v1beta1/projects/850162149337/sites/kottage-v2/versions/b9516addf042c652:populateFiles {"files":{"/CLAIMS_PERMISSIONS_DOCUMENTATION.md":"46b50c321b39e89a491b6727a01628c34245605a30beb3e7414c5e01cff90e6e","/README.md":"181ee6eb47b4c36c7ed9aee5695781f1e873a515667953a40ab25d8571c61476","/QuickType.ts":"4282503a5cfa8b4ae2e2067a0a466e84e7f7c58650e4e0082c6f24863122b180","/MIGRATION_GUIDE.md":"1fd3913413496d078c0f704a6f1f5be8dd6a25b1d001aa460675d2ee4dcfcada","/manifest.json":"e4a2b58a06c11054a9268a364a48334564f258bf7872876d067f51f8bdd9a818","/index.html":"dd7029c5a2e1170ba1ed775cd442921ee4029ced54473a683a9a81db74daca44","/NEW_EMPLOYEE_WIZARD_README.md":"9e0946382ec238d48c351be5ac2b3b2f088ecba65edd3dbee281ca33f4bb8104","/favicon.ico":"27edce7be5922cf0bef7d4136f69b5bfbdd5bf8c13c7b026f71187d41a00aa7d","/FIREBASE_CLAIMS_GUIDE.md":"30e65b6ae741a71995dc499274c5cf8dcb661a50a33c38fee16c2c805cb7a3ac","/CHANGELOG.md":"9edeba80b2f8fe0df51cc590310f167e39271a78fb26f8ee49635628e3fe6a00","/FIREBASE_INDEXING_SETUP.md":"3ab8565f817c9c012415d2ece6206a4c8009b4eb35a1f321115a7abc09fa857f","/ANALYTICS_QUICK_REFERENCE.md":"c74a11c7720ebdbd3b8dc1efc33f8953ae69f4540dc73ec4ecf86ef8df15a102","/Bklogo.png":"1769677f0a5adde56aa85ee884f9b15c10c5bff3ca3debf8298caaa0e31669bc","/static/js/main.d832c933.js.LICENSE.txt":"1f51a8ea9588c9e7fdd320fa905494011e1d4110d266994210e34d67aea99d40","/asset-manifest.json":"cd77809b2ef4e917666037d06d3ea3d1873a6871a4563cd856451152b02e5352","/ANALYTICS_DOCUMENTATION.md":"452c2f731d2efb43b518a5cdbdf3a39787622f445f187843cd954cd012852ce7","/docs/RESERVATION_STATUSES.md":"aebbe8e630743e6a6ede88c4c7b00ecb657f024685c393b0704ab2d7ba71c6f1","/docs/CEOAnalytics.md":"3c8e36e011232c15979a74ac65ad401de55b82a26e748e575e56cc0011bbd479","/docs/CLAIMS_PERMISSIONS_DOCUMENTATION.md":"7610aaa8254aa14dbb3564ab52c4e039bb90b13c8afcba95b495b117d58be61c","/docs/fraud-detection/README.md":"272c12ccff53d84cafe120827d7d88bb6b0a906285ff49ae390dda197242084c","/docs/fraud-detection/API.md":"6c8b29cf4d1a83418dd4be894bda9e758d5a3722b6b5db21fa8eadc41e4f0309","/white logo.png":"92e1de641844dc9a4c5d6d1f61fe3e4fb896e29b574ee854d4e7bd0683922331","/docs/fraud-detection/IMPLEMENTATION.md":"5448702a57112772ab5b91907aafe161ee0760e3f50c237151d13646c3175190","/docs/fraud-detection/TESTING.md":"aae0414a2ece424c810d5e99e0ec79e7f4f36fce0a28eda53702c318c59f9f6d","/logoType.png":"27ba1dd7f9dff77272cbecc7f8cf7e7f1030b44f7ae60e7eb5d08d836c93c830","/blue logo.png":"66467d9e1f9924aec393fa3a6a43cd8bb8f3f523edda4da79513aeea00ad4dcc","/blueyaad.png":"25a0d825c6a83f1454baa3f449241136875e60a807052b72716041e19f8a99e9","/images/yaad.png":"6840f53121784c89d455b27ab92fc915b9484c901480d71cbd158988e0d4c99a","/images/travel heart.png":"810cbc28f28e7f5e0226e34f058f950e59bd2950eb29e3c41f05947851e600cd","/static/css/main.d3344242.css":"e1b0458c0ad09c676ce3a4f457802c5b8901891d4fea56c1bca7e11da8719197","/jtb.png":"1c9ae3e8495bf270d34f57fea2b6712231944bbf6026d16ae3c970d96627f038","/frenchman.jpg":"7a59cecfbfae0def7b1aa4fdfba48418a3b4fa9a2f3e2a9ebd315e38252babce","/Port_antonio2.jpg":"7d6d8a4e2c3d1b9dfb43a9197dcf5bc1b645b97a3d6823d29d7dcc3756493383","/Geejam2.jpg":"2875c24225a527e322a9679ef6cd6b65c7e3877905e28584bd162027a4296bc8","/trident.jpg":"58400224989c37b96b1f63fedc1e80d77fdb4e29d25f157770a0bedbbaf56ce9","/static/css/main.d3344242.css.map":"98529f048f9762e1777ab704af19fe00bc048fea54cc97042ff06eb4c682648d","/images/doctors-cave.png":"654d28a1de1785a886afdc4491c1dc6bd64ffc26781474900c6b65ef2bcc1ce6","/Geejam1.jpg":"c6d469b30121c4d27f09f5f41c823d18523b57df1f946f71688d9823190b581d","/swift river.jpg":"958e9c8b35e2ee000aa45dfca8b711739bb0801ac3d9d72f7d8f2b3f3c7fa077","/negril.jpg":"066a6d2741c28a47610e1ea2689571942b6dc2c986fae034d85578ca7e02abb8","/cabin.jpg":"b20c5b3a6b1dbaa1defa0c4f200a8acb43ece13678cac96696426802847cc675","/images/portland.png":"ecd450939dadb8c3e9cff43d93fe16f70dcbbbd252ad4f5d7e7e6632d2e2762e","/static/js/main.d832c933.js":"13e9ccf2fb75388397c67f3548a7412070563d1dc9800bd1e7a04f2ea7eb6f0c","/images/mobay.png":"ef8f680d625c33bf63e2f970c5304bf035e26412d51b0a49eb65fe65971e9f71","/bluemountain.jpg":"8b74bd410846c861ed76d6ab2cf40b89a64c81efdab2e0555fffd716b51c8626","/static/js/main.d832c933.js.map":"12f74d7a2839b08f1e82a47816103e9a272fc4891539b8e1e01efffd87feda54"}}
[debug] [2026-04-22T01:55:19.631Z] <<< [apiv2][status] POST https://firebasehosting.googleapis.com/v1beta1/projects/850162149337/sites/kottage-v2/versions/b9516addf042c652:populateFiles 200
[debug] [2026-04-22T01:55:19.631Z] <<< [apiv2][body] POST https://firebasehosting.googleapis.com/v1beta1/projects/850162149337/sites/kottage-v2/versions/b9516addf042c652:populateFiles {"uploadRequiredHashes":["8b74bd410846c861ed76d6ab2cf40b89a64c81efdab2e0555fffd716b51c8626","7610aaa8254aa14dbb3564ab52c4e039bb90b13c8afcba95b495b117d58be61c","654d28a1de1785a886afdc4491c1dc6bd64ffc26781474900c6b65ef2bcc1ce6","3c8e36e011232c15979a74ac65ad401de55b82a26e748e575e56cc0011bbd479","dd7029c5a2e1170ba1ed775cd442921ee4029ced54473a683a9a81db74daca44","13e9ccf2fb75388397c67f3548a7412070563d1dc9800bd1e7a04f2ea7eb6f0c","46b50c321b39e89a491b6727a01628c34245605a30beb3e7414c5e01cff90e6e","25a0d825c6a83f1454baa3f449241136875e60a807052b72716041e19f8a99e9","7d6d8a4e2c3d1b9dfb43a9197dcf5bc1b645b97a3d6823d29d7dcc3756493383","5448702a57112772ab5b91907aafe161ee0760e3f50c237151d13646c3175190","12f74d7a2839b08f1e82a47816103e9a272fc4891539b8e1e01efffd87feda54","aae0414a2ece424c810d5e99e0ec79e7f4f36fce0a28eda53702c318c59f9f6d","cd77809b2ef4e917666037d06d3ea3d1873a6871a4563cd856451152b02e5352","b20c5b3a6b1dbaa1defa0c4f200a8acb43ece13678cac96696426802847cc675","98529f048f9762e1777ab704af19fe00bc048fea54cc97042ff06eb4c682648d","58400224989c37b96b1f63fedc1e80d77fdb4e29d25f157770a0bedbbaf56ce9","7a59cecfbfae0def7b1aa4fdfba48418a3b4fa9a2f3e2a9ebd315e38252babce","272c12ccff53d84cafe120827d7d88bb6b0a906285ff49ae390dda197242084c","27ba1dd7f9dff77272cbecc7f8cf7e7f1030b44f7ae60e7eb5d08d836c93c830","66467d9e1f9924aec393fa3a6a43cd8bb8f3f523edda4da79513aeea00ad4dcc","c74a11c7720ebdbd3b8dc1efc33f8953ae69f4540dc73ec4ecf86ef8df15a102","27edce7be5922cf0bef7d4136f69b5bfbdd5bf8c13c7b026f71187d41a00aa7d","6840f53121784c89d455b27ab92fc915b9484c901480d71cbd158988e0d4c99a","958e9c8b35e2ee000aa45dfca8b711739bb0801ac3d9d72f7d8f2b3f3c7fa077","181ee6eb47b4c36c7ed9aee5695781f1e873a515667953a40ab25d8571c61476","3ab8565f817c9c012415d2ece6206a4c8009b4eb35a1f321115a7abc09fa857f","6c8b29cf4d1a83418dd4be894bda9e758d5a3722b6b5db21fa8eadc41e4f0309","066a6d2741c28a47610e1ea2689571942b6dc2c986fae034d85578ca7e02abb8","c6d469b30121c4d27f09f5f41c823d18523b57df1f946f71688d9823190b581d","4282503a5cfa8b4ae2e2067a0a466e84e7f7c58650e4e0082c6f24863122b180","452c2f731d2efb43b518a5cdbdf3a39787622f445f187843cd954cd012852ce7","e1b0458c0ad09c676ce3a4f457802c5b8901891d4fea56c1bca7e11da8719197","ef8f680d625c33bf63e2f970c5304bf035e26412d51b0a49eb65fe65971e9f71","aebbe8e630743e6a6ede88c4c7b00ecb657f024685c393b0704ab2d7ba71c6f1","1c9ae3e8495bf270d34f57fea2b6712231944bbf6026d16ae3c970d96627f038","30e65b6ae741a71995dc499274c5cf8dcb661a50a33c38fee16c2c805cb7a3ac","92e1de641844dc9a4c5d6d1f61fe3e4fb896e29b574ee854d4e7bd0683922331","2875c24225a527e322a9679ef6cd6b65c7e3877905e28584bd162027a4296bc8","810cbc28f28e7f5e0226e34f058f950e59bd2950eb29e3c41f05947851e600cd","ecd450939dadb8c3e9cff43d93fe16f70dcbbbd252ad4f5d7e7e6632d2e2762e","9e0946382ec238d48c351be5ac2b3b2f088ecba65edd3dbee281ca33f4bb8104","1769677f0a5adde56aa85ee884f9b15c10c5bff3ca3debf8298caaa0e31669bc","1fd3913413496d078c0f704a6f1f5be8dd6a25b1d001aa460675d2ee4dcfcada","e4a2b58a06c11054a9268a364a48334564f258bf7872876d067f51f8bdd9a818","1f51a8ea9588c9e7fdd320fa905494011e1d4110d266994210e34d67aea99d40","9edeba80b2f8fe0df51cc590310f167e39271a78fb26f8ee49635628e3fe6a00"],"uploadUrl":"https://upload-firebasehosting.googleapis.com/upload/sites/kottage-v2/versions/b9516addf042c652/files"}
[debug] [2026-04-22T01:55:19.632Z] Checked if tokens are valid: true, expires at: 1776826494244
[debug] [2026-04-22T01:55:19.632Z] Checked if tokens are valid: true, expires at: 1776826494244
[debug] [2026-04-22T01:55:19.632Z] Checked if tokens are valid: true, expires at: 1776826494244
[debug] [2026-04-22T01:55:19.632Z] Checked if tokens are valid: true, expires at: 1776826494244
[debug] [2026-04-22T01:55:19.632Z] Checked if tokens are valid: true, expires at: 1776826494244
[debug] [2026-04-22T01:55:19.632Z] Checked if tokens are valid: true, expires at: 1776826494244
[debug] [2026-04-22T01:55:19.632Z] Checked if tokens are valid: true, expires at: 1776826494244
[debug] [2026-04-22T01:55:19.632Z] Checked if tokens are valid: true, expires at: 1776826494244
[debug] [2026-04-22T01:55:19.632Z] Checked if tokens are valid: true, expires at: 1776826494244
[debug] [2026-04-22T01:55:19.633Z] Checked if tokens are valid: true, expires at: 1776826494244
[debug] [2026-04-22T01:55:19.633Z] Checked if tokens are valid: true, expires at: 1776826494244
[debug] [2026-04-22T01:55:19.633Z] Checked if tokens are valid: true, expires at: 1776826494244
[debug] [2026-04-22T01:55:19.633Z] Checked if tokens are valid: true, expires at: 1776826494244
[debug] [2026-04-22T01:55:19.633Z] Checked if tokens are valid: true, expires at: 1776826494244
[debug] [2026-04-22T01:55:19.633Z] Checked if tokens are valid: true, expires at: 1776826494244
[debug] [2026-04-22T01:55:19.633Z] Checked if tokens are valid: true, expires at: 1776826494244
[debug] [2026-04-22T01:55:19.633Z] Checked if tokens are valid: true, expires at: 1776826494244
[debug] [2026-04-22T01:55:19.633Z] Checked if tokens are valid: true, expires at: 1776826494244
[debug] [2026-04-22T01:55:19.633Z] Checked if tokens are valid: true, expires at: 1776826494244
[debug] [2026-04-22T01:55:19.633Z] Checked if tokens are valid: true, expires at: 1776826494244
[debug] [2026-04-22T01:55:19.633Z] Checked if tokens are valid: true, expires at: 1776826494244
[debug] [2026-04-22T01:55:19.633Z] Checked if tokens are valid: true, expires at: 1776826494244
[debug] [2026-04-22T01:55:19.634Z] Checked if tokens are valid: true, expires at: 1776826494244
[debug] [2026-04-22T01:55:19.634Z] Checked if tokens are valid: true, expires at: 1776826494244
[debug] [2026-04-22T01:55:19.634Z] Checked if tokens are valid: true, expires at: 1776826494244
[debug] [2026-04-22T01:55:19.634Z] Checked if tokens are valid: true, expires at: 1776826494244
[debug] [2026-04-22T01:55:19.634Z] Checked if tokens are valid: true, expires at: 1776826494244
[debug] [2026-04-22T01:55:19.634Z] Checked if tokens are valid: true, expires at: 1776826494244
[debug] [2026-04-22T01:55:19.634Z] Checked if tokens are valid: true, expires at: 1776826494244
[debug] [2026-04-22T01:55:19.634Z] Checked if tokens are valid: true, expires at: 1776826494244
[debug] [2026-04-22T01:55:19.634Z] Checked if tokens are valid: true, expires at: 1776826494244
[debug] [2026-04-22T01:55:19.634Z] Checked if tokens are valid: true, expires at: 1776826494244
[debug] [2026-04-22T01:55:19.634Z] Checked if tokens are valid: true, expires at: 1776826494244
[debug] [2026-04-22T01:55:19.634Z] Checked if tokens are valid: true, expires at: 1776826494244
[debug] [2026-04-22T01:55:19.634Z] Checked if tokens are valid: true, expires at: 1776826494244
[debug] [2026-04-22T01:55:19.634Z] Checked if tokens are valid: true, expires at: 1776826494244
[debug] [2026-04-22T01:55:19.634Z] Checked if tokens are valid: true, expires at: 1776826494244
[debug] [2026-04-22T01:55:19.634Z] Checked if tokens are valid: true, expires at: 1776826494244
[debug] [2026-04-22T01:55:19.634Z] Checked if tokens are valid: true, expires at: 1776826494244
[debug] [2026-04-22T01:55:19.634Z] Checked if tokens are valid: true, expires at: 1776826494244
[debug] [2026-04-22T01:55:19.634Z] Checked if tokens are valid: true, expires at: 1776826494244
[debug] [2026-04-22T01:55:19.634Z] Checked if tokens are valid: true, expires at: 1776826494244
[debug] [2026-04-22T01:55:19.634Z] Checked if tokens are valid: true, expires at: 1776826494244
[debug] [2026-04-22T01:55:19.634Z] Checked if tokens are valid: true, expires at: 1776826494244
[debug] [2026-04-22T01:55:19.634Z] Checked if tokens are valid: true, expires at: 1776826494244
[debug] [2026-04-22T01:55:19.634Z] Checked if tokens are valid: true, expires at: 1776826494244
[debug] [2026-04-22T01:55:19.634Z] Checked if tokens are valid: true, expires at: 1776826494244
[debug] [2026-04-22T01:55:19.634Z] Checked if tokens are valid: true, expires at: 1776826494244
[debug] [2026-04-22T01:55:19.635Z] Checked if tokens are valid: true, expires at: 1776826494244
[debug] [2026-04-22T01:55:19.635Z] Checked if tokens are valid: true, expires at: 1776826494244
[debug] [2026-04-22T01:55:19.635Z] Checked if tokens are valid: true, expires at: 1776826494244
[debug] [2026-04-22T01:55:19.635Z] Checked if tokens are valid: true, expires at: 1776826494244
[debug] [2026-04-22T01:55:19.635Z] Checked if tokens are valid: true, expires at: 1776826494244
[debug] [2026-04-22T01:55:19.635Z] Checked if tokens are valid: true, expires at: 1776826494244
[debug] [2026-04-22T01:55:19.635Z] Checked if tokens are valid: true, expires at: 1776826494244
[debug] [2026-04-22T01:55:19.635Z] Checked if tokens are valid: true, expires at: 1776826494244
[debug] [2026-04-22T01:55:19.635Z] Checked if tokens are valid: true, expires at: 1776826494244
[debug] [2026-04-22T01:55:19.635Z] Checked if tokens are valid: true, expires at: 1776826494244
[debug] [2026-04-22T01:55:19.635Z] Checked if tokens are valid: true, expires at: 1776826494244
[debug] [2026-04-22T01:55:19.635Z] Checked if tokens are valid: true, expires at: 1776826494244
[debug] [2026-04-22T01:55:19.635Z] Checked if tokens are valid: true, expires at: 1776826494244
[debug] [2026-04-22T01:55:19.635Z] Checked if tokens are valid: true, expires at: 1776826494244
[debug] [2026-04-22T01:55:19.635Z] Checked if tokens are valid: true, expires at: 1776826494244
[debug] [2026-04-22T01:55:19.635Z] Checked if tokens are valid: true, expires at: 1776826494244
[debug] [2026-04-22T01:55:19.635Z] Checked if tokens are valid: true, expires at: 1776826494244
[debug] [2026-04-22T01:55:19.635Z] Checked if tokens are valid: true, expires at: 1776826494244
[debug] [2026-04-22T01:55:19.635Z] Checked if tokens are valid: true, expires at: 1776826494244
[debug] [2026-04-22T01:55:19.636Z] Checked if tokens are valid: true, expires at: 1776826494244
[debug] [2026-04-22T01:55:19.636Z] Checked if tokens are valid: true, expires at: 1776826494244
[debug] [2026-04-22T01:55:19.636Z] Checked if tokens are valid: true, expires at: 1776826494244
[debug] [2026-04-22T01:55:19.636Z] Checked if tokens are valid: true, expires at: 1776826494244
[debug] [2026-04-22T01:55:19.636Z] Checked if tokens are valid: true, expires at: 1776826494244
[debug] [2026-04-22T01:55:19.636Z] Checked if tokens are valid: true, expires at: 1776826494244
[debug] [2026-04-22T01:55:19.636Z] Checked if tokens are valid: true, expires at: 1776826494244
[debug] [2026-04-22T01:55:19.636Z] Checked if tokens are valid: true, expires at: 1776826494244
[debug] [2026-04-22T01:55:19.636Z] Checked if tokens are valid: true, expires at: 1776826494244
[debug] [2026-04-22T01:55:19.636Z] Checked if tokens are valid: true, expires at: 1776826494244
[debug] [2026-04-22T01:55:19.636Z] Checked if tokens are valid: true, expires at: 1776826494244
[debug] [2026-04-22T01:55:19.637Z] Checked if tokens are valid: true, expires at: 1776826494244
[debug] [2026-04-22T01:55:19.637Z] Checked if tokens are valid: true, expires at: 1776826494244
[debug] [2026-04-22T01:55:19.637Z] Checked if tokens are valid: true, expires at: 1776826494244
[debug] [2026-04-22T01:55:19.637Z] Checked if tokens are valid: true, expires at: 1776826494244
[debug] [2026-04-22T01:55:19.637Z] Checked if tokens are valid: true, expires at: 1776826494244
[debug] [2026-04-22T01:55:19.637Z] Checked if tokens are valid: true, expires at: 1776826494244
[debug] [2026-04-22T01:55:19.637Z] Checked if tokens are valid: true, expires at: 1776826494244
[debug] [2026-04-22T01:55:19.637Z] Checked if tokens are valid: true, expires at: 1776826494244
[debug] [2026-04-22T01:55:19.637Z] Checked if tokens are valid: true, expires at: 1776826494244
[debug] [2026-04-22T01:55:19.637Z] Checked if tokens are valid: true, expires at: 1776826494244
[debug] [2026-04-22T01:55:19.637Z] Checked if tokens are valid: true, expires at: 1776826494244
[debug] [2026-04-22T01:55:19.637Z] Checked if tokens are valid: true, expires at: 1776826494244
[debug] [2026-04-22T01:55:19.637Z] Checked if tokens are valid: true, expires at: 1776826494244
[debug] [2026-04-22T01:55:19.637Z] Checked if tokens are valid: true, expires at: 1776826494244
[debug] [2026-04-22T01:55:19.637Z] >>> [apiv2][query] POST https://upload-firebasehosting.googleapis.com/upload/sites/kottage-v2/versions/b9516addf042c652/files/8b74bd410846c861ed76d6ab2cf40b89a64c81efdab2e0555fffd716b51c8626 [none]
[debug] [2026-04-22T01:55:19.637Z] >>> [apiv2][body] POST https://upload-firebasehosting.googleapis.com/upload/sites/kottage-v2/versions/b9516addf042c652/files/8b74bd410846c861ed76d6ab2cf40b89a64c81efdab2e0555fffd716b51c8626 [stream]
[debug] [2026-04-22T01:55:19.639Z] >>> [apiv2][query] POST https://upload-firebasehosting.googleapis.com/upload/sites/kottage-v2/versions/b9516addf042c652/files/7610aaa8254aa14dbb3564ab52c4e039bb90b13c8afcba95b495b117d58be61c [none]
[debug] [2026-04-22T01:55:19.639Z] >>> [apiv2][body] POST https://upload-firebasehosting.googleapis.com/upload/sites/kottage-v2/versions/b9516addf042c652/files/7610aaa8254aa14dbb3564ab52c4e039bb90b13c8afcba95b495b117d58be61c [stream]
[debug] [2026-04-22T01:55:19.640Z] >>> [apiv2][query] POST https://upload-firebasehosting.googleapis.com/upload/sites/kottage-v2/versions/b9516addf042c652/files/654d28a1de1785a886afdc4491c1dc6bd64ffc26781474900c6b65ef2bcc1ce6 [none]
[debug] [2026-04-22T01:55:19.640Z] >>> [apiv2][body] POST https://upload-firebasehosting.googleapis.com/upload/sites/kottage-v2/versions/b9516addf042c652/files/654d28a1de1785a886afdc4491c1dc6bd64ffc26781474900c6b65ef2bcc1ce6 [stream]
[debug] [2026-04-22T01:55:19.641Z] >>> [apiv2][query] POST https://upload-firebasehosting.googleapis.com/upload/sites/kottage-v2/versions/b9516addf042c652/files/3c8e36e011232c15979a74ac65ad401de55b82a26e748e575e56cc0011bbd479 [none]
[debug] [2026-04-22T01:55:19.641Z] >>> [apiv2][body] POST https://upload-firebasehosting.googleapis.com/upload/sites/kottage-v2/versions/b9516addf042c652/files/3c8e36e011232c15979a74ac65ad401de55b82a26e748e575e56cc0011bbd479 [stream]
[debug] [2026-04-22T01:55:19.641Z] >>> [apiv2][query] POST https://upload-firebasehosting.googleapis.com/upload/sites/kottage-v2/versions/b9516addf042c652/files/dd7029c5a2e1170ba1ed775cd442921ee4029ced54473a683a9a81db74daca44 [none]
[debug] [2026-04-22T01:55:19.641Z] >>> [apiv2][body] POST https://upload-firebasehosting.googleapis.com/upload/sites/kottage-v2/versions/b9516addf042c652/files/dd7029c5a2e1170ba1ed775cd442921ee4029ced54473a683a9a81db74daca44 [stream]
[debug] [2026-04-22T01:55:19.642Z] >>> [apiv2][query] POST https://upload-firebasehosting.googleapis.com/upload/sites/kottage-v2/versions/b9516addf042c652/files/13e9ccf2fb75388397c67f3548a7412070563d1dc9800bd1e7a04f2ea7eb6f0c [none]
[debug] [2026-04-22T01:55:19.642Z] >>> [apiv2][body] POST https://upload-firebasehosting.googleapis.com/upload/sites/kottage-v2/versions/b9516addf042c652/files/13e9ccf2fb75388397c67f3548a7412070563d1dc9800bd1e7a04f2ea7eb6f0c [stream]
[debug] [2026-04-22T01:55:19.642Z] >>> [apiv2][query] POST https://upload-firebasehosting.googleapis.com/upload/sites/kottage-v2/versions/b9516addf042c652/files/46b50c321b39e89a491b6727a01628c34245605a30beb3e7414c5e01cff90e6e [none]
[debug] [2026-04-22T01:55:19.642Z] >>> [apiv2][body] POST https://upload-firebasehosting.googleapis.com/upload/sites/kottage-v2/versions/b9516addf042c652/files/46b50c321b39e89a491b6727a01628c34245605a30beb3e7414c5e01cff90e6e [stream]
[debug] [2026-04-22T01:55:19.643Z] >>> [apiv2][query] POST https://upload-firebasehosting.googleapis.com/upload/sites/kottage-v2/versions/b9516addf042c652/files/25a0d825c6a83f1454baa3f449241136875e60a807052b72716041e19f8a99e9 [none]
[debug] [2026-04-22T01:55:19.643Z] >>> [apiv2][body] POST https://upload-firebasehosting.googleapis.com/upload/sites/kottage-v2/versions/b9516addf042c652/files/25a0d825c6a83f1454baa3f449241136875e60a807052b72716041e19f8a99e9 [stream]
[debug] [2026-04-22T01:55:19.643Z] >>> [apiv2][query] POST https://upload-firebasehosting.googleapis.com/upload/sites/kottage-v2/versions/b9516addf042c652/files/7d6d8a4e2c3d1b9dfb43a9197dcf5bc1b645b97a3d6823d29d7dcc3756493383 [none]
[debug] [2026-04-22T01:55:19.644Z] >>> [apiv2][body] POST https://upload-firebasehosting.googleapis.com/upload/sites/kottage-v2/versions/b9516addf042c652/files/7d6d8a4e2c3d1b9dfb43a9197dcf5bc1b645b97a3d6823d29d7dcc3756493383 [stream]
[debug] [2026-04-22T01:55:19.644Z] >>> [apiv2][query] POST https://upload-firebasehosting.googleapis.com/upload/sites/kottage-v2/versions/b9516addf042c652/files/5448702a57112772ab5b91907aafe161ee0760e3f50c237151d13646c3175190 [none]
[debug] [2026-04-22T01:55:19.644Z] >>> [apiv2][body] POST https://upload-firebasehosting.googleapis.com/upload/sites/kottage-v2/versions/b9516addf042c652/files/5448702a57112772ab5b91907aafe161ee0760e3f50c237151d13646c3175190 [stream]
[debug] [2026-04-22T01:55:19.644Z] >>> [apiv2][query] POST https://upload-firebasehosting.googleapis.com/upload/sites/kottage-v2/versions/b9516addf042c652/files/12f74d7a2839b08f1e82a47816103e9a272fc4891539b8e1e01efffd87feda54 [none]
[debug] [2026-04-22T01:55:19.645Z] >>> [apiv2][body] POST https://upload-firebasehosting.googleapis.com/upload/sites/kottage-v2/versions/b9516addf042c652/files/12f74d7a2839b08f1e82a47816103e9a272fc4891539b8e1e01efffd87feda54 [stream]
[debug] [2026-04-22T01:55:19.645Z] >>> [apiv2][query] POST https://upload-firebasehosting.googleapis.com/upload/sites/kottage-v2/versions/b9516addf042c652/files/aae0414a2ece424c810d5e99e0ec79e7f4f36fce0a28eda53702c318c59f9f6d [none]
[debug] [2026-04-22T01:55:19.645Z] >>> [apiv2][body] POST https://upload-firebasehosting.googleapis.com/upload/sites/kottage-v2/versions/b9516addf042c652/files/aae0414a2ece424c810d5e99e0ec79e7f4f36fce0a28eda53702c318c59f9f6d [stream]
[debug] [2026-04-22T01:55:19.645Z] >>> [apiv2][query] POST https://upload-firebasehosting.googleapis.com/upload/sites/kottage-v2/versions/b9516addf042c652/files/cd77809b2ef4e917666037d06d3ea3d1873a6871a4563cd856451152b02e5352 [none]
[debug] [2026-04-22T01:55:19.645Z] >>> [apiv2][body] POST https://upload-firebasehosting.googleapis.com/upload/sites/kottage-v2/versions/b9516addf042c652/files/cd77809b2ef4e917666037d06d3ea3d1873a6871a4563cd856451152b02e5352 [stream]
[debug] [2026-04-22T01:55:19.646Z] >>> [apiv2][query] POST https://upload-firebasehosting.googleapis.com/upload/sites/kottage-v2/versions/b9516addf042c652/files/b20c5b3a6b1dbaa1defa0c4f200a8acb43ece13678cac96696426802847cc675 [none]
[debug] [2026-04-22T01:55:19.646Z] >>> [apiv2][body] POST https://upload-firebasehosting.googleapis.com/upload/sites/kottage-v2/versions/b9516addf042c652/files/b20c5b3a6b1dbaa1defa0c4f200a8acb43ece13678cac96696426802847cc675 [stream]
[debug] [2026-04-22T01:55:19.646Z] >>> [apiv2][query] POST https://upload-firebasehosting.googleapis.com/upload/sites/kottage-v2/versions/b9516addf042c652/files/98529f048f9762e1777ab704af19fe00bc048fea54cc97042ff06eb4c682648d [none]
[debug] [2026-04-22T01:55:19.646Z] >>> [apiv2][body] POST https://upload-firebasehosting.googleapis.com/upload/sites/kottage-v2/versions/b9516addf042c652/files/98529f048f9762e1777ab704af19fe00bc048fea54cc97042ff06eb4c682648d [stream]
[debug] [2026-04-22T01:55:19.647Z] >>> [apiv2][query] POST https://upload-firebasehosting.googleapis.com/upload/sites/kottage-v2/versions/b9516addf042c652/files/58400224989c37b96b1f63fedc1e80d77fdb4e29d25f157770a0bedbbaf56ce9 [none]
[debug] [2026-04-22T01:55:19.647Z] >>> [apiv2][body] POST https://upload-firebasehosting.googleapis.com/upload/sites/kottage-v2/versions/b9516addf042c652/files/58400224989c37b96b1f63fedc1e80d77fdb4e29d25f157770a0bedbbaf56ce9 [stream]
[debug] [2026-04-22T01:55:19.647Z] >>> [apiv2][query] POST https://upload-firebasehosting.googleapis.com/upload/sites/kottage-v2/versions/b9516addf042c652/files/7a59cecfbfae0def7b1aa4fdfba48418a3b4fa9a2f3e2a9ebd315e38252babce [none]
[debug] [2026-04-22T01:55:19.647Z] >>> [apiv2][body] POST https://upload-firebasehosting.googleapis.com/upload/sites/kottage-v2/versions/b9516addf042c652/files/7a59cecfbfae0def7b1aa4fdfba48418a3b4fa9a2f3e2a9ebd315e38252babce [stream]
[debug] [2026-04-22T01:55:19.648Z] >>> [apiv2][query] POST https://upload-firebasehosting.googleapis.com/upload/sites/kottage-v2/versions/b9516addf042c652/files/272c12ccff53d84cafe120827d7d88bb6b0a906285ff49ae390dda197242084c [none]
[debug] [2026-04-22T01:55:19.648Z] >>> [apiv2][body] POST https://upload-firebasehosting.googleapis.com/upload/sites/kottage-v2/versions/b9516addf042c652/files/272c12ccff53d84cafe120827d7d88bb6b0a906285ff49ae390dda197242084c [stream]
[debug] [2026-04-22T01:55:19.648Z] >>> [apiv2][query] POST https://upload-firebasehosting.googleapis.com/upload/sites/kottage-v2/versions/b9516addf042c652/files/27ba1dd7f9dff77272cbecc7f8cf7e7f1030b44f7ae60e7eb5d08d836c93c830 [none]
[debug] [2026-04-22T01:55:19.648Z] >>> [apiv2][body] POST https://upload-firebasehosting.googleapis.com/upload/sites/kottage-v2/versions/b9516addf042c652/files/27ba1dd7f9dff77272cbecc7f8cf7e7f1030b44f7ae60e7eb5d08d836c93c830 [stream]
[debug] [2026-04-22T01:55:19.648Z] >>> [apiv2][query] POST https://upload-firebasehosting.googleapis.com/upload/sites/kottage-v2/versions/b9516addf042c652/files/66467d9e1f9924aec393fa3a6a43cd8bb8f3f523edda4da79513aeea00ad4dcc [none]
[debug] [2026-04-22T01:55:19.648Z] >>> [apiv2][body] POST https://upload-firebasehosting.googleapis.com/upload/sites/kottage-v2/versions/b9516addf042c652/files/66467d9e1f9924aec393fa3a6a43cd8bb8f3f523edda4da79513aeea00ad4dcc [stream]
[debug] [2026-04-22T01:55:19.649Z] >>> [apiv2][query] POST https://upload-firebasehosting.googleapis.com/upload/sites/kottage-v2/versions/b9516addf042c652/files/c74a11c7720ebdbd3b8dc1efc33f8953ae69f4540dc73ec4ecf86ef8df15a102 [none]
[debug] [2026-04-22T01:55:19.649Z] >>> [apiv2][body] POST https://upload-firebasehosting.googleapis.com/upload/sites/kottage-v2/versions/b9516addf042c652/files/c74a11c7720ebdbd3b8dc1efc33f8953ae69f4540dc73ec4ecf86ef8df15a102 [stream]
[debug] [2026-04-22T01:55:19.649Z] >>> [apiv2][query] POST https://upload-firebasehosting.googleapis.com/upload/sites/kottage-v2/versions/b9516addf042c652/files/27edce7be5922cf0bef7d4136f69b5bfbdd5bf8c13c7b026f71187d41a00aa7d [none]
[debug] [2026-04-22T01:55:19.649Z] >>> [apiv2][body] POST https://upload-firebasehosting.googleapis.com/upload/sites/kottage-v2/versions/b9516addf042c652/files/27edce7be5922cf0bef7d4136f69b5bfbdd5bf8c13c7b026f71187d41a00aa7d [stream]
[debug] [2026-04-22T01:55:19.650Z] >>> [apiv2][query] POST https://upload-firebasehosting.googleapis.com/upload/sites/kottage-v2/versions/b9516addf042c652/files/6840f53121784c89d455b27ab92fc915b9484c901480d71cbd158988e0d4c99a [none]
[debug] [2026-04-22T01:55:19.650Z] >>> [apiv2][body] POST https://upload-firebasehosting.googleapis.com/upload/sites/kottage-v2/versions/b9516addf042c652/files/6840f53121784c89d455b27ab92fc915b9484c901480d71cbd158988e0d4c99a [stream]
[debug] [2026-04-22T01:55:19.650Z] >>> [apiv2][query] POST https://upload-firebasehosting.googleapis.com/upload/sites/kottage-v2/versions/b9516addf042c652/files/958e9c8b35e2ee000aa45dfca8b711739bb0801ac3d9d72f7d8f2b3f3c7fa077 [none]
[debug] [2026-04-22T01:55:19.650Z] >>> [apiv2][body] POST https://upload-firebasehosting.googleapis.com/upload/sites/kottage-v2/versions/b9516addf042c652/files/958e9c8b35e2ee000aa45dfca8b711739bb0801ac3d9d72f7d8f2b3f3c7fa077 [stream]
[debug] [2026-04-22T01:55:19.651Z] >>> [apiv2][query] POST https://upload-firebasehosting.googleapis.com/upload/sites/kottage-v2/versions/b9516addf042c652/files/181ee6eb47b4c36c7ed9aee5695781f1e873a515667953a40ab25d8571c61476 [none]
[debug] [2026-04-22T01:55:19.651Z] >>> [apiv2][body] POST https://upload-firebasehosting.googleapis.com/upload/sites/kottage-v2/versions/b9516addf042c652/files/181ee6eb47b4c36c7ed9aee5695781f1e873a515667953a40ab25d8571c61476 [stream]
[debug] [2026-04-22T01:55:19.651Z] >>> [apiv2][query] POST https://upload-firebasehosting.googleapis.com/upload/sites/kottage-v2/versions/b9516addf042c652/files/3ab8565f817c9c012415d2ece6206a4c8009b4eb35a1f321115a7abc09fa857f [none]
[debug] [2026-04-22T01:55:19.651Z] >>> [apiv2][body] POST https://upload-firebasehosting.googleapis.com/upload/sites/kottage-v2/versions/b9516addf042c652/files/3ab8565f817c9c012415d2ece6206a4c8009b4eb35a1f321115a7abc09fa857f [stream]
[debug] [2026-04-22T01:55:19.651Z] >>> [apiv2][query] POST https://upload-firebasehosting.googleapis.com/upload/sites/kottage-v2/versions/b9516addf042c652/files/6c8b29cf4d1a83418dd4be894bda9e758d5a3722b6b5db21fa8eadc41e4f0309 [none]
[debug] [2026-04-22T01:55:19.651Z] >>> [apiv2][body] POST https://upload-firebasehosting.googleapis.com/upload/sites/kottage-v2/versions/b9516addf042c652/files/6c8b29cf4d1a83418dd4be894bda9e758d5a3722b6b5db21fa8eadc41e4f0309 [stream]
[debug] [2026-04-22T01:55:19.652Z] >>> [apiv2][query] POST https://upload-firebasehosting.googleapis.com/upload/sites/kottage-v2/versions/b9516addf042c652/files/066a6d2741c28a47610e1ea2689571942b6dc2c986fae034d85578ca7e02abb8 [none]
[debug] [2026-04-22T01:55:19.652Z] >>> [apiv2][body] POST https://upload-firebasehosting.googleapis.com/upload/sites/kottage-v2/versions/b9516addf042c652/files/066a6d2741c28a47610e1ea2689571942b6dc2c986fae034d85578ca7e02abb8 [stream]
[debug] [2026-04-22T01:55:19.653Z] >>> [apiv2][query] POST https://upload-firebasehosting.googleapis.com/upload/sites/kottage-v2/versions/b9516addf042c652/files/c6d469b30121c4d27f09f5f41c823d18523b57df1f946f71688d9823190b581d [none]
[debug] [2026-04-22T01:55:19.653Z] >>> [apiv2][body] POST https://upload-firebasehosting.googleapis.com/upload/sites/kottage-v2/versions/b9516addf042c652/files/c6d469b30121c4d27f09f5f41c823d18523b57df1f946f71688d9823190b581d [stream]
[debug] [2026-04-22T01:55:19.653Z] >>> [apiv2][query] POST https://upload-firebasehosting.googleapis.com/upload/sites/kottage-v2/versions/b9516addf042c652/files/4282503a5cfa8b4ae2e2067a0a466e84e7f7c58650e4e0082c6f24863122b180 [none]
[debug] [2026-04-22T01:55:19.653Z] >>> [apiv2][body] POST https://upload-firebasehosting.googleapis.com/upload/sites/kottage-v2/versions/b9516addf042c652/files/4282503a5cfa8b4ae2e2067a0a466e84e7f7c58650e4e0082c6f24863122b180 [stream]
[debug] [2026-04-22T01:55:19.654Z] >>> [apiv2][query] POST https://upload-firebasehosting.googleapis.com/upload/sites/kottage-v2/versions/b9516addf042c652/files/452c2f731d2efb43b518a5cdbdf3a39787622f445f187843cd954cd012852ce7 [none]
[debug] [2026-04-22T01:55:19.654Z] >>> [apiv2][body] POST https://upload-firebasehosting.googleapis.com/upload/sites/kottage-v2/versions/b9516addf042c652/files/452c2f731d2efb43b518a5cdbdf3a39787622f445f187843cd954cd012852ce7 [stream]
[debug] [2026-04-22T01:55:19.654Z] >>> [apiv2][query] POST https://upload-firebasehosting.googleapis.com/upload/sites/kottage-v2/versions/b9516addf042c652/files/e1b0458c0ad09c676ce3a4f457802c5b8901891d4fea56c1bca7e11da8719197 [none]
[debug] [2026-04-22T01:55:19.654Z] >>> [apiv2][body] POST https://upload-firebasehosting.googleapis.com/upload/sites/kottage-v2/versions/b9516addf042c652/files/e1b0458c0ad09c676ce3a4f457802c5b8901891d4fea56c1bca7e11da8719197 [stream]
[debug] [2026-04-22T01:55:19.655Z] >>> [apiv2][query] POST https://upload-firebasehosting.googleapis.com/upload/sites/kottage-v2/versions/b9516addf042c652/files/ef8f680d625c33bf63e2f970c5304bf035e26412d51b0a49eb65fe65971e9f71 [none]
[debug] [2026-04-22T01:55:19.655Z] >>> [apiv2][body] POST https://upload-firebasehosting.googleapis.com/upload/sites/kottage-v2/versions/b9516addf042c652/files/ef8f680d625c33bf63e2f970c5304bf035e26412d51b0a49eb65fe65971e9f71 [stream]
[debug] [2026-04-22T01:55:19.655Z] >>> [apiv2][query] POST https://upload-firebasehosting.googleapis.com/upload/sites/kottage-v2/versions/b9516addf042c652/files/aebbe8e630743e6a6ede88c4c7b00ecb657f024685c393b0704ab2d7ba71c6f1 [none]
[debug] [2026-04-22T01:55:19.655Z] >>> [apiv2][body] POST https://upload-firebasehosting.googleapis.com/upload/sites/kottage-v2/versions/b9516addf042c652/files/aebbe8e630743e6a6ede88c4c7b00ecb657f024685c393b0704ab2d7ba71c6f1 [stream]
[debug] [2026-04-22T01:55:19.656Z] >>> [apiv2][query] POST https://upload-firebasehosting.googleapis.com/upload/sites/kottage-v2/versions/b9516addf042c652/files/1c9ae3e8495bf270d34f57fea2b6712231944bbf6026d16ae3c970d96627f038 [none]
[debug] [2026-04-22T01:55:19.656Z] >>> [apiv2][body] POST https://upload-firebasehosting.googleapis.com/upload/sites/kottage-v2/versions/b9516addf042c652/files/1c9ae3e8495bf270d34f57fea2b6712231944bbf6026d16ae3c970d96627f038 [stream]
[debug] [2026-04-22T01:55:19.656Z] >>> [apiv2][query] POST https://upload-firebasehosting.googleapis.com/upload/sites/kottage-v2/versions/b9516addf042c652/files/30e65b6ae741a71995dc499274c5cf8dcb661a50a33c38fee16c2c805cb7a3ac [none]
[debug] [2026-04-22T01:55:19.656Z] >>> [apiv2][body] POST https://upload-firebasehosting.googleapis.com/upload/sites/kottage-v2/versions/b9516addf042c652/files/30e65b6ae741a71995dc499274c5cf8dcb661a50a33c38fee16c2c805cb7a3ac [stream]
[debug] [2026-04-22T01:55:19.656Z] >>> [apiv2][query] POST https://upload-firebasehosting.googleapis.com/upload/sites/kottage-v2/versions/b9516addf042c652/files/92e1de641844dc9a4c5d6d1f61fe3e4fb896e29b574ee854d4e7bd0683922331 [none]
[debug] [2026-04-22T01:55:19.656Z] >>> [apiv2][body] POST https://upload-firebasehosting.googleapis.com/upload/sites/kottage-v2/versions/b9516addf042c652/files/92e1de641844dc9a4c5d6d1f61fe3e4fb896e29b574ee854d4e7bd0683922331 [stream]
[debug] [2026-04-22T01:55:19.657Z] >>> [apiv2][query] POST https://upload-firebasehosting.googleapis.com/upload/sites/kottage-v2/versions/b9516addf042c652/files/2875c24225a527e322a9679ef6cd6b65c7e3877905e28584bd162027a4296bc8 [none]
[debug] [2026-04-22T01:55:19.657Z] >>> [apiv2][body] POST https://upload-firebasehosting.googleapis.com/upload/sites/kottage-v2/versions/b9516addf042c652/files/2875c24225a527e322a9679ef6cd6b65c7e3877905e28584bd162027a4296bc8 [stream]
[debug] [2026-04-22T01:55:19.657Z] >>> [apiv2][query] POST https://upload-firebasehosting.googleapis.com/upload/sites/kottage-v2/versions/b9516addf042c652/files/810cbc28f28e7f5e0226e34f058f950e59bd2950eb29e3c41f05947851e600cd [none]
[debug] [2026-04-22T01:55:19.657Z] >>> [apiv2][body] POST https://upload-firebasehosting.googleapis.com/upload/sites/kottage-v2/versions/b9516addf042c652/files/810cbc28f28e7f5e0226e34f058f950e59bd2950eb29e3c41f05947851e600cd [stream]
[debug] [2026-04-22T01:55:19.658Z] >>> [apiv2][query] POST https://upload-firebasehosting.googleapis.com/upload/sites/kottage-v2/versions/b9516addf042c652/files/ecd450939dadb8c3e9cff43d93fe16f70dcbbbd252ad4f5d7e7e6632d2e2762e [none]
[debug] [2026-04-22T01:55:19.658Z] >>> [apiv2][body] POST https://upload-firebasehosting.googleapis.com/upload/sites/kottage-v2/versions/b9516addf042c652/files/ecd450939dadb8c3e9cff43d93fe16f70dcbbbd252ad4f5d7e7e6632d2e2762e [stream]
[debug] [2026-04-22T01:55:19.659Z] >>> [apiv2][query] POST https://upload-firebasehosting.googleapis.com/upload/sites/kottage-v2/versions/b9516addf042c652/files/9e0946382ec238d48c351be5ac2b3b2f088ecba65edd3dbee281ca33f4bb8104 [none]
[debug] [2026-04-22T01:55:19.659Z] >>> [apiv2][body] POST https://upload-firebasehosting.googleapis.com/upload/sites/kottage-v2/versions/b9516addf042c652/files/9e0946382ec238d48c351be5ac2b3b2f088ecba65edd3dbee281ca33f4bb8104 [stream]
[debug] [2026-04-22T01:55:19.659Z] >>> [apiv2][query] POST https://upload-firebasehosting.googleapis.com/upload/sites/kottage-v2/versions/b9516addf042c652/files/1769677f0a5adde56aa85ee884f9b15c10c5bff3ca3debf8298caaa0e31669bc [none]
[debug] [2026-04-22T01:55:19.659Z] >>> [apiv2][body] POST https://upload-firebasehosting.googleapis.com/upload/sites/kottage-v2/versions/b9516addf042c652/files/1769677f0a5adde56aa85ee884f9b15c10c5bff3ca3debf8298caaa0e31669bc [stream]
[debug] [2026-04-22T01:55:19.659Z] >>> [apiv2][query] POST https://upload-firebasehosting.googleapis.com/upload/sites/kottage-v2/versions/b9516addf042c652/files/1fd3913413496d078c0f704a6f1f5be8dd6a25b1d001aa460675d2ee4dcfcada [none]
[debug] [2026-04-22T01:55:19.659Z] >>> [apiv2][body] POST https://upload-firebasehosting.googleapis.com/upload/sites/kottage-v2/versions/b9516addf042c652/files/1fd3913413496d078c0f704a6f1f5be8dd6a25b1d001aa460675d2ee4dcfcada [stream]
[debug] [2026-04-22T01:55:19.660Z] >>> [apiv2][query] POST https://upload-firebasehosting.googleapis.com/upload/sites/kottage-v2/versions/b9516addf042c652/files/e4a2b58a06c11054a9268a364a48334564f258bf7872876d067f51f8bdd9a818 [none]
[debug] [2026-04-22T01:55:19.660Z] >>> [apiv2][body] POST https://upload-firebasehosting.googleapis.com/upload/sites/kottage-v2/versions/b9516addf042c652/files/e4a2b58a06c11054a9268a364a48334564f258bf7872876d067f51f8bdd9a818 [stream]
[debug] [2026-04-22T01:55:19.660Z] >>> [apiv2][query] POST https://upload-firebasehosting.googleapis.com/upload/sites/kottage-v2/versions/b9516addf042c652/files/1f51a8ea9588c9e7fdd320fa905494011e1d4110d266994210e34d67aea99d40 [none]
[debug] [2026-04-22T01:55:19.660Z] >>> [apiv2][body] POST https://upload-firebasehosting.googleapis.com/upload/sites/kottage-v2/versions/b9516addf042c652/files/1f51a8ea9588c9e7fdd320fa905494011e1d4110d266994210e34d67aea99d40 [stream]
[debug] [2026-04-22T01:55:19.661Z] >>> [apiv2][query] POST https://upload-firebasehosting.googleapis.com/upload/sites/kottage-v2/versions/b9516addf042c652/files/9edeba80b2f8fe0df51cc590310f167e39271a78fb26f8ee49635628e3fe6a00 [none]
[debug] [2026-04-22T01:55:19.661Z] >>> [apiv2][body] POST https://upload-firebasehosting.googleapis.com/upload/sites/kottage-v2/versions/b9516addf042c652/files/9edeba80b2f8fe0df51cc590310f167e39271a78fb26f8ee49635628e3fe6a00 [stream]
[debug] [2026-04-22T01:55:19.662Z] [hosting][populate queue][FINAL] {"max":558,"min":558,"avg":558,"active":0,"complete":1,"success":1,"errored":0,"retried":0,"total":1,"elapsed":583}
[debug] [2026-04-22T01:55:19.662Z] [hosting] uploads queued: 46
[info] i  hosting: uploading new files [0/46] (0%) 
[debug] [2026-04-22T01:55:20.401Z] <<< [apiv2][status] POST https://upload-firebasehosting.googleapis.com/upload/sites/kottage-v2/versions/b9516addf042c652/files/27edce7be5922cf0bef7d4136f69b5bfbdd5bf8c13c7b026f71187d41a00aa7d 200
[debug] [2026-04-22T01:55:20.401Z] <<< [apiv2][body] POST https://upload-firebasehosting.googleapis.com/upload/sites/kottage-v2/versions/b9516addf042c652/files/27edce7be5922cf0bef7d4136f69b5bfbdd5bf8c13c7b026f71187d41a00aa7d [stream]
[debug] [2026-04-22T01:55:20.426Z] <<< [apiv2][status] POST https://upload-firebasehosting.googleapis.com/upload/sites/kottage-v2/versions/b9516addf042c652/files/7610aaa8254aa14dbb3564ab52c4e039bb90b13c8afcba95b495b117d58be61c 200
[debug] [2026-04-22T01:55:20.426Z] <<< [apiv2][body] POST https://upload-firebasehosting.googleapis.com/upload/sites/kottage-v2/versions/b9516addf042c652/files/7610aaa8254aa14dbb3564ab52c4e039bb90b13c8afcba95b495b117d58be61c [stream]
[debug] [2026-04-22T01:55:20.462Z] <<< [apiv2][status] POST https://upload-firebasehosting.googleapis.com/upload/sites/kottage-v2/versions/b9516addf042c652/files/cd77809b2ef4e917666037d06d3ea3d1873a6871a4563cd856451152b02e5352 200
[debug] [2026-04-22T01:55:20.462Z] <<< [apiv2][body] POST https://upload-firebasehosting.googleapis.com/upload/sites/kottage-v2/versions/b9516addf042c652/files/cd77809b2ef4e917666037d06d3ea3d1873a6871a4563cd856451152b02e5352 [stream]
[debug] [2026-04-22T01:55:20.468Z] <<< [apiv2][status] POST https://upload-firebasehosting.googleapis.com/upload/sites/kottage-v2/versions/b9516addf042c652/files/9e0946382ec238d48c351be5ac2b3b2f088ecba65edd3dbee281ca33f4bb8104 200
[debug] [2026-04-22T01:55:20.468Z] <<< [apiv2][body] POST https://upload-firebasehosting.googleapis.com/upload/sites/kottage-v2/versions/b9516addf042c652/files/9e0946382ec238d48c351be5ac2b3b2f088ecba65edd3dbee281ca33f4bb8104 [stream]
[debug] [2026-04-22T01:55:20.478Z] <<< [apiv2][status] POST https://upload-firebasehosting.googleapis.com/upload/sites/kottage-v2/versions/b9516addf042c652/files/46b50c321b39e89a491b6727a01628c34245605a30beb3e7414c5e01cff90e6e 200
[debug] [2026-04-22T01:55:20.478Z] <<< [apiv2][body] POST https://upload-firebasehosting.googleapis.com/upload/sites/kottage-v2/versions/b9516addf042c652/files/46b50c321b39e89a491b6727a01628c34245605a30beb3e7414c5e01cff90e6e [stream]
[debug] [2026-04-22T01:55:20.484Z] <<< [apiv2][status] POST https://upload-firebasehosting.googleapis.com/upload/sites/kottage-v2/versions/b9516addf042c652/files/5448702a57112772ab5b91907aafe161ee0760e3f50c237151d13646c3175190 200
[debug] [2026-04-22T01:55:20.484Z] <<< [apiv2][body] POST https://upload-firebasehosting.googleapis.com/upload/sites/kottage-v2/versions/b9516addf042c652/files/5448702a57112772ab5b91907aafe161ee0760e3f50c237151d13646c3175190 [stream]
[debug] [2026-04-22T01:55:20.509Z] <<< [apiv2][status] POST https://upload-firebasehosting.googleapis.com/upload/sites/kottage-v2/versions/b9516addf042c652/files/aae0414a2ece424c810d5e99e0ec79e7f4f36fce0a28eda53702c318c59f9f6d 200
[debug] [2026-04-22T01:55:20.510Z] <<< [apiv2][body] POST https://upload-firebasehosting.googleapis.com/upload/sites/kottage-v2/versions/b9516addf042c652/files/aae0414a2ece424c810d5e99e0ec79e7f4f36fce0a28eda53702c318c59f9f6d [stream]
[debug] [2026-04-22T01:55:20.516Z] <<< [apiv2][status] POST https://upload-firebasehosting.googleapis.com/upload/sites/kottage-v2/versions/b9516addf042c652/files/272c12ccff53d84cafe120827d7d88bb6b0a906285ff49ae390dda197242084c 200
[debug] [2026-04-22T01:55:20.516Z] <<< [apiv2][body] POST https://upload-firebasehosting.googleapis.com/upload/sites/kottage-v2/versions/b9516addf042c652/files/272c12ccff53d84cafe120827d7d88bb6b0a906285ff49ae390dda197242084c [stream]
[debug] [2026-04-22T01:55:20.536Z] <<< [apiv2][status] POST https://upload-firebasehosting.googleapis.com/upload/sites/kottage-v2/versions/b9516addf042c652/files/dd7029c5a2e1170ba1ed775cd442921ee4029ced54473a683a9a81db74daca44 200
[debug] [2026-04-22T01:55:20.536Z] <<< [apiv2][body] POST https://upload-firebasehosting.googleapis.com/upload/sites/kottage-v2/versions/b9516addf042c652/files/dd7029c5a2e1170ba1ed775cd442921ee4029ced54473a683a9a81db74daca44 [stream]
[debug] [2026-04-22T01:55:20.551Z] <<< [apiv2][status] POST https://upload-firebasehosting.googleapis.com/upload/sites/kottage-v2/versions/b9516addf042c652/files/30e65b6ae741a71995dc499274c5cf8dcb661a50a33c38fee16c2c805cb7a3ac 200
[debug] [2026-04-22T01:55:20.552Z] <<< [apiv2][body] POST https://upload-firebasehosting.googleapis.com/upload/sites/kottage-v2/versions/b9516addf042c652/files/30e65b6ae741a71995dc499274c5cf8dcb661a50a33c38fee16c2c805cb7a3ac [stream]
[debug] [2026-04-22T01:55:20.566Z] <<< [apiv2][status] POST https://upload-firebasehosting.googleapis.com/upload/sites/kottage-v2/versions/b9516addf042c652/files/1f51a8ea9588c9e7fdd320fa905494011e1d4110d266994210e34d67aea99d40 200
[debug] [2026-04-22T01:55:20.566Z] <<< [apiv2][body] POST https://upload-firebasehosting.googleapis.com/upload/sites/kottage-v2/versions/b9516addf042c652/files/1f51a8ea9588c9e7fdd320fa905494011e1d4110d266994210e34d67aea99d40 [stream]
[debug] [2026-04-22T01:55:20.583Z] <<< [apiv2][status] POST https://upload-firebasehosting.googleapis.com/upload/sites/kottage-v2/versions/b9516addf042c652/files/1769677f0a5adde56aa85ee884f9b15c10c5bff3ca3debf8298caaa0e31669bc 200
[debug] [2026-04-22T01:55:20.583Z] <<< [apiv2][body] POST https://upload-firebasehosting.googleapis.com/upload/sites/kottage-v2/versions/b9516addf042c652/files/1769677f0a5adde56aa85ee884f9b15c10c5bff3ca3debf8298caaa0e31669bc [stream]
[debug] [2026-04-22T01:55:20.603Z] <<< [apiv2][status] POST https://upload-firebasehosting.googleapis.com/upload/sites/kottage-v2/versions/b9516addf042c652/files/452c2f731d2efb43b518a5cdbdf3a39787622f445f187843cd954cd012852ce7 200
[debug] [2026-04-22T01:55:20.603Z] <<< [apiv2][body] POST https://upload-firebasehosting.googleapis.com/upload/sites/kottage-v2/versions/b9516addf042c652/files/452c2f731d2efb43b518a5cdbdf3a39787622f445f187843cd954cd012852ce7 [stream]
[debug] [2026-04-22T01:55:20.631Z] <<< [apiv2][status] POST https://upload-firebasehosting.googleapis.com/upload/sites/kottage-v2/versions/b9516addf042c652/files/9edeba80b2f8fe0df51cc590310f167e39271a78fb26f8ee49635628e3fe6a00 200
[debug] [2026-04-22T01:55:20.632Z] <<< [apiv2][body] POST https://upload-firebasehosting.googleapis.com/upload/sites/kottage-v2/versions/b9516addf042c652/files/9edeba80b2f8fe0df51cc590310f167e39271a78fb26f8ee49635628e3fe6a00 [stream]
[debug] [2026-04-22T01:55:20.639Z] <<< [apiv2][status] POST https://upload-firebasehosting.googleapis.com/upload/sites/kottage-v2/versions/b9516addf042c652/files/6c8b29cf4d1a83418dd4be894bda9e758d5a3722b6b5db21fa8eadc41e4f0309 200
[debug] [2026-04-22T01:55:20.639Z] <<< [apiv2][body] POST https://upload-firebasehosting.googleapis.com/upload/sites/kottage-v2/versions/b9516addf042c652/files/6c8b29cf4d1a83418dd4be894bda9e758d5a3722b6b5db21fa8eadc41e4f0309 [stream]
[debug] [2026-04-22T01:55:20.649Z] <<< [apiv2][status] POST https://upload-firebasehosting.googleapis.com/upload/sites/kottage-v2/versions/b9516addf042c652/files/181ee6eb47b4c36c7ed9aee5695781f1e873a515667953a40ab25d8571c61476 200
[debug] [2026-04-22T01:55:20.649Z] <<< [apiv2][body] POST https://upload-firebasehosting.googleapis.com/upload/sites/kottage-v2/versions/b9516addf042c652/files/181ee6eb47b4c36c7ed9aee5695781f1e873a515667953a40ab25d8571c61476 [stream]
[debug] [2026-04-22T01:55:20.656Z] <<< [apiv2][status] POST https://upload-firebasehosting.googleapis.com/upload/sites/kottage-v2/versions/b9516addf042c652/files/c74a11c7720ebdbd3b8dc1efc33f8953ae69f4540dc73ec4ecf86ef8df15a102 200
[debug] [2026-04-22T01:55:20.656Z] <<< [apiv2][body] POST https://upload-firebasehosting.googleapis.com/upload/sites/kottage-v2/versions/b9516addf042c652/files/c74a11c7720ebdbd3b8dc1efc33f8953ae69f4540dc73ec4ecf86ef8df15a102 [stream]
[debug] [2026-04-22T01:55:20.672Z] <<< [apiv2][status] POST https://upload-firebasehosting.googleapis.com/upload/sites/kottage-v2/versions/b9516addf042c652/files/4282503a5cfa8b4ae2e2067a0a466e84e7f7c58650e4e0082c6f24863122b180 200
[debug] [2026-04-22T01:55:20.672Z] <<< [apiv2][body] POST https://upload-firebasehosting.googleapis.com/upload/sites/kottage-v2/versions/b9516addf042c652/files/4282503a5cfa8b4ae2e2067a0a466e84e7f7c58650e4e0082c6f24863122b180 [stream]
[debug] [2026-04-22T01:55:20.672Z] <<< [apiv2][status] POST https://upload-firebasehosting.googleapis.com/upload/sites/kottage-v2/versions/b9516addf042c652/files/3ab8565f817c9c012415d2ece6206a4c8009b4eb35a1f321115a7abc09fa857f 200
[debug] [2026-04-22T01:55:20.672Z] <<< [apiv2][body] POST https://upload-firebasehosting.googleapis.com/upload/sites/kottage-v2/versions/b9516addf042c652/files/3ab8565f817c9c012415d2ece6206a4c8009b4eb35a1f321115a7abc09fa857f [stream]
[debug] [2026-04-22T01:55:20.676Z] <<< [apiv2][status] POST https://upload-firebasehosting.googleapis.com/upload/sites/kottage-v2/versions/b9516addf042c652/files/e1b0458c0ad09c676ce3a4f457802c5b8901891d4fea56c1bca7e11da8719197 200
[debug] [2026-04-22T01:55:20.677Z] <<< [apiv2][body] POST https://upload-firebasehosting.googleapis.com/upload/sites/kottage-v2/versions/b9516addf042c652/files/e1b0458c0ad09c676ce3a4f457802c5b8901891d4fea56c1bca7e11da8719197 [stream]
[debug] [2026-04-22T01:55:20.686Z] <<< [apiv2][status] POST https://upload-firebasehosting.googleapis.com/upload/sites/kottage-v2/versions/b9516addf042c652/files/3c8e36e011232c15979a74ac65ad401de55b82a26e748e575e56cc0011bbd479 200
[debug] [2026-04-22T01:55:20.687Z] <<< [apiv2][body] POST https://upload-firebasehosting.googleapis.com/upload/sites/kottage-v2/versions/b9516addf042c652/files/3c8e36e011232c15979a74ac65ad401de55b82a26e748e575e56cc0011bbd479 [stream]
[debug] [2026-04-22T01:55:20.742Z] <<< [apiv2][status] POST https://upload-firebasehosting.googleapis.com/upload/sites/kottage-v2/versions/b9516addf042c652/files/1fd3913413496d078c0f704a6f1f5be8dd6a25b1d001aa460675d2ee4dcfcada 200
[debug] [2026-04-22T01:55:20.742Z] <<< [apiv2][body] POST https://upload-firebasehosting.googleapis.com/upload/sites/kottage-v2/versions/b9516addf042c652/files/1fd3913413496d078c0f704a6f1f5be8dd6a25b1d001aa460675d2ee4dcfcada [stream]
[debug] [2026-04-22T01:55:20.769Z] <<< [apiv2][status] POST https://upload-firebasehosting.googleapis.com/upload/sites/kottage-v2/versions/b9516addf042c652/files/92e1de641844dc9a4c5d6d1f61fe3e4fb896e29b574ee854d4e7bd0683922331 200
[debug] [2026-04-22T01:55:20.769Z] <<< [apiv2][body] POST https://upload-firebasehosting.googleapis.com/upload/sites/kottage-v2/versions/b9516addf042c652/files/92e1de641844dc9a4c5d6d1f61fe3e4fb896e29b574ee854d4e7bd0683922331 [stream]
[debug] [2026-04-22T01:55:20.776Z] <<< [apiv2][status] POST https://upload-firebasehosting.googleapis.com/upload/sites/kottage-v2/versions/b9516addf042c652/files/27ba1dd7f9dff77272cbecc7f8cf7e7f1030b44f7ae60e7eb5d08d836c93c830 200
[debug] [2026-04-22T01:55:20.776Z] <<< [apiv2][body] POST https://upload-firebasehosting.googleapis.com/upload/sites/kottage-v2/versions/b9516addf042c652/files/27ba1dd7f9dff77272cbecc7f8cf7e7f1030b44f7ae60e7eb5d08d836c93c830 [stream]
[debug] [2026-04-22T01:55:20.786Z] <<< [apiv2][status] POST https://upload-firebasehosting.googleapis.com/upload/sites/kottage-v2/versions/b9516addf042c652/files/66467d9e1f9924aec393fa3a6a43cd8bb8f3f523edda4da79513aeea00ad4dcc 200
[debug] [2026-04-22T01:55:20.786Z] <<< [apiv2][body] POST https://upload-firebasehosting.googleapis.com/upload/sites/kottage-v2/versions/b9516addf042c652/files/66467d9e1f9924aec393fa3a6a43cd8bb8f3f523edda4da79513aeea00ad4dcc [stream]
[debug] [2026-04-22T01:55:20.787Z] <<< [apiv2][status] POST https://upload-firebasehosting.googleapis.com/upload/sites/kottage-v2/versions/b9516addf042c652/files/25a0d825c6a83f1454baa3f449241136875e60a807052b72716041e19f8a99e9 200
[debug] [2026-04-22T01:55:20.787Z] <<< [apiv2][body] POST https://upload-firebasehosting.googleapis.com/upload/sites/kottage-v2/versions/b9516addf042c652/files/25a0d825c6a83f1454baa3f449241136875e60a807052b72716041e19f8a99e9 [stream]
[debug] [2026-04-22T01:55:20.822Z] <<< [apiv2][status] POST https://upload-firebasehosting.googleapis.com/upload/sites/kottage-v2/versions/b9516addf042c652/files/aebbe8e630743e6a6ede88c4c7b00ecb657f024685c393b0704ab2d7ba71c6f1 200
[debug] [2026-04-22T01:55:20.822Z] <<< [apiv2][body] POST https://upload-firebasehosting.googleapis.com/upload/sites/kottage-v2/versions/b9516addf042c652/files/aebbe8e630743e6a6ede88c4c7b00ecb657f024685c393b0704ab2d7ba71c6f1 [stream]
[debug] [2026-04-22T01:55:20.971Z] <<< [apiv2][status] POST https://upload-firebasehosting.googleapis.com/upload/sites/kottage-v2/versions/b9516addf042c652/files/810cbc28f28e7f5e0226e34f058f950e59bd2950eb29e3c41f05947851e600cd 200
[debug] [2026-04-22T01:55:20.971Z] <<< [apiv2][body] POST https://upload-firebasehosting.googleapis.com/upload/sites/kottage-v2/versions/b9516addf042c652/files/810cbc28f28e7f5e0226e34f058f950e59bd2950eb29e3c41f05947851e600cd [stream]
[debug] [2026-04-22T01:55:21.041Z] <<< [apiv2][status] POST https://upload-firebasehosting.googleapis.com/upload/sites/kottage-v2/versions/b9516addf042c652/files/e4a2b58a06c11054a9268a364a48334564f258bf7872876d067f51f8bdd9a818 200
[debug] [2026-04-22T01:55:21.041Z] <<< [apiv2][body] POST https://upload-firebasehosting.googleapis.com/upload/sites/kottage-v2/versions/b9516addf042c652/files/e4a2b58a06c11054a9268a364a48334564f258bf7872876d067f51f8bdd9a818 [stream]
[debug] [2026-04-22T01:55:21.087Z] <<< [apiv2][status] POST https://upload-firebasehosting.googleapis.com/upload/sites/kottage-v2/versions/b9516addf042c652/files/6840f53121784c89d455b27ab92fc915b9484c901480d71cbd158988e0d4c99a 200
[debug] [2026-04-22T01:55:21.087Z] <<< [apiv2][body] POST https://upload-firebasehosting.googleapis.com/upload/sites/kottage-v2/versions/b9516addf042c652/files/6840f53121784c89d455b27ab92fc915b9484c901480d71cbd158988e0d4c99a [stream]
[debug] [2026-04-22T01:55:21.115Z] <<< [apiv2][status] POST https://upload-firebasehosting.googleapis.com/upload/sites/kottage-v2/versions/b9516addf042c652/files/7a59cecfbfae0def7b1aa4fdfba48418a3b4fa9a2f3e2a9ebd315e38252babce 200
[debug] [2026-04-22T01:55:21.115Z] <<< [apiv2][body] POST https://upload-firebasehosting.googleapis.com/upload/sites/kottage-v2/versions/b9516addf042c652/files/7a59cecfbfae0def7b1aa4fdfba48418a3b4fa9a2f3e2a9ebd315e38252babce [stream]
[debug] [2026-04-22T01:55:21.431Z] <<< [apiv2][status] POST https://upload-firebasehosting.googleapis.com/upload/sites/kottage-v2/versions/b9516addf042c652/files/98529f048f9762e1777ab704af19fe00bc048fea54cc97042ff06eb4c682648d 200
[debug] [2026-04-22T01:55:21.431Z] <<< [apiv2][body] POST https://upload-firebasehosting.googleapis.com/upload/sites/kottage-v2/versions/b9516addf042c652/files/98529f048f9762e1777ab704af19fe00bc048fea54cc97042ff06eb4c682648d [stream]
[info] i  hosting: uploading new files [32/46] (69%) 
[debug] [2026-04-22T01:55:21.810Z] <<< [apiv2][status] POST https://upload-firebasehosting.googleapis.com/upload/sites/kottage-v2/versions/b9516addf042c652/files/7d6d8a4e2c3d1b9dfb43a9197dcf5bc1b645b97a3d6823d29d7dcc3756493383 200
[debug] [2026-04-22T01:55:21.810Z] <<< [apiv2][body] POST https://upload-firebasehosting.googleapis.com/upload/sites/kottage-v2/versions/b9516addf042c652/files/7d6d8a4e2c3d1b9dfb43a9197dcf5bc1b645b97a3d6823d29d7dcc3756493383 [stream]
[debug] [2026-04-22T01:55:21.950Z] <<< [apiv2][status] POST https://upload-firebasehosting.googleapis.com/upload/sites/kottage-v2/versions/b9516addf042c652/files/58400224989c37b96b1f63fedc1e80d77fdb4e29d25f157770a0bedbbaf56ce9 200
[debug] [2026-04-22T01:55:21.950Z] <<< [apiv2][body] POST https://upload-firebasehosting.googleapis.com/upload/sites/kottage-v2/versions/b9516addf042c652/files/58400224989c37b96b1f63fedc1e80d77fdb4e29d25f157770a0bedbbaf56ce9 [stream]
[debug] [2026-04-22T01:55:22.430Z] <<< [apiv2][status] POST https://upload-firebasehosting.googleapis.com/upload/sites/kottage-v2/versions/b9516addf042c652/files/1c9ae3e8495bf270d34f57fea2b6712231944bbf6026d16ae3c970d96627f038 200
[debug] [2026-04-22T01:55:22.430Z] <<< [apiv2][body] POST https://upload-firebasehosting.googleapis.com/upload/sites/kottage-v2/versions/b9516addf042c652/files/1c9ae3e8495bf270d34f57fea2b6712231944bbf6026d16ae3c970d96627f038 [stream]
[debug] [2026-04-22T01:55:22.766Z] <<< [apiv2][status] POST https://upload-firebasehosting.googleapis.com/upload/sites/kottage-v2/versions/b9516addf042c652/files/2875c24225a527e322a9679ef6cd6b65c7e3877905e28584bd162027a4296bc8 200
[debug] [2026-04-22T01:55:22.767Z] <<< [apiv2][body] POST https://upload-firebasehosting.googleapis.com/upload/sites/kottage-v2/versions/b9516addf042c652/files/2875c24225a527e322a9679ef6cd6b65c7e3877905e28584bd162027a4296bc8 [stream]
[debug] [2026-04-22T01:55:22.805Z] <<< [apiv2][status] POST https://upload-firebasehosting.googleapis.com/upload/sites/kottage-v2/versions/b9516addf042c652/files/c6d469b30121c4d27f09f5f41c823d18523b57df1f946f71688d9823190b581d 200
[debug] [2026-04-22T01:55:22.806Z] <<< [apiv2][body] POST https://upload-firebasehosting.googleapis.com/upload/sites/kottage-v2/versions/b9516addf042c652/files/c6d469b30121c4d27f09f5f41c823d18523b57df1f946f71688d9823190b581d [stream]
[debug] [2026-04-22T01:55:23.322Z] <<< [apiv2][status] POST https://upload-firebasehosting.googleapis.com/upload/sites/kottage-v2/versions/b9516addf042c652/files/654d28a1de1785a886afdc4491c1dc6bd64ffc26781474900c6b65ef2bcc1ce6 200
[debug] [2026-04-22T01:55:23.322Z] <<< [apiv2][body] POST https://upload-firebasehosting.googleapis.com/upload/sites/kottage-v2/versions/b9516addf042c652/files/654d28a1de1785a886afdc4491c1dc6bd64ffc26781474900c6b65ef2bcc1ce6 [stream]
[info] i  hosting: uploading new files [38/46] (82%) 
[debug] [2026-04-22T01:55:24.461Z] <<< [apiv2][status] POST https://upload-firebasehosting.googleapis.com/upload/sites/kottage-v2/versions/b9516addf042c652/files/066a6d2741c28a47610e1ea2689571942b6dc2c986fae034d85578ca7e02abb8 200
[debug] [2026-04-22T01:55:24.461Z] <<< [apiv2][body] POST https://upload-firebasehosting.googleapis.com/upload/sites/kottage-v2/versions/b9516addf042c652/files/066a6d2741c28a47610e1ea2689571942b6dc2c986fae034d85578ca7e02abb8 [stream]
[debug] [2026-04-22T01:55:24.787Z] <<< [apiv2][status] POST https://upload-firebasehosting.googleapis.com/upload/sites/kottage-v2/versions/b9516addf042c652/files/958e9c8b35e2ee000aa45dfca8b711739bb0801ac3d9d72f7d8f2b3f3c7fa077 200
[debug] [2026-04-22T01:55:24.787Z] <<< [apiv2][body] POST https://upload-firebasehosting.googleapis.com/upload/sites/kottage-v2/versions/b9516addf042c652/files/958e9c8b35e2ee000aa45dfca8b711739bb0801ac3d9d72f7d8f2b3f3c7fa077 [stream]
[debug] [2026-04-22T01:55:25.626Z] <<< [apiv2][status] POST https://upload-firebasehosting.googleapis.com/upload/sites/kottage-v2/versions/b9516addf042c652/files/b20c5b3a6b1dbaa1defa0c4f200a8acb43ece13678cac96696426802847cc675 200
[debug] [2026-04-22T01:55:25.626Z] <<< [apiv2][body] POST https://upload-firebasehosting.googleapis.com/upload/sites/kottage-v2/versions/b9516addf042c652/files/b20c5b3a6b1dbaa1defa0c4f200a8acb43ece13678cac96696426802847cc675 [stream]
[info] i  hosting: uploading new files [41/46] (89%) 
[debug] [2026-04-22T01:55:26.363Z] <<< [apiv2][status] POST https://upload-firebasehosting.googleapis.com/upload/sites/kottage-v2/versions/b9516addf042c652/files/ecd450939dadb8c3e9cff43d93fe16f70dcbbbd252ad4f5d7e7e6632d2e2762e 200
[debug] [2026-04-22T01:55:26.363Z] <<< [apiv2][body] POST https://upload-firebasehosting.googleapis.com/upload/sites/kottage-v2/versions/b9516addf042c652/files/ecd450939dadb8c3e9cff43d93fe16f70dcbbbd252ad4f5d7e7e6632d2e2762e [stream]
[debug] [2026-04-22T01:55:26.549Z] <<< [apiv2][status] POST https://upload-firebasehosting.googleapis.com/upload/sites/kottage-v2/versions/b9516addf042c652/files/13e9ccf2fb75388397c67f3548a7412070563d1dc9800bd1e7a04f2ea7eb6f0c 200
[debug] [2026-04-22T01:55:26.549Z] <<< [apiv2][body] POST https://upload-firebasehosting.googleapis.com/upload/sites/kottage-v2/versions/b9516addf042c652/files/13e9ccf2fb75388397c67f3548a7412070563d1dc9800bd1e7a04f2ea7eb6f0c [stream]
[info] i  hosting: uploading new files [43/46] (93%) 
[info] i  hosting: uploading new files [43/46] (93%) 
[debug] [2026-04-22T01:55:29.753Z] <<< [apiv2][status] POST https://upload-firebasehosting.googleapis.com/upload/sites/kottage-v2/versions/b9516addf042c652/files/ef8f680d625c33bf63e2f970c5304bf035e26412d51b0a49eb65fe65971e9f71 200
[debug] [2026-04-22T01:55:29.753Z] <<< [apiv2][body] POST https://upload-firebasehosting.googleapis.com/upload/sites/kottage-v2/versions/b9516addf042c652/files/ef8f680d625c33bf63e2f970c5304bf035e26412d51b0a49eb65fe65971e9f71 [stream]
[info] i  hosting: uploading new files [44/46] (95%) 
[debug] [2026-04-22T01:55:32.208Z] <<< [apiv2][status] POST https://upload-firebasehosting.googleapis.com/upload/sites/kottage-v2/versions/b9516addf042c652/files/8b74bd410846c861ed76d6ab2cf40b89a64c81efdab2e0555fffd716b51c8626 200
[debug] [2026-04-22T01:55:32.208Z] <<< [apiv2][body] POST https://upload-firebasehosting.googleapis.com/upload/sites/kottage-v2/versions/b9516addf042c652/files/8b74bd410846c861ed76d6ab2cf40b89a64c81efdab2e0555fffd716b51c8626 [stream]
[debug] [2026-04-22T01:55:32.946Z] <<< [apiv2][status] POST https://upload-firebasehosting.googleapis.com/upload/sites/kottage-v2/versions/b9516addf042c652/files/12f74d7a2839b08f1e82a47816103e9a272fc4891539b8e1e01efffd87feda54 200
[debug] [2026-04-22T01:55:32.946Z] <<< [apiv2][body] POST https://upload-firebasehosting.googleapis.com/upload/sites/kottage-v2/versions/b9516addf042c652/files/12f74d7a2839b08f1e82a47816103e9a272fc4891539b8e1e01efffd87feda54 [stream]
[debug] [2026-04-22T01:55:32.946Z] [hosting][upload queue][FINAL] {"max":13313,"min":767,"avg":2538.9347826086955,"active":0,"complete":46,"success":46,"errored":0,"retried":0,"total":46,"elapsed":13315}
[info] i  hosting: upload complete 
[info] +  hosting[kottage-v2]: file upload complete 
[debug] [2026-04-22T01:55:32.947Z] [hosting] deploy completed after 15330ms
[info] i  functions: creating Node.js 22 (2nd Gen) function tickets(us-central1)... 
[info] i  functions: updating Node.js 22 (2nd Gen) function updatePropertyRating(us-central1)... 
[info] i  functions: updating Node.js 22 (2nd Gen) function setHostClaims(us-central1)... 
[info] i  functions: updating Node.js 22 (2nd Gen) function setEmployeeClaims(us-central1)... 
[info] i  functions: updating Node.js 22 (2nd Gen) function getEmployees(us-central1)... 
[info] i  functions: updating Node.js 22 (2nd Gen) function searchEmployees(us-central1)... 
[info] i  functions: updating Node.js 22 (2nd Gen) function getEmployeeStats(us-central1)... 
[info] i  functions: updating Node.js 22 (2nd Gen) function getEmployeeById(us-central1)... 
[info] i  functions: updating Node.js 22 (2nd Gen) function createEmployee(us-central1)... 
[info] i  functions: updating Node.js 22 (2nd Gen) function trackUserInteraction(us-central1)... 
[info] i  functions: updating Node.js 22 (2nd Gen) function updatePopularityScores(us-central1)... 
[info] i  functions: updating Node.js 22 (2nd Gen) function getPropertyAnalytics(us-central1)... 
[info] i  functions: updating Node.js 22 (2nd Gen) function onBookingCreated(us-central1)... 
[debug] [2026-04-22T01:55:32.958Z] Checked if tokens are valid: true, expires at: 1776826494244
[debug] [2026-04-22T01:55:32.958Z] Checked if tokens are valid: true, expires at: 1776826494244
[debug] [2026-04-22T01:55:32.960Z] >>> [apiv2][query] POST https://cloudfunctions.googleapis.com/v2/projects/kottage-v2/locations/us-central1/functions functionId=tickets
[debug] [2026-04-22T01:55:32.960Z] >>> [apiv2][body] POST https://cloudfunctions.googleapis.com/v2/projects/kottage-v2/locations/us-central1/functions {"name":"projects/kottage-v2/locations/us-central1/functions/tickets","buildConfig":{"runtime":"nodejs22","entryPoint":"tickets","source":{"storageSource":{"bucket":"gcf-v2-uploads-850162149337.us-central1.cloudfunctions.appspot.com","object":"416131e2-0c72-4abc-8f5b-5663b30758ed.zip"}},"environmentVariables":{"GOOGLE_NODE_RUN_SCRIPTS":""}},"serviceConfig":{"environmentVariables":{"FIREBASE_CONFIG":"{\"projectId\":\"kottage-v2\",\"databaseURL\":\"https://kottage-v2-default-rtdb.firebaseio.com\",\"storageBucket\":\"kottage-v2.appspot.com\",\"locationId\":\"us-central\"}","GCLOUD_PROJECT":"kottage-v2","EVENTARC_CLOUD_EVENT_SOURCE":"projects/kottage-v2/locations/us-central1/services/tickets","FUNCTION_TARGET":"tickets","LOG_EXECUTION_ID":"true"},"ingressSettings":null,"timeoutSeconds":null,"serviceAccountEmail":null,"availableMemory":"256Mi","minInstanceCount":null,"maxInstanceCount":null,"maxInstanceRequestConcurrency":80,"availableCpu":"1","vpcConnector":null,"vpcConnectorEgressSettings":null},"labels":{"deployment-tool":"cli-firebase","firebase-functions-hash":"fa11e580218d160d1d29e6caa6741b69401f3cc4"}}
[debug] [2026-04-22T01:55:34.039Z] <<< [apiv2][status] POST https://cloudfunctions.googleapis.com/v2/projects/kottage-v2/locations/us-central1/functions 200
[debug] [2026-04-22T01:55:34.039Z] <<< [apiv2][body] POST https://cloudfunctions.googleapis.com/v2/projects/kottage-v2/locations/us-central1/functions {"name":"projects/kottage-v2/locations/us-central1/operations/operation-1776822932940-65002d3bf26bd-24de7050-c9b987bb","metadata":{"@type":"type.googleapis.com/google.cloud.functions.v2.OperationMetadata","createTime":"2026-04-22T01:55:33.536452759Z","target":"projects/kottage-v2/locations/us-central1/functions/tickets","verb":"create","cancelRequested":false,"apiVersion":"v2"},"done":false}
[debug] [2026-04-22T01:55:34.040Z] Checked if tokens are valid: true, expires at: 1776826494244
[debug] [2026-04-22T01:55:34.041Z] Checked if tokens are valid: true, expires at: 1776826494244
[debug] [2026-04-22T01:55:34.041Z] >>> [apiv2][query] GET https://cloudfunctions.googleapis.com/v2/projects/kottage-v2/locations/us-central1/operations/operation-1776822932940-65002d3bf26bd-24de7050-c9b987bb [none]
[debug] [2026-04-22T01:55:34.371Z] <<< [apiv2][status] GET https://cloudfunctions.googleapis.com/v2/projects/kottage-v2/locations/us-central1/operations/operation-1776822932940-65002d3bf26bd-24de7050-c9b987bb 200
[debug] [2026-04-22T01:55:34.372Z] <<< [apiv2][body] GET https://cloudfunctions.googleapis.com/v2/projects/kottage-v2/locations/us-central1/operations/operation-1776822932940-65002d3bf26bd-24de7050-c9b987bb {"name":"projects/kottage-v2/locations/us-central1/operations/operation-1776822932940-65002d3bf26bd-24de7050-c9b987bb","metadata":{"@type":"type.googleapis.com/google.cloud.functions.v2.OperationMetadata","createTime":"2026-04-22T01:55:33.536452759Z","target":"projects/kottage-v2/locations/us-central1/functions/tickets","verb":"create","cancelRequested":false,"apiVersion":"v2","requestResource":{"@type":"type.googleapis.com/google.cloud.functions.v2.Function","name":"projects/kottage-v2/locations/us-central1/functions/tickets","buildConfig":{"runtime":"nodejs22","entryPoint":"tickets","source":{"storageSource":{"bucket":"gcf-v2-sources-850162149337-us-central1","object":"tickets/function-source.zip","generation":"1776822933242619"}},"environmentVariables":{"GOOGLE_NODE_RUN_SCRIPTS":""},"serviceAccount":"projects/kottage-v2/serviceAccounts/850162149337-compute@developer.gserviceaccount.com","automaticUpdatePolicy":{}},"serviceConfig":{"service":"projects/kottage-v2/locations/us-central1/services/tickets","timeoutSeconds":60,"environmentVariables":{"FIREBASE_CONFIG":"{\"projectId\":\"kottage-v2\",\"databaseURL\":\"https://kottage-v2-default-rtdb.firebaseio.com\",\"storageBucket\":\"kottage-v2.appspot.com\",\"locationId\":\"us-central\"}","GCLOUD_PROJECT":"kottage-v2","EVENTARC_CLOUD_EVENT_SOURCE":"projects/kottage-v2/locations/us-central1/services/tickets","FUNCTION_TARGET":"tickets","LOG_EXECUTION_ID":"true"},"ingressSettings":"ALLOW_ALL","serviceAccountEmail":"850162149337-compute@developer.gserviceaccount.com","availableMemory":"256Mi","maxInstanceRequestConcurrency":80,"availableCpu":"1"},"labels":{"deployment-tool":"cli-firebase","firebase-functions-hash":"fa11e580218d160d1d29e6caa6741b69401f3cc4"},"environment":"GEN_2"},"stages":[{"name":"BUILD","state":"NOT_STARTED"},{"name":"SERVICE","state":"NOT_STARTED"}],"operationType":"CREATE_FUNCTION"},"done":false}
[debug] [2026-04-22T01:55:34.873Z] [create-default-us-central1-tickets] Retrying task index 0
[debug] [2026-04-22T01:55:34.873Z] Checked if tokens are valid: true, expires at: 1776826494244
[debug] [2026-04-22T01:55:34.874Z] Checked if tokens are valid: true, expires at: 1776826494244
[debug] [2026-04-22T01:55:34.874Z] >>> [apiv2][query] GET https://cloudfunctions.googleapis.com/v2/projects/kottage-v2/locations/us-central1/operations/operation-1776822932940-65002d3bf26bd-24de7050-c9b987bb [none]
[debug] [2026-04-22T01:55:35.219Z] <<< [apiv2][status] GET https://cloudfunctions.googleapis.com/v2/projects/kottage-v2/locations/us-central1/operations/operation-1776822932940-65002d3bf26bd-24de7050-c9b987bb 200
[debug] [2026-04-22T01:55:35.219Z] <<< [apiv2][body] GET https://cloudfunctions.googleapis.com/v2/projects/kottage-v2/locations/us-central1/operations/operation-1776822932940-65002d3bf26bd-24de7050-c9b987bb {"name":"projects/kottage-v2/locations/us-central1/operations/operation-1776822932940-65002d3bf26bd-24de7050-c9b987bb","metadata":{"@type":"type.googleapis.com/google.cloud.functions.v2.OperationMetadata","createTime":"2026-04-22T01:55:33.536452759Z","target":"projects/kottage-v2/locations/us-central1/functions/tickets","verb":"create","cancelRequested":false,"apiVersion":"v2","requestResource":{"@type":"type.googleapis.com/google.cloud.functions.v2.Function","name":"projects/kottage-v2/locations/us-central1/functions/tickets","buildConfig":{"runtime":"nodejs22","entryPoint":"tickets","source":{"storageSource":{"bucket":"gcf-v2-sources-850162149337-us-central1","object":"tickets/function-source.zip","generation":"1776822933242619"}},"environmentVariables":{"GOOGLE_NODE_RUN_SCRIPTS":""},"serviceAccount":"projects/kottage-v2/serviceAccounts/850162149337-compute@developer.gserviceaccount.com","automaticUpdatePolicy":{}},"serviceConfig":{"service":"projects/kottage-v2/locations/us-central1/services/tickets","timeoutSeconds":60,"environmentVariables":{"FIREBASE_CONFIG":"{\"projectId\":\"kottage-v2\",\"databaseURL\":\"https://kottage-v2-default-rtdb.firebaseio.com\",\"storageBucket\":\"kottage-v2.appspot.com\",\"locationId\":\"us-central\"}","GCLOUD_PROJECT":"kottage-v2","EVENTARC_CLOUD_EVENT_SOURCE":"projects/kottage-v2/locations/us-central1/services/tickets","FUNCTION_TARGET":"tickets","LOG_EXECUTION_ID":"true"},"ingressSettings":"ALLOW_ALL","serviceAccountEmail":"850162149337-compute@developer.gserviceaccount.com","availableMemory":"256Mi","maxInstanceRequestConcurrency":80,"availableCpu":"1"},"labels":{"deployment-tool":"cli-firebase","firebase-functions-hash":"fa11e580218d160d1d29e6caa6741b69401f3cc4"},"environment":"GEN_2"},"stages":[{"name":"BUILD","state":"NOT_STARTED"},{"name":"SERVICE","state":"NOT_STARTED"}],"operationType":"CREATE_FUNCTION"},"done":false}
[debug] [2026-04-22T01:55:36.220Z] [create-default-us-central1-tickets] Retrying task index 0
[debug] [2026-04-22T01:55:36.220Z] Checked if tokens are valid: true, expires at: 1776826494244
[debug] [2026-04-22T01:55:36.220Z] Checked if tokens are valid: true, expires at: 1776826494244
[debug] [2026-04-22T01:55:36.220Z] >>> [apiv2][query] GET https://cloudfunctions.googleapis.com/v2/projects/kottage-v2/locations/us-central1/operations/operation-1776822932940-65002d3bf26bd-24de7050-c9b987bb [none]
[debug] [2026-04-22T01:55:36.526Z] <<< [apiv2][status] GET https://cloudfunctions.googleapis.com/v2/projects/kottage-v2/locations/us-central1/operations/operation-1776822932940-65002d3bf26bd-24de7050-c9b987bb 200
[debug] [2026-04-22T01:55:36.526Z] <<< [apiv2][body] GET https://cloudfunctions.googleapis.com/v2/projects/kottage-v2/locations/us-central1/operations/operation-1776822932940-65002d3bf26bd-24de7050-c9b987bb {"name":"projects/kottage-v2/locations/us-central1/operations/operation-1776822932940-65002d3bf26bd-24de7050-c9b987bb","metadata":{"@type":"type.googleapis.com/google.cloud.functions.v2.OperationMetadata","createTime":"2026-04-22T01:55:33.536452759Z","target":"projects/kottage-v2/locations/us-central1/functions/tickets","verb":"create","cancelRequested":false,"apiVersion":"v2","requestResource":{"@type":"type.googleapis.com/google.cloud.functions.v2.Function","name":"projects/kottage-v2/locations/us-central1/functions/tickets","buildConfig":{"runtime":"nodejs22","entryPoint":"tickets","source":{"storageSource":{"bucket":"gcf-v2-sources-850162149337-us-central1","object":"tickets/function-source.zip","generation":"1776822933242619"}},"environmentVariables":{"GOOGLE_NODE_RUN_SCRIPTS":""},"serviceAccount":"projects/kottage-v2/serviceAccounts/850162149337-compute@developer.gserviceaccount.com","automaticUpdatePolicy":{}},"serviceConfig":{"service":"projects/kottage-v2/locations/us-central1/services/tickets","timeoutSeconds":60,"environmentVariables":{"FIREBASE_CONFIG":"{\"projectId\":\"kottage-v2\",\"databaseURL\":\"https://kottage-v2-default-rtdb.firebaseio.com\",\"storageBucket\":\"kottage-v2.appspot.com\",\"locationId\":\"us-central\"}","GCLOUD_PROJECT":"kottage-v2","EVENTARC_CLOUD_EVENT_SOURCE":"projects/kottage-v2/locations/us-central1/services/tickets","FUNCTION_TARGET":"tickets","LOG_EXECUTION_ID":"true"},"ingressSettings":"ALLOW_ALL","serviceAccountEmail":"850162149337-compute@developer.gserviceaccount.com","availableMemory":"256Mi","maxInstanceRequestConcurrency":80,"availableCpu":"1"},"labels":{"deployment-tool":"cli-firebase","firebase-functions-hash":"fa11e580218d160d1d29e6caa6741b69401f3cc4"},"environment":"GEN_2"},"stages":[{"name":"BUILD","message":"Build in progress","state":"IN_PROGRESS","resource":"projects/850162149337/locations/us-central1/builds/d6465eeb-48cd-4fd9-bcdf-71144af64432","resourceUri":"https://console.cloud.google.com/cloud-build/builds;region=us-central1/d6465eeb-48cd-4fd9-bcdf-71144af64432?project=850162149337"},{"name":"SERVICE","state":"NOT_STARTED"}],"operationType":"CREATE_FUNCTION","buildName":"projects/850162149337/locations/us-central1/builds/d6465eeb-48cd-4fd9-bcdf-71144af64432"},"done":false}
[debug] [2026-04-22T01:55:38.526Z] [create-default-us-central1-tickets] Retrying task index 0
[debug] [2026-04-22T01:55:38.527Z] Checked if tokens are valid: true, expires at: 1776826494244
[debug] [2026-04-22T01:55:38.527Z] Checked if tokens are valid: true, expires at: 1776826494244
[debug] [2026-04-22T01:55:38.527Z] >>> [apiv2][query] GET https://cloudfunctions.googleapis.com/v2/projects/kottage-v2/locations/us-central1/operations/operation-1776822932940-65002d3bf26bd-24de7050-c9b987bb [none]
[debug] [2026-04-22T01:55:38.849Z] <<< [apiv2][status] GET https://cloudfunctions.googleapis.com/v2/projects/kottage-v2/locations/us-central1/operations/operation-1776822932940-65002d3bf26bd-24de7050-c9b987bb 200
[debug] [2026-04-22T01:55:38.849Z] <<< [apiv2][body] GET https://cloudfunctions.googleapis.com/v2/projects/kottage-v2/locations/us-central1/operations/operation-1776822932940-65002d3bf26bd-24de7050-c9b987bb {"name":"projects/kottage-v2/locations/us-central1/operations/operation-1776822932940-65002d3bf26bd-24de7050-c9b987bb","metadata":{"@type":"type.googleapis.com/google.cloud.functions.v2.OperationMetadata","createTime":"2026-04-22T01:55:33.536452759Z","target":"projects/kottage-v2/locations/us-central1/functions/tickets","verb":"create","cancelRequested":false,"apiVersion":"v2","requestResource":{"@type":"type.googleapis.com/google.cloud.functions.v2.Function","name":"projects/kottage-v2/locations/us-central1/functions/tickets","buildConfig":{"runtime":"nodejs22","entryPoint":"tickets","source":{"storageSource":{"bucket":"gcf-v2-sources-850162149337-us-central1","object":"tickets/function-source.zip","generation":"1776822933242619"}},"environmentVariables":{"GOOGLE_NODE_RUN_SCRIPTS":""},"serviceAccount":"projects/kottage-v2/serviceAccounts/850162149337-compute@developer.gserviceaccount.com","automaticUpdatePolicy":{}},"serviceConfig":{"service":"projects/kottage-v2/locations/us-central1/services/tickets","timeoutSeconds":60,"environmentVariables":{"FIREBASE_CONFIG":"{\"projectId\":\"kottage-v2\",\"databaseURL\":\"https://kottage-v2-default-rtdb.firebaseio.com\",\"storageBucket\":\"kottage-v2.appspot.com\",\"locationId\":\"us-central\"}","GCLOUD_PROJECT":"kottage-v2","EVENTARC_CLOUD_EVENT_SOURCE":"projects/kottage-v2/locations/us-central1/services/tickets","FUNCTION_TARGET":"tickets","LOG_EXECUTION_ID":"true"},"ingressSettings":"ALLOW_ALL","serviceAccountEmail":"850162149337-compute@developer.gserviceaccount.com","availableMemory":"256Mi","maxInstanceRequestConcurrency":80,"availableCpu":"1"},"labels":{"deployment-tool":"cli-firebase","firebase-functions-hash":"fa11e580218d160d1d29e6caa6741b69401f3cc4"},"environment":"GEN_2"},"stages":[{"name":"BUILD","message":"Build in progress","state":"IN_PROGRESS","resource":"projects/850162149337/locations/us-central1/builds/d6465eeb-48cd-4fd9-bcdf-71144af64432","resourceUri":"https://console.cloud.google.com/cloud-build/builds;region=us-central1/d6465eeb-48cd-4fd9-bcdf-71144af64432?project=850162149337"},{"name":"SERVICE","state":"NOT_STARTED"}],"operationType":"CREATE_FUNCTION","buildName":"projects/850162149337/locations/us-central1/builds/d6465eeb-48cd-4fd9-bcdf-71144af64432"},"done":false}
[debug] [2026-04-22T01:55:42.850Z] [create-default-us-central1-tickets] Retrying task index 0
[debug] [2026-04-22T01:55:42.851Z] Checked if tokens are valid: true, expires at: 1776826494244
[debug] [2026-04-22T01:55:42.851Z] Checked if tokens are valid: true, expires at: 1776826494244
[debug] [2026-04-22T01:55:42.852Z] >>> [apiv2][query] GET https://cloudfunctions.googleapis.com/v2/projects/kottage-v2/locations/us-central1/operations/operation-1776822932940-65002d3bf26bd-24de7050-c9b987bb [none]
[debug] [2026-04-22T01:55:43.170Z] <<< [apiv2][status] GET https://cloudfunctions.googleapis.com/v2/projects/kottage-v2/locations/us-central1/operations/operation-1776822932940-65002d3bf26bd-24de7050-c9b987bb 200
[debug] [2026-04-22T01:55:43.171Z] <<< [apiv2][body] GET https://cloudfunctions.googleapis.com/v2/projects/kottage-v2/locations/us-central1/operations/operation-1776822932940-65002d3bf26bd-24de7050-c9b987bb {"name":"projects/kottage-v2/locations/us-central1/operations/operation-1776822932940-65002d3bf26bd-24de7050-c9b987bb","metadata":{"@type":"type.googleapis.com/google.cloud.functions.v2.OperationMetadata","createTime":"2026-04-22T01:55:33.536452759Z","target":"projects/kottage-v2/locations/us-central1/functions/tickets","verb":"create","cancelRequested":false,"apiVersion":"v2","requestResource":{"@type":"type.googleapis.com/google.cloud.functions.v2.Function","name":"projects/kottage-v2/locations/us-central1/functions/tickets","buildConfig":{"runtime":"nodejs22","entryPoint":"tickets","source":{"storageSource":{"bucket":"gcf-v2-sources-850162149337-us-central1","object":"tickets/function-source.zip","generation":"1776822933242619"}},"environmentVariables":{"GOOGLE_NODE_RUN_SCRIPTS":""},"serviceAccount":"projects/kottage-v2/serviceAccounts/850162149337-compute@developer.gserviceaccount.com","automaticUpdatePolicy":{}},"serviceConfig":{"service":"projects/kottage-v2/locations/us-central1/services/tickets","timeoutSeconds":60,"environmentVariables":{"FIREBASE_CONFIG":"{\"projectId\":\"kottage-v2\",\"databaseURL\":\"https://kottage-v2-default-rtdb.firebaseio.com\",\"storageBucket\":\"kottage-v2.appspot.com\",\"locationId\":\"us-central\"}","GCLOUD_PROJECT":"kottage-v2","EVENTARC_CLOUD_EVENT_SOURCE":"projects/kottage-v2/locations/us-central1/services/tickets","FUNCTION_TARGET":"tickets","LOG_EXECUTION_ID":"true"},"ingressSettings":"ALLOW_ALL","serviceAccountEmail":"850162149337-compute@developer.gserviceaccount.com","availableMemory":"256Mi","maxInstanceRequestConcurrency":80,"availableCpu":"1"},"labels":{"deployment-tool":"cli-firebase","firebase-functions-hash":"fa11e580218d160d1d29e6caa6741b69401f3cc4"},"environment":"GEN_2"},"stages":[{"name":"BUILD","message":"Build in progress","state":"IN_PROGRESS","resource":"projects/850162149337/locations/us-central1/builds/d6465eeb-48cd-4fd9-bcdf-71144af64432","resourceUri":"https://console.cloud.google.com/cloud-build/builds;region=us-central1/d6465eeb-48cd-4fd9-bcdf-71144af64432?project=850162149337"},{"name":"SERVICE","state":"NOT_STARTED"}],"operationType":"CREATE_FUNCTION","buildName":"projects/850162149337/locations/us-central1/builds/d6465eeb-48cd-4fd9-bcdf-71144af64432"},"done":false}
[debug] [2026-04-22T01:55:51.171Z] [create-default-us-central1-tickets] Retrying task index 0
[debug] [2026-04-22T01:55:51.171Z] Checked if tokens are valid: true, expires at: 1776826494244
[debug] [2026-04-22T01:55:51.171Z] Checked if tokens are valid: true, expires at: 1776826494244
[debug] [2026-04-22T01:55:51.172Z] >>> [apiv2][query] GET https://cloudfunctions.googleapis.com/v2/projects/kottage-v2/locations/us-central1/operations/operation-1776822932940-65002d3bf26bd-24de7050-c9b987bb [none]
[debug] [2026-04-22T01:55:51.632Z] <<< [apiv2][status] GET https://cloudfunctions.googleapis.com/v2/projects/kottage-v2/locations/us-central1/operations/operation-1776822932940-65002d3bf26bd-24de7050-c9b987bb 200
[debug] [2026-04-22T01:55:51.632Z] <<< [apiv2][body] GET https://cloudfunctions.googleapis.com/v2/projects/kottage-v2/locations/us-central1/operations/operation-1776822932940-65002d3bf26bd-24de7050-c9b987bb {"name":"projects/kottage-v2/locations/us-central1/operations/operation-1776822932940-65002d3bf26bd-24de7050-c9b987bb","metadata":{"@type":"type.googleapis.com/google.cloud.functions.v2.OperationMetadata","createTime":"2026-04-22T01:55:33.536452759Z","target":"projects/kottage-v2/locations/us-central1/functions/tickets","verb":"create","cancelRequested":false,"apiVersion":"v2","requestResource":{"@type":"type.googleapis.com/google.cloud.functions.v2.Function","name":"projects/kottage-v2/locations/us-central1/functions/tickets","buildConfig":{"runtime":"nodejs22","entryPoint":"tickets","source":{"storageSource":{"bucket":"gcf-v2-sources-850162149337-us-central1","object":"tickets/function-source.zip","generation":"1776822933242619"}},"environmentVariables":{"GOOGLE_NODE_RUN_SCRIPTS":""},"serviceAccount":"projects/kottage-v2/serviceAccounts/850162149337-compute@developer.gserviceaccount.com","automaticUpdatePolicy":{}},"serviceConfig":{"service":"projects/kottage-v2/locations/us-central1/services/tickets","timeoutSeconds":60,"environmentVariables":{"FIREBASE_CONFIG":"{\"projectId\":\"kottage-v2\",\"databaseURL\":\"https://kottage-v2-default-rtdb.firebaseio.com\",\"storageBucket\":\"kottage-v2.appspot.com\",\"locationId\":\"us-central\"}","GCLOUD_PROJECT":"kottage-v2","EVENTARC_CLOUD_EVENT_SOURCE":"projects/kottage-v2/locations/us-central1/services/tickets","FUNCTION_TARGET":"tickets","LOG_EXECUTION_ID":"true"},"ingressSettings":"ALLOW_ALL","serviceAccountEmail":"850162149337-compute@developer.gserviceaccount.com","availableMemory":"256Mi","maxInstanceRequestConcurrency":80,"availableCpu":"1"},"labels":{"deployment-tool":"cli-firebase","firebase-functions-hash":"fa11e580218d160d1d29e6caa6741b69401f3cc4"},"environment":"GEN_2"},"stages":[{"name":"BUILD","message":"Build in progress","state":"IN_PROGRESS","resource":"projects/850162149337/locations/us-central1/builds/d6465eeb-48cd-4fd9-bcdf-71144af64432","resourceUri":"https://console.cloud.google.com/cloud-build/builds;region=us-central1/d6465eeb-48cd-4fd9-bcdf-71144af64432?project=850162149337"},{"name":"SERVICE","state":"NOT_STARTED"}],"operationType":"CREATE_FUNCTION","buildName":"projects/850162149337/locations/us-central1/builds/d6465eeb-48cd-4fd9-bcdf-71144af64432"},"done":false}
[debug] [2026-04-22T01:56:01.632Z] [create-default-us-central1-tickets] Retrying task index 0
[debug] [2026-04-22T01:56:01.633Z] Checked if tokens are valid: true, expires at: 1776826494244
[debug] [2026-04-22T01:56:01.633Z] Checked if tokens are valid: true, expires at: 1776826494244
[debug] [2026-04-22T01:56:01.634Z] >>> [apiv2][query] GET https://cloudfunctions.googleapis.com/v2/projects/kottage-v2/locations/us-central1/operations/operation-1776822932940-65002d3bf26bd-24de7050-c9b987bb [none]
[debug] [2026-04-22T01:56:02.035Z] <<< [apiv2][status] GET https://cloudfunctions.googleapis.com/v2/projects/kottage-v2/locations/us-central1/operations/operation-1776822932940-65002d3bf26bd-24de7050-c9b987bb 200
[debug] [2026-04-22T01:56:02.036Z] <<< [apiv2][body] GET https://cloudfunctions.googleapis.com/v2/projects/kottage-v2/locations/us-central1/operations/operation-1776822932940-65002d3bf26bd-24de7050-c9b987bb {"name":"projects/kottage-v2/locations/us-central1/operations/operation-1776822932940-65002d3bf26bd-24de7050-c9b987bb","metadata":{"@type":"type.googleapis.com/google.cloud.functions.v2.OperationMetadata","createTime":"2026-04-22T01:55:33.536452759Z","target":"projects/kottage-v2/locations/us-central1/functions/tickets","verb":"create","cancelRequested":false,"apiVersion":"v2","requestResource":{"@type":"type.googleapis.com/google.cloud.functions.v2.Function","name":"projects/kottage-v2/locations/us-central1/functions/tickets","buildConfig":{"runtime":"nodejs22","entryPoint":"tickets","source":{"storageSource":{"bucket":"gcf-v2-sources-850162149337-us-central1","object":"tickets/function-source.zip","generation":"1776822933242619"}},"environmentVariables":{"GOOGLE_NODE_RUN_SCRIPTS":""},"serviceAccount":"projects/kottage-v2/serviceAccounts/850162149337-compute@developer.gserviceaccount.com","automaticUpdatePolicy":{}},"serviceConfig":{"service":"projects/kottage-v2/locations/us-central1/services/tickets","timeoutSeconds":60,"environmentVariables":{"FIREBASE_CONFIG":"{\"projectId\":\"kottage-v2\",\"databaseURL\":\"https://kottage-v2-default-rtdb.firebaseio.com\",\"storageBucket\":\"kottage-v2.appspot.com\",\"locationId\":\"us-central\"}","GCLOUD_PROJECT":"kottage-v2","EVENTARC_CLOUD_EVENT_SOURCE":"projects/kottage-v2/locations/us-central1/services/tickets","FUNCTION_TARGET":"tickets","LOG_EXECUTION_ID":"true"},"ingressSettings":"ALLOW_ALL","serviceAccountEmail":"850162149337-compute@developer.gserviceaccount.com","availableMemory":"256Mi","maxInstanceRequestConcurrency":80,"availableCpu":"1"},"labels":{"deployment-tool":"cli-firebase","firebase-functions-hash":"fa11e580218d160d1d29e6caa6741b69401f3cc4"},"environment":"GEN_2"},"stages":[{"name":"BUILD","message":"Build in progress","state":"IN_PROGRESS","resource":"projects/850162149337/locations/us-central1/builds/d6465eeb-48cd-4fd9-bcdf-71144af64432","resourceUri":"https://console.cloud.google.com/cloud-build/builds;region=us-central1/d6465eeb-48cd-4fd9-bcdf-71144af64432?project=850162149337"},{"name":"SERVICE","state":"NOT_STARTED"}],"operationType":"CREATE_FUNCTION","buildName":"projects/850162149337/locations/us-central1/builds/d6465eeb-48cd-4fd9-bcdf-71144af64432"},"done":false}
[debug] [2026-04-22T01:56:12.036Z] [create-default-us-central1-tickets] Retrying task index 0
[debug] [2026-04-22T01:56:12.039Z] Checked if tokens are valid: true, expires at: 1776826494244
[debug] [2026-04-22T01:56:12.039Z] Checked if tokens are valid: true, expires at: 1776826494244
[debug] [2026-04-22T01:56:12.039Z] >>> [apiv2][query] GET https://cloudfunctions.googleapis.com/v2/projects/kottage-v2/locations/us-central1/operations/operation-1776822932940-65002d3bf26bd-24de7050-c9b987bb [none]
[debug] [2026-04-22T01:56:12.416Z] <<< [apiv2][status] GET https://cloudfunctions.googleapis.com/v2/projects/kottage-v2/locations/us-central1/operations/operation-1776822932940-65002d3bf26bd-24de7050-c9b987bb 200
[debug] [2026-04-22T01:56:12.416Z] <<< [apiv2][body] GET https://cloudfunctions.googleapis.com/v2/projects/kottage-v2/locations/us-central1/operations/operation-1776822932940-65002d3bf26bd-24de7050-c9b987bb {"name":"projects/kottage-v2/locations/us-central1/operations/operation-1776822932940-65002d3bf26bd-24de7050-c9b987bb","metadata":{"@type":"type.googleapis.com/google.cloud.functions.v2.OperationMetadata","createTime":"2026-04-22T01:55:33.536452759Z","target":"projects/kottage-v2/locations/us-central1/functions/tickets","verb":"create","cancelRequested":false,"apiVersion":"v2","requestResource":{"@type":"type.googleapis.com/google.cloud.functions.v2.Function","name":"projects/kottage-v2/locations/us-central1/functions/tickets","buildConfig":{"runtime":"nodejs22","entryPoint":"tickets","source":{"storageSource":{"bucket":"gcf-v2-sources-850162149337-us-central1","object":"tickets/function-source.zip","generation":"1776822933242619"}},"environmentVariables":{"GOOGLE_NODE_RUN_SCRIPTS":""},"serviceAccount":"projects/kottage-v2/serviceAccounts/850162149337-compute@developer.gserviceaccount.com","automaticUpdatePolicy":{}},"serviceConfig":{"service":"projects/kottage-v2/locations/us-central1/services/tickets","timeoutSeconds":60,"environmentVariables":{"FIREBASE_CONFIG":"{\"projectId\":\"kottage-v2\",\"databaseURL\":\"https://kottage-v2-default-rtdb.firebaseio.com\",\"storageBucket\":\"kottage-v2.appspot.com\",\"locationId\":\"us-central\"}","GCLOUD_PROJECT":"kottage-v2","EVENTARC_CLOUD_EVENT_SOURCE":"projects/kottage-v2/locations/us-central1/services/tickets","FUNCTION_TARGET":"tickets","LOG_EXECUTION_ID":"true"},"ingressSettings":"ALLOW_ALL","serviceAccountEmail":"850162149337-compute@developer.gserviceaccount.com","availableMemory":"256Mi","maxInstanceRequestConcurrency":80,"availableCpu":"1"},"labels":{"deployment-tool":"cli-firebase","firebase-functions-hash":"fa11e580218d160d1d29e6caa6741b69401f3cc4"},"environment":"GEN_2"},"stages":[{"name":"BUILD","message":"Build in progress","state":"IN_PROGRESS","resource":"projects/850162149337/locations/us-central1/builds/d6465eeb-48cd-4fd9-bcdf-71144af64432","resourceUri":"https://console.cloud.google.com/cloud-build/builds;region=us-central1/d6465eeb-48cd-4fd9-bcdf-71144af64432?project=850162149337"},{"name":"SERVICE","state":"NOT_STARTED"}],"operationType":"CREATE_FUNCTION","buildName":"projects/850162149337/locations/us-central1/builds/d6465eeb-48cd-4fd9-bcdf-71144af64432"},"done":false}
[debug] [2026-04-22T01:56:22.416Z] [create-default-us-central1-tickets] Retrying task index 0
[debug] [2026-04-22T01:56:22.417Z] Checked if tokens are valid: true, expires at: 1776826494244
[debug] [2026-04-22T01:56:22.417Z] Checked if tokens are valid: true, expires at: 1776826494244
[debug] [2026-04-22T01:56:22.418Z] >>> [apiv2][query] GET https://cloudfunctions.googleapis.com/v2/projects/kottage-v2/locations/us-central1/operations/operation-1776822932940-65002d3bf26bd-24de7050-c9b987bb [none]
[debug] [2026-04-22T01:56:22.805Z] <<< [apiv2][status] GET https://cloudfunctions.googleapis.com/v2/projects/kottage-v2/locations/us-central1/operations/operation-1776822932940-65002d3bf26bd-24de7050-c9b987bb 200
[debug] [2026-04-22T01:56:22.805Z] <<< [apiv2][body] GET https://cloudfunctions.googleapis.com/v2/projects/kottage-v2/locations/us-central1/operations/operation-1776822932940-65002d3bf26bd-24de7050-c9b987bb {"name":"projects/kottage-v2/locations/us-central1/operations/operation-1776822932940-65002d3bf26bd-24de7050-c9b987bb","metadata":{"@type":"type.googleapis.com/google.cloud.functions.v2.OperationMetadata","createTime":"2026-04-22T01:55:33.536452759Z","target":"projects/kottage-v2/locations/us-central1/functions/tickets","verb":"create","cancelRequested":false,"apiVersion":"v2","requestResource":{"@type":"type.googleapis.com/google.cloud.functions.v2.Function","name":"projects/kottage-v2/locations/us-central1/functions/tickets","buildConfig":{"runtime":"nodejs22","entryPoint":"tickets","source":{"storageSource":{"bucket":"gcf-v2-sources-850162149337-us-central1","object":"tickets/function-source.zip","generation":"1776822933242619"}},"environmentVariables":{"GOOGLE_NODE_RUN_SCRIPTS":""},"serviceAccount":"projects/kottage-v2/serviceAccounts/850162149337-compute@developer.gserviceaccount.com","automaticUpdatePolicy":{}},"serviceConfig":{"service":"projects/kottage-v2/locations/us-central1/services/tickets","timeoutSeconds":60,"environmentVariables":{"FIREBASE_CONFIG":"{\"projectId\":\"kottage-v2\",\"databaseURL\":\"https://kottage-v2-default-rtdb.firebaseio.com\",\"storageBucket\":\"kottage-v2.appspot.com\",\"locationId\":\"us-central\"}","GCLOUD_PROJECT":"kottage-v2","EVENTARC_CLOUD_EVENT_SOURCE":"projects/kottage-v2/locations/us-central1/services/tickets","FUNCTION_TARGET":"tickets","LOG_EXECUTION_ID":"true"},"ingressSettings":"ALLOW_ALL","serviceAccountEmail":"850162149337-compute@developer.gserviceaccount.com","availableMemory":"256Mi","maxInstanceRequestConcurrency":80,"availableCpu":"1"},"labels":{"deployment-tool":"cli-firebase","firebase-functions-hash":"fa11e580218d160d1d29e6caa6741b69401f3cc4"},"environment":"GEN_2"},"stages":[{"name":"BUILD","message":"Build in progress","state":"IN_PROGRESS","resource":"projects/850162149337/locations/us-central1/builds/d6465eeb-48cd-4fd9-bcdf-71144af64432","resourceUri":"https://console.cloud.google.com/cloud-build/builds;region=us-central1/d6465eeb-48cd-4fd9-bcdf-71144af64432?project=850162149337"},{"name":"SERVICE","state":"NOT_STARTED"}],"operationType":"CREATE_FUNCTION","buildName":"projects/850162149337/locations/us-central1/builds/d6465eeb-48cd-4fd9-bcdf-71144af64432"},"done":false}
[debug] [2026-04-22T01:56:32.806Z] [create-default-us-central1-tickets] Retrying task index 0
[debug] [2026-04-22T01:56:32.807Z] Checked if tokens are valid: true, expires at: 1776826494244
[debug] [2026-04-22T01:56:32.807Z] Checked if tokens are valid: true, expires at: 1776826494244
[debug] [2026-04-22T01:56:32.807Z] >>> [apiv2][query] GET https://cloudfunctions.googleapis.com/v2/projects/kottage-v2/locations/us-central1/operations/operation-1776822932940-65002d3bf26bd-24de7050-c9b987bb [none]
[debug] [2026-04-22T01:56:33.145Z] <<< [apiv2][status] GET https://cloudfunctions.googleapis.com/v2/projects/kottage-v2/locations/us-central1/operations/operation-1776822932940-65002d3bf26bd-24de7050-c9b987bb 200
[debug] [2026-04-22T01:56:33.145Z] <<< [apiv2][body] GET https://cloudfunctions.googleapis.com/v2/projects/kottage-v2/locations/us-central1/operations/operation-1776822932940-65002d3bf26bd-24de7050-c9b987bb {"name":"projects/kottage-v2/locations/us-central1/operations/operation-1776822932940-65002d3bf26bd-24de7050-c9b987bb","metadata":{"@type":"type.googleapis.com/google.cloud.functions.v2.OperationMetadata","createTime":"2026-04-22T01:55:33.536452759Z","target":"projects/kottage-v2/locations/us-central1/functions/tickets","verb":"create","cancelRequested":false,"apiVersion":"v2","requestResource":{"@type":"type.googleapis.com/google.cloud.functions.v2.Function","name":"projects/kottage-v2/locations/us-central1/functions/tickets","buildConfig":{"runtime":"nodejs22","entryPoint":"tickets","source":{"storageSource":{"bucket":"gcf-v2-sources-850162149337-us-central1","object":"tickets/function-source.zip","generation":"1776822933242619"}},"environmentVariables":{"GOOGLE_NODE_RUN_SCRIPTS":""},"serviceAccount":"projects/kottage-v2/serviceAccounts/850162149337-compute@developer.gserviceaccount.com","automaticUpdatePolicy":{}},"serviceConfig":{"service":"projects/kottage-v2/locations/us-central1/services/tickets","timeoutSeconds":60,"environmentVariables":{"FIREBASE_CONFIG":"{\"projectId\":\"kottage-v2\",\"databaseURL\":\"https://kottage-v2-default-rtdb.firebaseio.com\",\"storageBucket\":\"kottage-v2.appspot.com\",\"locationId\":\"us-central\"}","GCLOUD_PROJECT":"kottage-v2","EVENTARC_CLOUD_EVENT_SOURCE":"projects/kottage-v2/locations/us-central1/services/tickets","FUNCTION_TARGET":"tickets","LOG_EXECUTION_ID":"true"},"ingressSettings":"ALLOW_ALL","serviceAccountEmail":"850162149337-compute@developer.gserviceaccount.com","availableMemory":"256Mi","maxInstanceRequestConcurrency":80,"availableCpu":"1"},"labels":{"deployment-tool":"cli-firebase","firebase-functions-hash":"fa11e580218d160d1d29e6caa6741b69401f3cc4"},"environment":"GEN_2"},"stages":[{"name":"BUILD","message":"Build finished","state":"COMPLETE","resource":"projects/850162149337/locations/us-central1/builds/d6465eeb-48cd-4fd9-bcdf-71144af64432","resourceUri":"https://console.cloud.google.com/cloud-build/builds;region=us-central1/d6465eeb-48cd-4fd9-bcdf-71144af64432?project=850162149337"},{"name":"SERVICE","message":"Creating Cloud Run service","state":"IN_PROGRESS","resource":"projects/kottage-v2/locations/us-central1/services/tickets","resourceUri":"https://console.cloud.google.com/run/detail/us-central1/tickets?project=kottage-v2"}],"sourceToken":"Cldwcm9qZWN0cy84NTAxNjIxNDkzMzcvbG9jYXRpb25zL3VzLWNlbnRyYWwxL2J1aWxkcy9kNjQ2NWVlYi00OGNkLTRmZDktYmNkZi03MTE0NGFmNjQ0MzISYHVzLWNlbnRyYWwxLWRvY2tlci5wa2cuZGV2L2tvdHRhZ2UtdjIvZ2NmLWFydGlmYWN0cy9rb3R0YWdlLS12Ml9fdXMtLWNlbnRyYWwxX190aWNrZXRzOnZlcnNpb25fMRjZz/OM3xgiO3Byb2plY3RzL2tvdHRhZ2UtdjIvbG9jYXRpb25zL3VzLWNlbnRyYWwxL2Z1bmN0aW9ucy90aWNrZXRzKgwIzdWgzwYQgKL9lQEyCG5vZGVqczIyOnYKI2djci5pby9nYWUtcnVudGltZXMvbm9kZWpzMjI6c3RhYmxlEk91cy1jZW50cmFsMS1kb2NrZXIucGtnLmRldi9zZXJ2ZXJsZXNzLXJ1bnRpbWVzL2dvb2dsZS0yMi1mdWxsL3J1bnRpbWVzL25vZGVqczIyQAE=","operationType":"CREATE_FUNCTION","buildName":"projects/850162149337/locations/us-central1/builds/d6465eeb-48cd-4fd9-bcdf-71144af64432"},"done":false}
[debug] [2026-04-22T01:56:33.145Z] Got source token Cldwcm9qZWN0cy84NTAxNjIxNDkzMzcvbG9jYXRpb25zL3VzLWNlbnRyYWwxL2J1aWxkcy9kNjQ2NWVlYi00OGNkLTRmZDktYmNkZi03MTE0NGFmNjQ0MzISYHVzLWNlbnRyYWwxLWRvY2tlci5wa2cuZGV2L2tvdHRhZ2UtdjIvZ2NmLWFydGlmYWN0cy9rb3R0YWdlLS12Ml9fdXMtLWNlbnRyYWwxX190aWNrZXRzOnZlcnNpb25fMRjZz/OM3xgiO3Byb2plY3RzL2tvdHRhZ2UtdjIvbG9jYXRpb25zL3VzLWNlbnRyYWwxL2Z1bmN0aW9ucy90aWNrZXRzKgwIzdWgzwYQgKL9lQEyCG5vZGVqczIyOnYKI2djci5pby9nYWUtcnVudGltZXMvbm9kZWpzMjI6c3RhYmxlEk91cy1jZW50cmFsMS1kb2NrZXIucGtnLmRldi9zZXJ2ZXJsZXNzLXJ1bnRpbWVzL2dvb2dsZS0yMi1mdWxsL3J1bnRpbWVzL25vZGVqczIyQAE= for region us-central1
[debug] [2026-04-22T01:56:33.146Z] Checked if tokens are valid: true, expires at: 1776826494244
[debug] [2026-04-22T01:56:33.146Z] Checked if tokens are valid: true, expires at: 1776826494244
[debug] [2026-04-22T01:56:33.147Z] Checked if tokens are valid: true, expires at: 1776826494244
[debug] [2026-04-22T01:56:33.147Z] Checked if tokens are valid: true, expires at: 1776826494244
[debug] [2026-04-22T01:56:33.147Z] Checked if tokens are valid: true, expires at: 1776826494244
[debug] [2026-04-22T01:56:33.147Z] Checked if tokens are valid: true, expires at: 1776826494244
[debug] [2026-04-22T01:56:33.147Z] Checked if tokens are valid: true, expires at: 1776826494244
[debug] [2026-04-22T01:56:33.148Z] Checked if tokens are valid: true, expires at: 1776826494244
[debug] [2026-04-22T01:56:33.148Z] Checked if tokens are valid: true, expires at: 1776826494244
[debug] [2026-04-22T01:56:33.148Z] Checked if tokens are valid: true, expires at: 1776826494244
[debug] [2026-04-22T01:56:33.149Z] Checked if tokens are valid: true, expires at: 1776826494244
[debug] [2026-04-22T01:56:33.149Z] Checked if tokens are valid: true, expires at: 1776826494244
[debug] [2026-04-22T01:56:33.149Z] Checked if tokens are valid: true, expires at: 1776826494244
[debug] [2026-04-22T01:56:33.149Z] Checked if tokens are valid: true, expires at: 1776826494244
[debug] [2026-04-22T01:56:33.149Z] Checked if tokens are valid: true, expires at: 1776826494244
[debug] [2026-04-22T01:56:33.149Z] Checked if tokens are valid: true, expires at: 1776826494244
[debug] [2026-04-22T01:56:33.149Z] Checked if tokens are valid: true, expires at: 1776826494244
[debug] [2026-04-22T01:56:33.149Z] Checked if tokens are valid: true, expires at: 1776826494244
[debug] [2026-04-22T01:56:33.149Z] Checked if tokens are valid: true, expires at: 1776826494244
[debug] [2026-04-22T01:56:33.149Z] Checked if tokens are valid: true, expires at: 1776826494244
[debug] [2026-04-22T01:56:33.150Z] Checked if tokens are valid: true, expires at: 1776826494244
[debug] [2026-04-22T01:56:33.150Z] Checked if tokens are valid: true, expires at: 1776826494244
[debug] [2026-04-22T01:56:33.150Z] Checked if tokens are valid: true, expires at: 1776826494244
[debug] [2026-04-22T01:56:33.150Z] Checked if tokens are valid: true, expires at: 1776826494244
[debug] [2026-04-22T01:56:33.151Z] >>> [apiv2][query] PATCH https://cloudfunctions.googleapis.com/v2/projects/kottage-v2/locations/us-central1/functions/updatePropertyRating updateMask=name%2CbuildConfig.runtime%2CbuildConfig.entryPoint%2CbuildConfig.source.storageSource.bucket%2CbuildConfig.source.storageSource.object%2CbuildConfig.environmentVariables%2CbuildConfig.sourceToken%2CserviceConfig.environmentVariables%2CserviceConfig.ingressSettings%2CserviceConfig.timeoutSeconds%2CserviceConfig.serviceAccountEmail%2CserviceConfig.availableMemory%2CserviceConfig.minInstanceCount%2CserviceConfig.maxInstanceCount%2CserviceConfig.maxInstanceRequestConcurrency%2CserviceConfig.availableCpu%2CserviceConfig.vpcConnector%2CserviceConfig.vpcConnectorEgressSettings%2Clabels%2CeventTrigger.eventType%2CeventTrigger.retryPolicy%2CeventTrigger.eventFilters%2CeventTrigger.triggerRegion
[debug] [2026-04-22T01:56:33.151Z] >>> [apiv2][body] PATCH https://cloudfunctions.googleapis.com/v2/projects/kottage-v2/locations/us-central1/functions/updatePropertyRating {"name":"projects/kottage-v2/locations/us-central1/functions/updatePropertyRating","buildConfig":{"runtime":"nodejs22","entryPoint":"updatePropertyRating","source":{"storageSource":{"bucket":"gcf-v2-uploads-850162149337.us-central1.cloudfunctions.appspot.com","object":"416131e2-0c72-4abc-8f5b-5663b30758ed.zip"}},"environmentVariables":{"GOOGLE_NODE_RUN_SCRIPTS":""},"sourceToken":"Cldwcm9qZWN0cy84NTAxNjIxNDkzMzcvbG9jYXRpb25zL3VzLWNlbnRyYWwxL2J1aWxkcy9kNjQ2NWVlYi00OGNkLTRmZDktYmNkZi03MTE0NGFmNjQ0MzISYHVzLWNlbnRyYWwxLWRvY2tlci5wa2cuZGV2L2tvdHRhZ2UtdjIvZ2NmLWFydGlmYWN0cy9rb3R0YWdlLS12Ml9fdXMtLWNlbnRyYWwxX190aWNrZXRzOnZlcnNpb25fMRjZz/OM3xgiO3Byb2plY3RzL2tvdHRhZ2UtdjIvbG9jYXRpb25zL3VzLWNlbnRyYWwxL2Z1bmN0aW9ucy90aWNrZXRzKgwIzdWgzwYQgKL9lQEyCG5vZGVqczIyOnYKI2djci5pby9nYWUtcnVudGltZXMvbm9kZWpzMjI6c3RhYmxlEk91cy1jZW50cmFsMS1kb2NrZXIucGtnLmRldi9zZXJ2ZXJsZXNzLXJ1bnRpbWVzL2dvb2dsZS0yMi1mdWxsL3J1bnRpbWVzL25vZGVqczIyQAE="},"serviceConfig":{"environmentVariables":{"FIREBASE_CONFIG":"{\"projectId\":\"kottage-v2\",\"databaseURL\":\"https://kottage-v2-default-rtdb.firebaseio.com\",\"storageBucket\":\"kottage-v2.appspot.com\",\"locationId\":\"us-central\"}","GCLOUD_PROJECT":"kottage-v2","EVENTARC_CLOUD_EVENT_SOURCE":"projects/kottage-v2/locations/us-central1/services/updatePropertyRating","FUNCTION_SIGNATURE_TYPE":"cloudevent","FUNCTION_TARGET":"updatePropertyRating","LOG_EXECUTION_ID":"true"},"ingressSettings":null,"timeoutSeconds":null,"serviceAccountEmail":null,"availableMemory":"256Mi","minInstanceCount":null,"maxInstanceCount":10,"maxInstanceRequestConcurrency":80,"availableCpu":"1","vpcConnector":null,"vpcConnectorEgressSettings":null},"labels":{"deployment-tool":"cli-firebase","firebase-functions-hash":"fa11e580218d160d1d29e6caa6741b69401f3cc4"},"eventTrigger":{"eventType":"google.firebase.database.ref.v1.written","retryPolicy":"RETRY_POLICY_DO_NOT_RETRY","eventFilters":[{"attribute":"ref","value":"reviews/{propertyId}/{reviewId}","operator":"match-path-pattern"},{"attribute":"instance","value":"*","operator":"match-path-pattern"}],"triggerRegion":"us-central1"}}
[debug] [2026-04-22T01:56:33.152Z] >>> [apiv2][query] PATCH https://cloudfunctions.googleapis.com/v2/projects/kottage-v2/locations/us-central1/functions/setHostClaims updateMask=name%2CbuildConfig.runtime%2CbuildConfig.entryPoint%2CbuildConfig.source.storageSource.bucket%2CbuildConfig.source.storageSource.object%2CbuildConfig.environmentVariables%2CbuildConfig.sourceToken%2CserviceConfig.environmentVariables%2CserviceConfig.ingressSettings%2CserviceConfig.timeoutSeconds%2CserviceConfig.serviceAccountEmail%2CserviceConfig.availableMemory%2CserviceConfig.minInstanceCount%2CserviceConfig.maxInstanceCount%2CserviceConfig.maxInstanceRequestConcurrency%2CserviceConfig.availableCpu%2CserviceConfig.vpcConnector%2CserviceConfig.vpcConnectorEgressSettings%2Clabels
[debug] [2026-04-22T01:56:33.152Z] >>> [apiv2][body] PATCH https://cloudfunctions.googleapis.com/v2/projects/kottage-v2/locations/us-central1/functions/setHostClaims {"name":"projects/kottage-v2/locations/us-central1/functions/setHostClaims","buildConfig":{"runtime":"nodejs22","entryPoint":"setHostClaims","source":{"storageSource":{"bucket":"gcf-v2-uploads-850162149337.us-central1.cloudfunctions.appspot.com","object":"416131e2-0c72-4abc-8f5b-5663b30758ed.zip"}},"environmentVariables":{"GOOGLE_NODE_RUN_SCRIPTS":""},"sourceToken":"Cldwcm9qZWN0cy84NTAxNjIxNDkzMzcvbG9jYXRpb25zL3VzLWNlbnRyYWwxL2J1aWxkcy9kNjQ2NWVlYi00OGNkLTRmZDktYmNkZi03MTE0NGFmNjQ0MzISYHVzLWNlbnRyYWwxLWRvY2tlci5wa2cuZGV2L2tvdHRhZ2UtdjIvZ2NmLWFydGlmYWN0cy9rb3R0YWdlLS12Ml9fdXMtLWNlbnRyYWwxX190aWNrZXRzOnZlcnNpb25fMRjZz/OM3xgiO3Byb2plY3RzL2tvdHRhZ2UtdjIvbG9jYXRpb25zL3VzLWNlbnRyYWwxL2Z1bmN0aW9ucy90aWNrZXRzKgwIzdWgzwYQgKL9lQEyCG5vZGVqczIyOnYKI2djci5pby9nYWUtcnVudGltZXMvbm9kZWpzMjI6c3RhYmxlEk91cy1jZW50cmFsMS1kb2NrZXIucGtnLmRldi9zZXJ2ZXJsZXNzLXJ1bnRpbWVzL2dvb2dsZS0yMi1mdWxsL3J1bnRpbWVzL25vZGVqczIyQAE="},"serviceConfig":{"environmentVariables":{"FIREBASE_CONFIG":"{\"projectId\":\"kottage-v2\",\"databaseURL\":\"https://kottage-v2-default-rtdb.firebaseio.com\",\"storageBucket\":\"kottage-v2.appspot.com\",\"locationId\":\"us-central\"}","GCLOUD_PROJECT":"kottage-v2","EVENTARC_CLOUD_EVENT_SOURCE":"projects/kottage-v2/locations/us-central1/services/setHostClaims","FUNCTION_TARGET":"setHostClaims","LOG_EXECUTION_ID":"true","FUNCTION_SIGNATURE_TYPE":"http"},"ingressSettings":null,"timeoutSeconds":null,"serviceAccountEmail":null,"availableMemory":"256Mi","minInstanceCount":null,"maxInstanceCount":10,"maxInstanceRequestConcurrency":80,"availableCpu":"1","vpcConnector":null,"vpcConnectorEgressSettings":null},"labels":{"deployment-tool":"cli-firebase","deployment-callable":"true","firebase-functions-hash":"fa11e580218d160d1d29e6caa6741b69401f3cc4"}}
[debug] [2026-04-22T01:56:33.155Z] >>> [apiv2][query] PATCH https://cloudfunctions.googleapis.com/v2/projects/kottage-v2/locations/us-central1/functions/setEmployeeClaims updateMask=name%2CbuildConfig.runtime%2CbuildConfig.entryPoint%2CbuildConfig.source.storageSource.bucket%2CbuildConfig.source.storageSource.object%2CbuildConfig.environmentVariables%2CbuildConfig.sourceToken%2CserviceConfig.environmentVariables%2CserviceConfig.ingressSettings%2CserviceConfig.timeoutSeconds%2CserviceConfig.serviceAccountEmail%2CserviceConfig.availableMemory%2CserviceConfig.minInstanceCount%2CserviceConfig.maxInstanceCount%2CserviceConfig.maxInstanceRequestConcurrency%2CserviceConfig.availableCpu%2CserviceConfig.vpcConnector%2CserviceConfig.vpcConnectorEgressSettings%2Clabels
[debug] [2026-04-22T01:56:33.156Z] >>> [apiv2][body] PATCH https://cloudfunctions.googleapis.com/v2/projects/kottage-v2/locations/us-central1/functions/setEmployeeClaims {"name":"projects/kottage-v2/locations/us-central1/functions/setEmployeeClaims","buildConfig":{"runtime":"nodejs22","entryPoint":"setEmployeeClaims","source":{"storageSource":{"bucket":"gcf-v2-uploads-850162149337.us-central1.cloudfunctions.appspot.com","object":"416131e2-0c72-4abc-8f5b-5663b30758ed.zip"}},"environmentVariables":{"GOOGLE_NODE_RUN_SCRIPTS":""},"sourceToken":"Cldwcm9qZWN0cy84NTAxNjIxNDkzMzcvbG9jYXRpb25zL3VzLWNlbnRyYWwxL2J1aWxkcy9kNjQ2NWVlYi00OGNkLTRmZDktYmNkZi03MTE0NGFmNjQ0MzISYHVzLWNlbnRyYWwxLWRvY2tlci5wa2cuZGV2L2tvdHRhZ2UtdjIvZ2NmLWFydGlmYWN0cy9rb3R0YWdlLS12Ml9fdXMtLWNlbnRyYWwxX190aWNrZXRzOnZlcnNpb25fMRjZz/OM3xgiO3Byb2plY3RzL2tvdHRhZ2UtdjIvbG9jYXRpb25zL3VzLWNlbnRyYWwxL2Z1bmN0aW9ucy90aWNrZXRzKgwIzdWgzwYQgKL9lQEyCG5vZGVqczIyOnYKI2djci5pby9nYWUtcnVudGltZXMvbm9kZWpzMjI6c3RhYmxlEk91cy1jZW50cmFsMS1kb2NrZXIucGtnLmRldi9zZXJ2ZXJsZXNzLXJ1bnRpbWVzL2dvb2dsZS0yMi1mdWxsL3J1bnRpbWVzL25vZGVqczIyQAE="},"serviceConfig":{"environmentVariables":{"FIREBASE_CONFIG":"{\"projectId\":\"kottage-v2\",\"databaseURL\":\"https://kottage-v2-default-rtdb.firebaseio.com\",\"storageBucket\":\"kottage-v2.appspot.com\",\"locationId\":\"us-central\"}","GCLOUD_PROJECT":"kottage-v2","EVENTARC_CLOUD_EVENT_SOURCE":"projects/kottage-v2/locations/us-central1/services/setEmployeeClaims","FUNCTION_TARGET":"setEmployeeClaims","LOG_EXECUTION_ID":"true","FUNCTION_SIGNATURE_TYPE":"http"},"ingressSettings":null,"timeoutSeconds":null,"serviceAccountEmail":null,"availableMemory":"256Mi","minInstanceCount":null,"maxInstanceCount":10,"maxInstanceRequestConcurrency":80,"availableCpu":"1","vpcConnector":null,"vpcConnectorEgressSettings":null},"labels":{"deployment-tool":"cli-firebase","deployment-callable":"true","firebase-functions-hash":"fa11e580218d160d1d29e6caa6741b69401f3cc4"}}
[debug] [2026-04-22T01:56:33.157Z] >>> [apiv2][query] PATCH https://cloudfunctions.googleapis.com/v2/projects/kottage-v2/locations/us-central1/functions/getEmployees updateMask=name%2CbuildConfig.runtime%2CbuildConfig.entryPoint%2CbuildConfig.source.storageSource.bucket%2CbuildConfig.source.storageSource.object%2CbuildConfig.environmentVariables%2CbuildConfig.sourceToken%2CserviceConfig.environmentVariables%2CserviceConfig.ingressSettings%2CserviceConfig.timeoutSeconds%2CserviceConfig.serviceAccountEmail%2CserviceConfig.availableMemory%2CserviceConfig.minInstanceCount%2CserviceConfig.maxInstanceCount%2CserviceConfig.maxInstanceRequestConcurrency%2CserviceConfig.availableCpu%2CserviceConfig.vpcConnector%2CserviceConfig.vpcConnectorEgressSettings%2Clabels
[debug] [2026-04-22T01:56:33.157Z] >>> [apiv2][body] PATCH https://cloudfunctions.googleapis.com/v2/projects/kottage-v2/locations/us-central1/functions/getEmployees {"name":"projects/kottage-v2/locations/us-central1/functions/getEmployees","buildConfig":{"runtime":"nodejs22","entryPoint":"getEmployees","source":{"storageSource":{"bucket":"gcf-v2-uploads-850162149337.us-central1.cloudfunctions.appspot.com","object":"416131e2-0c72-4abc-8f5b-5663b30758ed.zip"}},"environmentVariables":{"GOOGLE_NODE_RUN_SCRIPTS":""},"sourceToken":"Cldwcm9qZWN0cy84NTAxNjIxNDkzMzcvbG9jYXRpb25zL3VzLWNlbnRyYWwxL2J1aWxkcy9kNjQ2NWVlYi00OGNkLTRmZDktYmNkZi03MTE0NGFmNjQ0MzISYHVzLWNlbnRyYWwxLWRvY2tlci5wa2cuZGV2L2tvdHRhZ2UtdjIvZ2NmLWFydGlmYWN0cy9rb3R0YWdlLS12Ml9fdXMtLWNlbnRyYWwxX190aWNrZXRzOnZlcnNpb25fMRjZz/OM3xgiO3Byb2plY3RzL2tvdHRhZ2UtdjIvbG9jYXRpb25zL3VzLWNlbnRyYWwxL2Z1bmN0aW9ucy90aWNrZXRzKgwIzdWgzwYQgKL9lQEyCG5vZGVqczIyOnYKI2djci5pby9nYWUtcnVudGltZXMvbm9kZWpzMjI6c3RhYmxlEk91cy1jZW50cmFsMS1kb2NrZXIucGtnLmRldi9zZXJ2ZXJsZXNzLXJ1bnRpbWVzL2dvb2dsZS0yMi1mdWxsL3J1bnRpbWVzL25vZGVqczIyQAE="},"serviceConfig":{"environmentVariables":{"FIREBASE_CONFIG":"{\"projectId\":\"kottage-v2\",\"databaseURL\":\"https://kottage-v2-default-rtdb.firebaseio.com\",\"storageBucket\":\"kottage-v2.appspot.com\",\"locationId\":\"us-central\"}","GCLOUD_PROJECT":"kottage-v2","EVENTARC_CLOUD_EVENT_SOURCE":"projects/kottage-v2/locations/us-central1/services/getEmployees","FUNCTION_TARGET":"getEmployees","LOG_EXECUTION_ID":"true","FUNCTION_SIGNATURE_TYPE":"http"},"ingressSettings":null,"timeoutSeconds":null,"serviceAccountEmail":null,"availableMemory":"256Mi","minInstanceCount":null,"maxInstanceCount":null,"maxInstanceRequestConcurrency":80,"availableCpu":"1","vpcConnector":null,"vpcConnectorEgressSettings":null},"labels":{"deployment-tool":"cli-firebase","deployment-callable":"true","firebase-functions-hash":"fa11e580218d160d1d29e6caa6741b69401f3cc4"}}
[debug] [2026-04-22T01:56:33.159Z] >>> [apiv2][query] PATCH https://cloudfunctions.googleapis.com/v2/projects/kottage-v2/locations/us-central1/functions/searchEmployees updateMask=name%2CbuildConfig.runtime%2CbuildConfig.entryPoint%2CbuildConfig.source.storageSource.bucket%2CbuildConfig.source.storageSource.object%2CbuildConfig.environmentVariables%2CbuildConfig.sourceToken%2CserviceConfig.environmentVariables%2CserviceConfig.ingressSettings%2CserviceConfig.timeoutSeconds%2CserviceConfig.serviceAccountEmail%2CserviceConfig.availableMemory%2CserviceConfig.minInstanceCount%2CserviceConfig.maxInstanceCount%2CserviceConfig.maxInstanceRequestConcurrency%2CserviceConfig.availableCpu%2CserviceConfig.vpcConnector%2CserviceConfig.vpcConnectorEgressSettings%2Clabels
[debug] [2026-04-22T01:56:33.160Z] >>> [apiv2][body] PATCH https://cloudfunctions.googleapis.com/v2/projects/kottage-v2/locations/us-central1/functions/searchEmployees {"name":"projects/kottage-v2/locations/us-central1/functions/searchEmployees","buildConfig":{"runtime":"nodejs22","entryPoint":"searchEmployees","source":{"storageSource":{"bucket":"gcf-v2-uploads-850162149337.us-central1.cloudfunctions.appspot.com","object":"416131e2-0c72-4abc-8f5b-5663b30758ed.zip"}},"environmentVariables":{"GOOGLE_NODE_RUN_SCRIPTS":""},"sourceToken":"Cldwcm9qZWN0cy84NTAxNjIxNDkzMzcvbG9jYXRpb25zL3VzLWNlbnRyYWwxL2J1aWxkcy9kNjQ2NWVlYi00OGNkLTRmZDktYmNkZi03MTE0NGFmNjQ0MzISYHVzLWNlbnRyYWwxLWRvY2tlci5wa2cuZGV2L2tvdHRhZ2UtdjIvZ2NmLWFydGlmYWN0cy9rb3R0YWdlLS12Ml9fdXMtLWNlbnRyYWwxX190aWNrZXRzOnZlcnNpb25fMRjZz/OM3xgiO3Byb2plY3RzL2tvdHRhZ2UtdjIvbG9jYXRpb25zL3VzLWNlbnRyYWwxL2Z1bmN0aW9ucy90aWNrZXRzKgwIzdWgzwYQgKL9lQEyCG5vZGVqczIyOnYKI2djci5pby9nYWUtcnVudGltZXMvbm9kZWpzMjI6c3RhYmxlEk91cy1jZW50cmFsMS1kb2NrZXIucGtnLmRldi9zZXJ2ZXJsZXNzLXJ1bnRpbWVzL2dvb2dsZS0yMi1mdWxsL3J1bnRpbWVzL25vZGVqczIyQAE="},"serviceConfig":{"environmentVariables":{"FIREBASE_CONFIG":"{\"projectId\":\"kottage-v2\",\"databaseURL\":\"https://kottage-v2-default-rtdb.firebaseio.com\",\"storageBucket\":\"kottage-v2.appspot.com\",\"locationId\":\"us-central\"}","GCLOUD_PROJECT":"kottage-v2","EVENTARC_CLOUD_EVENT_SOURCE":"projects/kottage-v2/locations/us-central1/services/searchEmployees","FUNCTION_TARGET":"searchEmployees","LOG_EXECUTION_ID":"true","FUNCTION_SIGNATURE_TYPE":"http"},"ingressSettings":null,"timeoutSeconds":null,"serviceAccountEmail":null,"availableMemory":"256Mi","minInstanceCount":null,"maxInstanceCount":null,"maxInstanceRequestConcurrency":80,"availableCpu":"1","vpcConnector":null,"vpcConnectorEgressSettings":null},"labels":{"deployment-tool":"cli-firebase","deployment-callable":"true","firebase-functions-hash":"fa11e580218d160d1d29e6caa6741b69401f3cc4"}}
[debug] [2026-04-22T01:56:33.162Z] >>> [apiv2][query] PATCH https://cloudfunctions.googleapis.com/v2/projects/kottage-v2/locations/us-central1/functions/getEmployeeStats updateMask=name%2CbuildConfig.runtime%2CbuildConfig.entryPoint%2CbuildConfig.source.storageSource.bucket%2CbuildConfig.source.storageSource.object%2CbuildConfig.environmentVariables%2CbuildConfig.sourceToken%2CserviceConfig.environmentVariables%2CserviceConfig.ingressSettings%2CserviceConfig.timeoutSeconds%2CserviceConfig.serviceAccountEmail%2CserviceConfig.availableMemory%2CserviceConfig.minInstanceCount%2CserviceConfig.maxInstanceCount%2CserviceConfig.maxInstanceRequestConcurrency%2CserviceConfig.availableCpu%2CserviceConfig.vpcConnector%2CserviceConfig.vpcConnectorEgressSettings%2Clabels
[debug] [2026-04-22T01:56:33.162Z] >>> [apiv2][body] PATCH https://cloudfunctions.googleapis.com/v2/projects/kottage-v2/locations/us-central1/functions/getEmployeeStats {"name":"projects/kottage-v2/locations/us-central1/functions/getEmployeeStats","buildConfig":{"runtime":"nodejs22","entryPoint":"getEmployeeStats","source":{"storageSource":{"bucket":"gcf-v2-uploads-850162149337.us-central1.cloudfunctions.appspot.com","object":"416131e2-0c72-4abc-8f5b-5663b30758ed.zip"}},"environmentVariables":{"GOOGLE_NODE_RUN_SCRIPTS":""},"sourceToken":"Cldwcm9qZWN0cy84NTAxNjIxNDkzMzcvbG9jYXRpb25zL3VzLWNlbnRyYWwxL2J1aWxkcy9kNjQ2NWVlYi00OGNkLTRmZDktYmNkZi03MTE0NGFmNjQ0MzISYHVzLWNlbnRyYWwxLWRvY2tlci5wa2cuZGV2L2tvdHRhZ2UtdjIvZ2NmLWFydGlmYWN0cy9rb3R0YWdlLS12Ml9fdXMtLWNlbnRyYWwxX190aWNrZXRzOnZlcnNpb25fMRjZz/OM3xgiO3Byb2plY3RzL2tvdHRhZ2UtdjIvbG9jYXRpb25zL3VzLWNlbnRyYWwxL2Z1bmN0aW9ucy90aWNrZXRzKgwIzdWgzwYQgKL9lQEyCG5vZGVqczIyOnYKI2djci5pby9nYWUtcnVudGltZXMvbm9kZWpzMjI6c3RhYmxlEk91cy1jZW50cmFsMS1kb2NrZXIucGtnLmRldi9zZXJ2ZXJsZXNzLXJ1bnRpbWVzL2dvb2dsZS0yMi1mdWxsL3J1bnRpbWVzL25vZGVqczIyQAE="},"serviceConfig":{"environmentVariables":{"FIREBASE_CONFIG":"{\"projectId\":\"kottage-v2\",\"databaseURL\":\"https://kottage-v2-default-rtdb.firebaseio.com\",\"storageBucket\":\"kottage-v2.appspot.com\",\"locationId\":\"us-central\"}","GCLOUD_PROJECT":"kottage-v2","EVENTARC_CLOUD_EVENT_SOURCE":"projects/kottage-v2/locations/us-central1/services/getEmployeeStats","FUNCTION_TARGET":"getEmployeeStats","LOG_EXECUTION_ID":"true","FUNCTION_SIGNATURE_TYPE":"http"},"ingressSettings":null,"timeoutSeconds":null,"serviceAccountEmail":null,"availableMemory":"256Mi","minInstanceCount":null,"maxInstanceCount":null,"maxInstanceRequestConcurrency":80,"availableCpu":"1","vpcConnector":null,"vpcConnectorEgressSettings":null},"labels":{"deployment-tool":"cli-firebase","deployment-callable":"true","firebase-functions-hash":"fa11e580218d160d1d29e6caa6741b69401f3cc4"}}
[debug] [2026-04-22T01:56:33.163Z] >>> [apiv2][query] PATCH https://cloudfunctions.googleapis.com/v2/projects/kottage-v2/locations/us-central1/functions/getEmployeeById updateMask=name%2CbuildConfig.runtime%2CbuildConfig.entryPoint%2CbuildConfig.source.storageSource.bucket%2CbuildConfig.source.storageSource.object%2CbuildConfig.environmentVariables%2CbuildConfig.sourceToken%2CserviceConfig.environmentVariables%2CserviceConfig.ingressSettings%2CserviceConfig.timeoutSeconds%2CserviceConfig.serviceAccountEmail%2CserviceConfig.availableMemory%2CserviceConfig.minInstanceCount%2CserviceConfig.maxInstanceCount%2CserviceConfig.maxInstanceRequestConcurrency%2CserviceConfig.availableCpu%2CserviceConfig.vpcConnector%2CserviceConfig.vpcConnectorEgressSettings%2Clabels
[debug] [2026-04-22T01:56:33.164Z] >>> [apiv2][body] PATCH https://cloudfunctions.googleapis.com/v2/projects/kottage-v2/locations/us-central1/functions/getEmployeeById {"name":"projects/kottage-v2/locations/us-central1/functions/getEmployeeById","buildConfig":{"runtime":"nodejs22","entryPoint":"getEmployeeById","source":{"storageSource":{"bucket":"gcf-v2-uploads-850162149337.us-central1.cloudfunctions.appspot.com","object":"416131e2-0c72-4abc-8f5b-5663b30758ed.zip"}},"environmentVariables":{"GOOGLE_NODE_RUN_SCRIPTS":""},"sourceToken":"Cldwcm9qZWN0cy84NTAxNjIxNDkzMzcvbG9jYXRpb25zL3VzLWNlbnRyYWwxL2J1aWxkcy9kNjQ2NWVlYi00OGNkLTRmZDktYmNkZi03MTE0NGFmNjQ0MzISYHVzLWNlbnRyYWwxLWRvY2tlci5wa2cuZGV2L2tvdHRhZ2UtdjIvZ2NmLWFydGlmYWN0cy9rb3R0YWdlLS12Ml9fdXMtLWNlbnRyYWwxX190aWNrZXRzOnZlcnNpb25fMRjZz/OM3xgiO3Byb2plY3RzL2tvdHRhZ2UtdjIvbG9jYXRpb25zL3VzLWNlbnRyYWwxL2Z1bmN0aW9ucy90aWNrZXRzKgwIzdWgzwYQgKL9lQEyCG5vZGVqczIyOnYKI2djci5pby9nYWUtcnVudGltZXMvbm9kZWpzMjI6c3RhYmxlEk91cy1jZW50cmFsMS1kb2NrZXIucGtnLmRldi9zZXJ2ZXJsZXNzLXJ1bnRpbWVzL2dvb2dsZS0yMi1mdWxsL3J1bnRpbWVzL25vZGVqczIyQAE="},"serviceConfig":{"environmentVariables":{"FIREBASE_CONFIG":"{\"projectId\":\"kottage-v2\",\"databaseURL\":\"https://kottage-v2-default-rtdb.firebaseio.com\",\"storageBucket\":\"kottage-v2.appspot.com\",\"locationId\":\"us-central\"}","GCLOUD_PROJECT":"kottage-v2","EVENTARC_CLOUD_EVENT_SOURCE":"projects/kottage-v2/locations/us-central1/services/getEmployeeById","FUNCTION_TARGET":"getEmployeeById","LOG_EXECUTION_ID":"true","FUNCTION_SIGNATURE_TYPE":"http"},"ingressSettings":null,"timeoutSeconds":null,"serviceAccountEmail":null,"availableMemory":"256Mi","minInstanceCount":null,"maxInstanceCount":null,"maxInstanceRequestConcurrency":80,"availableCpu":"1","vpcConnector":null,"vpcConnectorEgressSettings":null},"labels":{"deployment-tool":"cli-firebase","deployment-callable":"true","firebase-functions-hash":"fa11e580218d160d1d29e6caa6741b69401f3cc4"}}
[debug] [2026-04-22T01:56:33.167Z] >>> [apiv2][query] PATCH https://cloudfunctions.googleapis.com/v2/projects/kottage-v2/locations/us-central1/functions/createEmployee updateMask=name%2CbuildConfig.runtime%2CbuildConfig.entryPoint%2CbuildConfig.source.storageSource.bucket%2CbuildConfig.source.storageSource.object%2CbuildConfig.environmentVariables%2CbuildConfig.sourceToken%2CserviceConfig.environmentVariables%2CserviceConfig.ingressSettings%2CserviceConfig.timeoutSeconds%2CserviceConfig.serviceAccountEmail%2CserviceConfig.availableMemory%2CserviceConfig.minInstanceCount%2CserviceConfig.maxInstanceCount%2CserviceConfig.maxInstanceRequestConcurrency%2CserviceConfig.availableCpu%2CserviceConfig.vpcConnector%2CserviceConfig.vpcConnectorEgressSettings%2Clabels
[debug] [2026-04-22T01:56:33.167Z] >>> [apiv2][body] PATCH https://cloudfunctions.googleapis.com/v2/projects/kottage-v2/locations/us-central1/functions/createEmployee {"name":"projects/kottage-v2/locations/us-central1/functions/createEmployee","buildConfig":{"runtime":"nodejs22","entryPoint":"createEmployee","source":{"storageSource":{"bucket":"gcf-v2-uploads-850162149337.us-central1.cloudfunctions.appspot.com","object":"416131e2-0c72-4abc-8f5b-5663b30758ed.zip"}},"environmentVariables":{"GOOGLE_NODE_RUN_SCRIPTS":""},"sourceToken":"Cldwcm9qZWN0cy84NTAxNjIxNDkzMzcvbG9jYXRpb25zL3VzLWNlbnRyYWwxL2J1aWxkcy9kNjQ2NWVlYi00OGNkLTRmZDktYmNkZi03MTE0NGFmNjQ0MzISYHVzLWNlbnRyYWwxLWRvY2tlci5wa2cuZGV2L2tvdHRhZ2UtdjIvZ2NmLWFydGlmYWN0cy9rb3R0YWdlLS12Ml9fdXMtLWNlbnRyYWwxX190aWNrZXRzOnZlcnNpb25fMRjZz/OM3xgiO3Byb2plY3RzL2tvdHRhZ2UtdjIvbG9jYXRpb25zL3VzLWNlbnRyYWwxL2Z1bmN0aW9ucy90aWNrZXRzKgwIzdWgzwYQgKL9lQEyCG5vZGVqczIyOnYKI2djci5pby9nYWUtcnVudGltZXMvbm9kZWpzMjI6c3RhYmxlEk91cy1jZW50cmFsMS1kb2NrZXIucGtnLmRldi9zZXJ2ZXJsZXNzLXJ1bnRpbWVzL2dvb2dsZS0yMi1mdWxsL3J1bnRpbWVzL25vZGVqczIyQAE="},"serviceConfig":{"environmentVariables":{"FIREBASE_CONFIG":"{\"projectId\":\"kottage-v2\",\"databaseURL\":\"https://kottage-v2-default-rtdb.firebaseio.com\",\"storageBucket\":\"kottage-v2.appspot.com\",\"locationId\":\"us-central\"}","GCLOUD_PROJECT":"kottage-v2","EVENTARC_CLOUD_EVENT_SOURCE":"projects/kottage-v2/locations/us-central1/services/createEmployee","FUNCTION_TARGET":"createEmployee","LOG_EXECUTION_ID":"true","FUNCTION_SIGNATURE_TYPE":"http"},"ingressSettings":null,"timeoutSeconds":null,"serviceAccountEmail":null,"availableMemory":"256Mi","minInstanceCount":null,"maxInstanceCount":null,"maxInstanceRequestConcurrency":80,"availableCpu":"1","vpcConnector":null,"vpcConnectorEgressSettings":null},"labels":{"deployment-tool":"cli-firebase","deployment-callable":"true","firebase-functions-hash":"fa11e580218d160d1d29e6caa6741b69401f3cc4"}}
[debug] [2026-04-22T01:56:33.168Z] >>> [apiv2][query] PATCH https://cloudfunctions.googleapis.com/v2/projects/kottage-v2/locations/us-central1/functions/trackUserInteraction updateMask=name%2CbuildConfig.runtime%2CbuildConfig.entryPoint%2CbuildConfig.source.storageSource.bucket%2CbuildConfig.source.storageSource.object%2CbuildConfig.environmentVariables%2CbuildConfig.sourceToken%2CserviceConfig.environmentVariables%2CserviceConfig.ingressSettings%2CserviceConfig.timeoutSeconds%2CserviceConfig.serviceAccountEmail%2CserviceConfig.availableMemory%2CserviceConfig.minInstanceCount%2CserviceConfig.maxInstanceCount%2CserviceConfig.maxInstanceRequestConcurrency%2CserviceConfig.availableCpu%2CserviceConfig.vpcConnector%2CserviceConfig.vpcConnectorEgressSettings%2Clabels
[debug] [2026-04-22T01:56:33.168Z] >>> [apiv2][body] PATCH https://cloudfunctions.googleapis.com/v2/projects/kottage-v2/locations/us-central1/functions/trackUserInteraction {"name":"projects/kottage-v2/locations/us-central1/functions/trackUserInteraction","buildConfig":{"runtime":"nodejs22","entryPoint":"trackUserInteraction","source":{"storageSource":{"bucket":"gcf-v2-uploads-850162149337.us-central1.cloudfunctions.appspot.com","object":"416131e2-0c72-4abc-8f5b-5663b30758ed.zip"}},"environmentVariables":{"GOOGLE_NODE_RUN_SCRIPTS":""},"sourceToken":"Cldwcm9qZWN0cy84NTAxNjIxNDkzMzcvbG9jYXRpb25zL3VzLWNlbnRyYWwxL2J1aWxkcy9kNjQ2NWVlYi00OGNkLTRmZDktYmNkZi03MTE0NGFmNjQ0MzISYHVzLWNlbnRyYWwxLWRvY2tlci5wa2cuZGV2L2tvdHRhZ2UtdjIvZ2NmLWFydGlmYWN0cy9rb3R0YWdlLS12Ml9fdXMtLWNlbnRyYWwxX190aWNrZXRzOnZlcnNpb25fMRjZz/OM3xgiO3Byb2plY3RzL2tvdHRhZ2UtdjIvbG9jYXRpb25zL3VzLWNlbnRyYWwxL2Z1bmN0aW9ucy90aWNrZXRzKgwIzdWgzwYQgKL9lQEyCG5vZGVqczIyOnYKI2djci5pby9nYWUtcnVudGltZXMvbm9kZWpzMjI6c3RhYmxlEk91cy1jZW50cmFsMS1kb2NrZXIucGtnLmRldi9zZXJ2ZXJsZXNzLXJ1bnRpbWVzL2dvb2dsZS0yMi1mdWxsL3J1bnRpbWVzL25vZGVqczIyQAE="},"serviceConfig":{"environmentVariables":{"FIREBASE_CONFIG":"{\"projectId\":\"kottage-v2\",\"databaseURL\":\"https://kottage-v2-default-rtdb.firebaseio.com\",\"storageBucket\":\"kottage-v2.appspot.com\",\"locationId\":\"us-central\"}","GCLOUD_PROJECT":"kottage-v2","EVENTARC_CLOUD_EVENT_SOURCE":"projects/kottage-v2/locations/us-central1/services/trackUserInteraction","FUNCTION_TARGET":"trackUserInteraction","LOG_EXECUTION_ID":"true"},"ingressSettings":null,"timeoutSeconds":null,"serviceAccountEmail":null,"availableMemory":"256Mi","minInstanceCount":null,"maxInstanceCount":null,"maxInstanceRequestConcurrency":80,"availableCpu":"1","vpcConnector":null,"vpcConnectorEgressSettings":null},"labels":{"deployment-tool":"cli-firebase","deployment-callable":"true","firebase-functions-hash":"fa11e580218d160d1d29e6caa6741b69401f3cc4"}}
[debug] [2026-04-22T01:56:33.170Z] >>> [apiv2][query] PATCH https://cloudfunctions.googleapis.com/v2/projects/kottage-v2/locations/us-central1/functions/updatePopularityScores updateMask=name%2CbuildConfig.runtime%2CbuildConfig.entryPoint%2CbuildConfig.source.storageSource.bucket%2CbuildConfig.source.storageSource.object%2CbuildConfig.environmentVariables%2CbuildConfig.sourceToken%2CserviceConfig.environmentVariables%2CserviceConfig.ingressSettings%2CserviceConfig.timeoutSeconds%2CserviceConfig.serviceAccountEmail%2CserviceConfig.availableMemory%2CserviceConfig.minInstanceCount%2CserviceConfig.maxInstanceCount%2CserviceConfig.maxInstanceRequestConcurrency%2CserviceConfig.availableCpu%2CserviceConfig.vpcConnector%2CserviceConfig.vpcConnectorEgressSettings%2Clabels
[debug] [2026-04-22T01:56:33.170Z] >>> [apiv2][body] PATCH https://cloudfunctions.googleapis.com/v2/projects/kottage-v2/locations/us-central1/functions/updatePopularityScores {"name":"projects/kottage-v2/locations/us-central1/functions/updatePopularityScores","buildConfig":{"runtime":"nodejs22","entryPoint":"updatePopularityScores","source":{"storageSource":{"bucket":"gcf-v2-uploads-850162149337.us-central1.cloudfunctions.appspot.com","object":"416131e2-0c72-4abc-8f5b-5663b30758ed.zip"}},"environmentVariables":{"GOOGLE_NODE_RUN_SCRIPTS":""},"sourceToken":"Cldwcm9qZWN0cy84NTAxNjIxNDkzMzcvbG9jYXRpb25zL3VzLWNlbnRyYWwxL2J1aWxkcy9kNjQ2NWVlYi00OGNkLTRmZDktYmNkZi03MTE0NGFmNjQ0MzISYHVzLWNlbnRyYWwxLWRvY2tlci5wa2cuZGV2L2tvdHRhZ2UtdjIvZ2NmLWFydGlmYWN0cy9rb3R0YWdlLS12Ml9fdXMtLWNlbnRyYWwxX190aWNrZXRzOnZlcnNpb25fMRjZz/OM3xgiO3Byb2plY3RzL2tvdHRhZ2UtdjIvbG9jYXRpb25zL3VzLWNlbnRyYWwxL2Z1bmN0aW9ucy90aWNrZXRzKgwIzdWgzwYQgKL9lQEyCG5vZGVqczIyOnYKI2djci5pby9nYWUtcnVudGltZXMvbm9kZWpzMjI6c3RhYmxlEk91cy1jZW50cmFsMS1kb2NrZXIucGtnLmRldi9zZXJ2ZXJsZXNzLXJ1bnRpbWVzL2dvb2dsZS0yMi1mdWxsL3J1bnRpbWVzL25vZGVqczIyQAE="},"serviceConfig":{"environmentVariables":{"FIREBASE_CONFIG":"{\"projectId\":\"kottage-v2\",\"databaseURL\":\"https://kottage-v2-default-rtdb.firebaseio.com\",\"storageBucket\":\"kottage-v2.appspot.com\",\"locationId\":\"us-central\"}","GCLOUD_PROJECT":"kottage-v2","EVENTARC_CLOUD_EVENT_SOURCE":"projects/kottage-v2/locations/us-central1/services/updatePopularityScores","FUNCTION_TARGET":"updatePopularityScores","LOG_EXECUTION_ID":"true","FUNCTION_SIGNATURE_TYPE":"http"},"ingressSettings":null,"timeoutSeconds":null,"serviceAccountEmail":null,"availableMemory":"256Mi","minInstanceCount":null,"maxInstanceCount":null,"maxInstanceRequestConcurrency":80,"availableCpu":"1","vpcConnector":null,"vpcConnectorEgressSettings":null},"labels":{"deployment-tool":"cli-firebase","deployment-scheduled":"true","firebase-functions-hash":"fa11e580218d160d1d29e6caa6741b69401f3cc4"}}
[debug] [2026-04-22T01:56:33.171Z] >>> [apiv2][query] PATCH https://cloudfunctions.googleapis.com/v2/projects/kottage-v2/locations/us-central1/functions/getPropertyAnalytics updateMask=name%2CbuildConfig.runtime%2CbuildConfig.entryPoint%2CbuildConfig.source.storageSource.bucket%2CbuildConfig.source.storageSource.object%2CbuildConfig.environmentVariables%2CbuildConfig.sourceToken%2CserviceConfig.environmentVariables%2CserviceConfig.ingressSettings%2CserviceConfig.timeoutSeconds%2CserviceConfig.serviceAccountEmail%2CserviceConfig.availableMemory%2CserviceConfig.minInstanceCount%2CserviceConfig.maxInstanceCount%2CserviceConfig.maxInstanceRequestConcurrency%2CserviceConfig.availableCpu%2CserviceConfig.vpcConnector%2CserviceConfig.vpcConnectorEgressSettings%2Clabels
[debug] [2026-04-22T01:56:33.171Z] >>> [apiv2][body] PATCH https://cloudfunctions.googleapis.com/v2/projects/kottage-v2/locations/us-central1/functions/getPropertyAnalytics {"name":"projects/kottage-v2/locations/us-central1/functions/getPropertyAnalytics","buildConfig":{"runtime":"nodejs22","entryPoint":"getPropertyAnalytics","source":{"storageSource":{"bucket":"gcf-v2-uploads-850162149337.us-central1.cloudfunctions.appspot.com","object":"416131e2-0c72-4abc-8f5b-5663b30758ed.zip"}},"environmentVariables":{"GOOGLE_NODE_RUN_SCRIPTS":""},"sourceToken":"Cldwcm9qZWN0cy84NTAxNjIxNDkzMzcvbG9jYXRpb25zL3VzLWNlbnRyYWwxL2J1aWxkcy9kNjQ2NWVlYi00OGNkLTRmZDktYmNkZi03MTE0NGFmNjQ0MzISYHVzLWNlbnRyYWwxLWRvY2tlci5wa2cuZGV2L2tvdHRhZ2UtdjIvZ2NmLWFydGlmYWN0cy9rb3R0YWdlLS12Ml9fdXMtLWNlbnRyYWwxX190aWNrZXRzOnZlcnNpb25fMRjZz/OM3xgiO3Byb2plY3RzL2tvdHRhZ2UtdjIvbG9jYXRpb25zL3VzLWNlbnRyYWwxL2Z1bmN0aW9ucy90aWNrZXRzKgwIzdWgzwYQgKL9lQEyCG5vZGVqczIyOnYKI2djci5pby9nYWUtcnVudGltZXMvbm9kZWpzMjI6c3RhYmxlEk91cy1jZW50cmFsMS1kb2NrZXIucGtnLmRldi9zZXJ2ZXJsZXNzLXJ1bnRpbWVzL2dvb2dsZS0yMi1mdWxsL3J1bnRpbWVzL25vZGVqczIyQAE="},"serviceConfig":{"environmentVariables":{"FIREBASE_CONFIG":"{\"projectId\":\"kottage-v2\",\"databaseURL\":\"https://kottage-v2-default-rtdb.firebaseio.com\",\"storageBucket\":\"kottage-v2.appspot.com\",\"locationId\":\"us-central\"}","GCLOUD_PROJECT":"kottage-v2","EVENTARC_CLOUD_EVENT_SOURCE":"projects/kottage-v2/locations/us-central1/services/getPropertyAnalytics","FUNCTION_TARGET":"getPropertyAnalytics","LOG_EXECUTION_ID":"true","FUNCTION_SIGNATURE_TYPE":"http"},"ingressSettings":null,"timeoutSeconds":null,"serviceAccountEmail":null,"availableMemory":"256Mi","minInstanceCount":null,"maxInstanceCount":null,"maxInstanceRequestConcurrency":80,"availableCpu":"1","vpcConnector":null,"vpcConnectorEgressSettings":null},"labels":{"deployment-tool":"cli-firebase","deployment-callable":"true","firebase-functions-hash":"fa11e580218d160d1d29e6caa6741b69401f3cc4"}}
[debug] [2026-04-22T01:56:33.172Z] >>> [apiv2][query] PATCH https://cloudfunctions.googleapis.com/v2/projects/kottage-v2/locations/us-central1/functions/onBookingCreated updateMask=name%2CbuildConfig.runtime%2CbuildConfig.entryPoint%2CbuildConfig.source.storageSource.bucket%2CbuildConfig.source.storageSource.object%2CbuildConfig.environmentVariables%2CbuildConfig.sourceToken%2CserviceConfig.environmentVariables%2CserviceConfig.ingressSettings%2CserviceConfig.timeoutSeconds%2CserviceConfig.serviceAccountEmail%2CserviceConfig.availableMemory%2CserviceConfig.minInstanceCount%2CserviceConfig.maxInstanceCount%2CserviceConfig.maxInstanceRequestConcurrency%2CserviceConfig.availableCpu%2CserviceConfig.vpcConnector%2CserviceConfig.vpcConnectorEgressSettings%2Clabels%2CeventTrigger.eventType%2CeventTrigger.retryPolicy%2CeventTrigger.eventFilters%2CeventTrigger.triggerRegion
[debug] [2026-04-22T01:56:33.172Z] >>> [apiv2][body] PATCH https://cloudfunctions.googleapis.com/v2/projects/kottage-v2/locations/us-central1/functions/onBookingCreated {"name":"projects/kottage-v2/locations/us-central1/functions/onBookingCreated","buildConfig":{"runtime":"nodejs22","entryPoint":"onBookingCreated","source":{"storageSource":{"bucket":"gcf-v2-uploads-850162149337.us-central1.cloudfunctions.appspot.com","object":"416131e2-0c72-4abc-8f5b-5663b30758ed.zip"}},"environmentVariables":{"GOOGLE_NODE_RUN_SCRIPTS":""},"sourceToken":"Cldwcm9qZWN0cy84NTAxNjIxNDkzMzcvbG9jYXRpb25zL3VzLWNlbnRyYWwxL2J1aWxkcy9kNjQ2NWVlYi00OGNkLTRmZDktYmNkZi03MTE0NGFmNjQ0MzISYHVzLWNlbnRyYWwxLWRvY2tlci5wa2cuZGV2L2tvdHRhZ2UtdjIvZ2NmLWFydGlmYWN0cy9rb3R0YWdlLS12Ml9fdXMtLWNlbnRyYWwxX190aWNrZXRzOnZlcnNpb25fMRjZz/OM3xgiO3Byb2plY3RzL2tvdHRhZ2UtdjIvbG9jYXRpb25zL3VzLWNlbnRyYWwxL2Z1bmN0aW9ucy90aWNrZXRzKgwIzdWgzwYQgKL9lQEyCG5vZGVqczIyOnYKI2djci5pby9nYWUtcnVudGltZXMvbm9kZWpzMjI6c3RhYmxlEk91cy1jZW50cmFsMS1kb2NrZXIucGtnLmRldi9zZXJ2ZXJsZXNzLXJ1bnRpbWVzL2dvb2dsZS0yMi1mdWxsL3J1bnRpbWVzL25vZGVqczIyQAE="},"serviceConfig":{"environmentVariables":{"FIREBASE_CONFIG":"{\"projectId\":\"kottage-v2\",\"databaseURL\":\"https://kottage-v2-default-rtdb.firebaseio.com\",\"storageBucket\":\"kottage-v2.appspot.com\",\"locationId\":\"us-central\"}","GCLOUD_PROJECT":"kottage-v2","EVENTARC_CLOUD_EVENT_SOURCE":"projects/kottage-v2/locations/us-central1/services/onBookingCreated","FUNCTION_SIGNATURE_TYPE":"cloudevent","FUNCTION_TARGET":"onBookingCreated","LOG_EXECUTION_ID":"true"},"ingressSettings":null,"timeoutSeconds":null,"serviceAccountEmail":null,"availableMemory":"256Mi","minInstanceCount":null,"maxInstanceCount":null,"maxInstanceRequestConcurrency":80,"availableCpu":"1","vpcConnector":null,"vpcConnectorEgressSettings":null},"labels":{"deployment-tool":"cli-firebase","firebase-functions-hash":"fa11e580218d160d1d29e6caa6741b69401f3cc4"},"eventTrigger":{"eventType":"google.firebase.database.ref.v1.written","retryPolicy":"RETRY_POLICY_DO_NOT_RETRY","eventFilters":[{"attribute":"ref","value":"bookings/{bookingId}","operator":"match-path-pattern"},{"attribute":"instance","value":"*","operator":"match-path-pattern"}],"triggerRegion":"us-central1"}}
[debug] [2026-04-22T01:56:34.281Z] <<< [apiv2][status] PATCH https://cloudfunctions.googleapis.com/v2/projects/kottage-v2/locations/us-central1/functions/updatePropertyRating 200
[debug] [2026-04-22T01:56:34.281Z] <<< [apiv2][body] PATCH https://cloudfunctions.googleapis.com/v2/projects/kottage-v2/locations/us-central1/functions/updatePropertyRating {"name":"projects/kottage-v2/locations/us-central1/operations/operation-1776822992970-65002d7532437-29d0f30f-a358d1f8","metadata":{"@type":"type.googleapis.com/google.cloud.functions.v2.OperationMetadata","createTime":"2026-04-22T01:56:33.801746641Z","target":"projects/kottage-v2/locations/us-central1/functions/updatePropertyRating","verb":"update","cancelRequested":false,"apiVersion":"v2"},"done":false}
[debug] [2026-04-22T01:56:34.282Z] Checked if tokens are valid: true, expires at: 1776826494244
[debug] [2026-04-22T01:56:34.282Z] Checked if tokens are valid: true, expires at: 1776826494244
[debug] [2026-04-22T01:56:34.282Z] >>> [apiv2][query] GET https://cloudfunctions.googleapis.com/v2/projects/kottage-v2/locations/us-central1/operations/operation-1776822992970-65002d7532437-29d0f30f-a358d1f8 [none]
[debug] [2026-04-22T01:56:34.292Z] <<< [apiv2][status] PATCH https://cloudfunctions.googleapis.com/v2/projects/kottage-v2/locations/us-central1/functions/createEmployee 200
[debug] [2026-04-22T01:56:34.292Z] <<< [apiv2][body] PATCH https://cloudfunctions.googleapis.com/v2/projects/kottage-v2/locations/us-central1/functions/createEmployee {"name":"projects/kottage-v2/locations/us-central1/operations/operation-1776822993048-65002d75452c7-712c74eb-64ef21c3","metadata":{"@type":"type.googleapis.com/google.cloud.functions.v2.OperationMetadata","createTime":"2026-04-22T01:56:33.808348017Z","target":"projects/kottage-v2/locations/us-central1/functions/createEmployee","verb":"update","cancelRequested":false,"apiVersion":"v2"},"done":false}
[debug] [2026-04-22T01:56:34.292Z] Checked if tokens are valid: true, expires at: 1776826494244
[debug] [2026-04-22T01:56:34.292Z] Checked if tokens are valid: true, expires at: 1776826494244
[debug] [2026-04-22T01:56:34.292Z] >>> [apiv2][query] GET https://cloudfunctions.googleapis.com/v2/projects/kottage-v2/locations/us-central1/operations/operation-1776822993048-65002d75452c7-712c74eb-64ef21c3 [none]
[debug] [2026-04-22T01:56:34.293Z] <<< [apiv2][status] PATCH https://cloudfunctions.googleapis.com/v2/projects/kottage-v2/locations/us-central1/functions/updatePopularityScores 200
[debug] [2026-04-22T01:56:34.293Z] <<< [apiv2][body] PATCH https://cloudfunctions.googleapis.com/v2/projects/kottage-v2/locations/us-central1/functions/updatePopularityScores {"name":"projects/kottage-v2/locations/us-central1/operations/operation-1776822993049-65002d7545635-eb1d6eec-499ea77e","metadata":{"@type":"type.googleapis.com/google.cloud.functions.v2.OperationMetadata","createTime":"2026-04-22T01:56:33.805351255Z","target":"projects/kottage-v2/locations/us-central1/functions/updatePopularityScores","verb":"update","cancelRequested":false,"apiVersion":"v2"},"done":false}
[debug] [2026-04-22T01:56:34.294Z] Checked if tokens are valid: true, expires at: 1776826494244
[debug] [2026-04-22T01:56:34.294Z] Checked if tokens are valid: true, expires at: 1776826494244
[debug] [2026-04-22T01:56:34.294Z] >>> [apiv2][query] GET https://cloudfunctions.googleapis.com/v2/projects/kottage-v2/locations/us-central1/operations/operation-1776822993049-65002d7545635-eb1d6eec-499ea77e [none]
[debug] [2026-04-22T01:56:34.294Z] <<< [apiv2][status] PATCH https://cloudfunctions.googleapis.com/v2/projects/kottage-v2/locations/us-central1/functions/getEmployees 200
[debug] [2026-04-22T01:56:34.294Z] <<< [apiv2][body] PATCH https://cloudfunctions.googleapis.com/v2/projects/kottage-v2/locations/us-central1/functions/getEmployees {"name":"projects/kottage-v2/locations/us-central1/operations/operation-1776822993042-65002d7543db2-deba3334-ad85e91c","metadata":{"@type":"type.googleapis.com/google.cloud.functions.v2.OperationMetadata","createTime":"2026-04-22T01:56:33.805214706Z","target":"projects/kottage-v2/locations/us-central1/functions/getEmployees","verb":"update","cancelRequested":false,"apiVersion":"v2"},"done":false}
[debug] [2026-04-22T01:56:34.294Z] Checked if tokens are valid: true, expires at: 1776826494244
[debug] [2026-04-22T01:56:34.295Z] Checked if tokens are valid: true, expires at: 1776826494244
[debug] [2026-04-22T01:56:34.295Z] >>> [apiv2][query] GET https://cloudfunctions.googleapis.com/v2/projects/kottage-v2/locations/us-central1/operations/operation-1776822993042-65002d7543db2-deba3334-ad85e91c [none]
[debug] [2026-04-22T01:56:34.300Z] <<< [apiv2][status] PATCH https://cloudfunctions.googleapis.com/v2/projects/kottage-v2/locations/us-central1/functions/setEmployeeClaims 200
[debug] [2026-04-22T01:56:34.300Z] <<< [apiv2][body] PATCH https://cloudfunctions.googleapis.com/v2/projects/kottage-v2/locations/us-central1/functions/setEmployeeClaims {"name":"projects/kottage-v2/locations/us-central1/operations/operation-1776822993017-65002d753d8d9-47114c5b-41fc17fe","metadata":{"@type":"type.googleapis.com/google.cloud.functions.v2.OperationMetadata","createTime":"2026-04-22T01:56:33.821078317Z","target":"projects/kottage-v2/locations/us-central1/functions/setEmployeeClaims","verb":"update","cancelRequested":false,"apiVersion":"v2"},"done":false}
[debug] [2026-04-22T01:56:34.300Z] Checked if tokens are valid: true, expires at: 1776826494244
[debug] [2026-04-22T01:56:34.300Z] Checked if tokens are valid: true, expires at: 1776826494244
[debug] [2026-04-22T01:56:34.300Z] >>> [apiv2][query] GET https://cloudfunctions.googleapis.com/v2/projects/kottage-v2/locations/us-central1/operations/operation-1776822993017-65002d753d8d9-47114c5b-41fc17fe [none]
[debug] [2026-04-22T01:56:34.312Z] <<< [apiv2][status] PATCH https://cloudfunctions.googleapis.com/v2/projects/kottage-v2/locations/us-central1/functions/getPropertyAnalytics 200
[debug] [2026-04-22T01:56:34.313Z] <<< [apiv2][body] PATCH https://cloudfunctions.googleapis.com/v2/projects/kottage-v2/locations/us-central1/functions/getPropertyAnalytics {"name":"projects/kottage-v2/locations/us-central1/operations/operation-1776822992940-65002d752acde-62e70fde-ad7adde3","metadata":{"@type":"type.googleapis.com/google.cloud.functions.v2.OperationMetadata","createTime":"2026-04-22T01:56:33.826376321Z","target":"projects/kottage-v2/locations/us-central1/functions/getPropertyAnalytics","verb":"update","cancelRequested":false,"apiVersion":"v2"},"done":false}
[debug] [2026-04-22T01:56:34.313Z] Checked if tokens are valid: true, expires at: 1776826494244
[debug] [2026-04-22T01:56:34.313Z] Checked if tokens are valid: true, expires at: 1776826494244
[debug] [2026-04-22T01:56:34.313Z] >>> [apiv2][query] GET https://cloudfunctions.googleapis.com/v2/projects/kottage-v2/locations/us-central1/operations/operation-1776822992940-65002d752acde-62e70fde-ad7adde3 [none]
[debug] [2026-04-22T01:56:34.318Z] <<< [apiv2][status] PATCH https://cloudfunctions.googleapis.com/v2/projects/kottage-v2/locations/us-central1/functions/getEmployeeStats 200
[debug] [2026-04-22T01:56:34.318Z] <<< [apiv2][body] PATCH https://cloudfunctions.googleapis.com/v2/projects/kottage-v2/locations/us-central1/functions/getEmployeeStats {"name":"projects/kottage-v2/locations/us-central1/operations/operation-1776822993048-65002d75452bb-e69a4cc0-491b197b","metadata":{"@type":"type.googleapis.com/google.cloud.functions.v2.OperationMetadata","createTime":"2026-04-22T01:56:33.834425971Z","target":"projects/kottage-v2/locations/us-central1/functions/getEmployeeStats","verb":"update","cancelRequested":false,"apiVersion":"v2"},"done":false}
[debug] [2026-04-22T01:56:34.319Z] Checked if tokens are valid: true, expires at: 1776826494244
[debug] [2026-04-22T01:56:34.319Z] Checked if tokens are valid: true, expires at: 1776826494244
[debug] [2026-04-22T01:56:34.319Z] >>> [apiv2][query] GET https://cloudfunctions.googleapis.com/v2/projects/kottage-v2/locations/us-central1/operations/operation-1776822993048-65002d75452bb-e69a4cc0-491b197b [none]
[debug] [2026-04-22T01:56:34.346Z] <<< [apiv2][status] PATCH https://cloudfunctions.googleapis.com/v2/projects/kottage-v2/locations/us-central1/functions/getEmployeeById 200
[debug] [2026-04-22T01:56:34.346Z] <<< [apiv2][body] PATCH https://cloudfunctions.googleapis.com/v2/projects/kottage-v2/locations/us-central1/functions/getEmployeeById {"name":"projects/kottage-v2/locations/us-central1/operations/operation-1776822993057-65002d7547879-e255cc4f-b6eca79e","metadata":{"@type":"type.googleapis.com/google.cloud.functions.v2.OperationMetadata","createTime":"2026-04-22T01:56:33.851224694Z","target":"projects/kottage-v2/locations/us-central1/functions/getEmployeeById","verb":"update","cancelRequested":false,"apiVersion":"v2"},"done":false}
[debug] [2026-04-22T01:56:34.346Z] Checked if tokens are valid: true, expires at: 1776826494244
[debug] [2026-04-22T01:56:34.346Z] Checked if tokens are valid: true, expires at: 1776826494244
[debug] [2026-04-22T01:56:34.346Z] >>> [apiv2][query] GET https://cloudfunctions.googleapis.com/v2/projects/kottage-v2/locations/us-central1/operations/operation-1776822993057-65002d7547879-e255cc4f-b6eca79e [none]
[debug] [2026-04-22T01:56:34.354Z] <<< [apiv2][status] PATCH https://cloudfunctions.googleapis.com/v2/projects/kottage-v2/locations/us-central1/functions/setHostClaims 200
[debug] [2026-04-22T01:56:34.354Z] <<< [apiv2][body] PATCH https://cloudfunctions.googleapis.com/v2/projects/kottage-v2/locations/us-central1/functions/setHostClaims {"name":"projects/kottage-v2/locations/us-central1/operations/operation-1776822993049-65002d7545637-c881caa5-1cf9ab11","metadata":{"@type":"type.googleapis.com/google.cloud.functions.v2.OperationMetadata","createTime":"2026-04-22T01:56:33.859639060Z","target":"projects/kottage-v2/locations/us-central1/functions/setHostClaims","verb":"update","cancelRequested":false,"apiVersion":"v2"},"done":false}
[debug] [2026-04-22T01:56:34.354Z] Checked if tokens are valid: true, expires at: 1776826494244
[debug] [2026-04-22T01:56:34.355Z] Checked if tokens are valid: true, expires at: 1776826494244
[debug] [2026-04-22T01:56:34.355Z] >>> [apiv2][query] GET https://cloudfunctions.googleapis.com/v2/projects/kottage-v2/locations/us-central1/operations/operation-1776822993049-65002d7545637-c881caa5-1cf9ab11 [none]
[debug] [2026-04-22T01:56:34.356Z] <<< [apiv2][status] PATCH https://cloudfunctions.googleapis.com/v2/projects/kottage-v2/locations/us-central1/functions/onBookingCreated 200
[debug] [2026-04-22T01:56:34.356Z] <<< [apiv2][body] PATCH https://cloudfunctions.googleapis.com/v2/projects/kottage-v2/locations/us-central1/functions/onBookingCreated {"name":"projects/kottage-v2/locations/us-central1/operations/operation-1776822993057-65002d75478c1-6bbcce2c-580a70d2","metadata":{"@type":"type.googleapis.com/google.cloud.functions.v2.OperationMetadata","createTime":"2026-04-22T01:56:33.853604287Z","target":"projects/kottage-v2/locations/us-central1/functions/onBookingCreated","verb":"update","cancelRequested":false,"apiVersion":"v2"},"done":false}
[debug] [2026-04-22T01:56:34.356Z] Checked if tokens are valid: true, expires at: 1776826494244
[debug] [2026-04-22T01:56:34.356Z] Checked if tokens are valid: true, expires at: 1776826494244
[debug] [2026-04-22T01:56:34.356Z] >>> [apiv2][query] GET https://cloudfunctions.googleapis.com/v2/projects/kottage-v2/locations/us-central1/operations/operation-1776822993057-65002d75478c1-6bbcce2c-580a70d2 [none]
[debug] [2026-04-22T01:56:34.362Z] <<< [apiv2][status] PATCH https://cloudfunctions.googleapis.com/v2/projects/kottage-v2/locations/us-central1/functions/trackUserInteraction 200
[debug] [2026-04-22T01:56:34.362Z] <<< [apiv2][body] PATCH https://cloudfunctions.googleapis.com/v2/projects/kottage-v2/locations/us-central1/functions/trackUserInteraction {"name":"projects/kottage-v2/locations/us-central1/operations/operation-1776822993062-65002d7548bcf-671d4a50-aa290b30","metadata":{"@type":"type.googleapis.com/google.cloud.functions.v2.OperationMetadata","createTime":"2026-04-22T01:56:33.871616479Z","target":"projects/kottage-v2/locations/us-central1/functions/trackUserInteraction","verb":"update","cancelRequested":false,"apiVersion":"v2"},"done":false}
[debug] [2026-04-22T01:56:34.362Z] Checked if tokens are valid: true, expires at: 1776826494244
[debug] [2026-04-22T01:56:34.362Z] Checked if tokens are valid: true, expires at: 1776826494244
[debug] [2026-04-22T01:56:34.362Z] >>> [apiv2][query] GET https://cloudfunctions.googleapis.com/v2/projects/kottage-v2/locations/us-central1/operations/operation-1776822993062-65002d7548bcf-671d4a50-aa290b30 [none]
[debug] [2026-04-22T01:56:34.378Z] <<< [apiv2][status] PATCH https://cloudfunctions.googleapis.com/v2/projects/kottage-v2/locations/us-central1/functions/searchEmployees 200
[debug] [2026-04-22T01:56:34.379Z] <<< [apiv2][body] PATCH https://cloudfunctions.googleapis.com/v2/projects/kottage-v2/locations/us-central1/functions/searchEmployees {"name":"projects/kottage-v2/locations/us-central1/operations/operation-1776822993093-65002d75502e7-709a6f82-39581ff4","metadata":{"@type":"type.googleapis.com/google.cloud.functions.v2.OperationMetadata","createTime":"2026-04-22T01:56:33.888680515Z","target":"projects/kottage-v2/locations/us-central1/functions/searchEmployees","verb":"update","cancelRequested":false,"apiVersion":"v2"},"done":false}
[debug] [2026-04-22T01:56:34.379Z] Checked if tokens are valid: true, expires at: 1776826494244
[debug] [2026-04-22T01:56:34.379Z] Checked if tokens are valid: true, expires at: 1776826494244
[debug] [2026-04-22T01:56:34.379Z] >>> [apiv2][query] GET https://cloudfunctions.googleapis.com/v2/projects/kottage-v2/locations/us-central1/operations/operation-1776822993093-65002d75502e7-709a6f82-39581ff4 [none]
[debug] [2026-04-22T01:56:34.502Z] <<< [apiv2][status] GET https://cloudfunctions.googleapis.com/v2/projects/kottage-v2/locations/us-central1/operations/operation-1776822992970-65002d7532437-29d0f30f-a358d1f8 200
[debug] [2026-04-22T01:56:34.503Z] <<< [apiv2][body] GET https://cloudfunctions.googleapis.com/v2/projects/kottage-v2/locations/us-central1/operations/operation-1776822992970-65002d7532437-29d0f30f-a358d1f8 {"name":"projects/kottage-v2/locations/us-central1/operations/operation-1776822992970-65002d7532437-29d0f30f-a358d1f8","metadata":{"@type":"type.googleapis.com/google.cloud.functions.v2.OperationMetadata","createTime":"2026-04-22T01:56:33.801746641Z","target":"projects/kottage-v2/locations/us-central1/functions/updatePropertyRating","verb":"update","cancelRequested":false,"apiVersion":"v2","requestResource":{"@type":"type.googleapis.com/google.cloud.functions.v2.Function","name":"projects/kottage-v2/locations/us-central1/functions/updatePropertyRating","buildConfig":{"runtime":"nodejs22","entryPoint":"updatePropertyRating","source":{"storageSource":{"bucket":"gcf-v2-sources-850162149337-us-central1","object":"updatePropertyRating/function-source.zip","generation":"1776822993755279"}},"environmentVariables":{"GOOGLE_NODE_RUN_SCRIPTS":""},"dockerRepository":"projects/kottage-v2/locations/us-central1/repositories/gcf-artifacts","sourceProvenance":{"resolvedStorageSource":{"bucket":"gcf-v2-sources-850162149337-us-central1","object":"updatePropertyRating/function-source.zip","generation":"1754620011456143"}},"dockerRegistry":"ARTIFACT_REGISTRY","sourceToken":"Cldwcm9qZWN0cy84NTAxNjIxNDkzMzcvbG9jYXRpb25zL3VzLWNlbnRyYWwxL2J1aWxkcy9kNjQ2NWVlYi00OGNkLTRmZDktYmNkZi03MTE0NGFmNjQ0MzISYHVzLWNlbnRyYWwxLWRvY2tlci5wa2cuZGV2L2tvdHRhZ2UtdjIvZ2NmLWFydGlmYWN0cy9rb3R0YWdlLS12Ml9fdXMtLWNlbnRyYWwxX190aWNrZXRzOnZlcnNpb25fMRjZz/OM3xgiO3Byb2plY3RzL2tvdHRhZ2UtdjIvbG9jYXRpb25zL3VzLWNlbnRyYWwxL2Z1bmN0aW9ucy90aWNrZXRzKgwIzdWgzwYQgKL9lQEyCG5vZGVqczIyOnYKI2djci5pby9nYWUtcnVudGltZXMvbm9kZWpzMjI6c3RhYmxlEk91cy1jZW50cmFsMS1kb2NrZXIucGtnLmRldi9zZXJ2ZXJsZXNzLXJ1bnRpbWVzL2dvb2dsZS0yMi1mdWxsL3J1bnRpbWVzL25vZGVqczIyQAE=","serviceAccount":"projects/kottage-v2/serviceAccounts/850162149337-compute@developer.gserviceaccount.com","automaticUpdatePolicy":{}},"serviceConfig":{"service":"projects/kottage-v2/locations/us-central1/services/updatepropertyrating","timeoutSeconds":60,"environmentVariables":{"FIREBASE_CONFIG":"{\"projectId\":\"kottage-v2\",\"databaseURL\":\"https://kottage-v2-default-rtdb.firebaseio.com\",\"storageBucket\":\"kottage-v2.appspot.com\",\"locationId\":\"us-central\"}","GCLOUD_PROJECT":"kottage-v2","EVENTARC_CLOUD_EVENT_SOURCE":"projects/kottage-v2/locations/us-central1/services/updatePropertyRating","FUNCTION_SIGNATURE_TYPE":"cloudevent","FUNCTION_TARGET":"updatePropertyRating","LOG_EXECUTION_ID":"true"},"maxInstanceCount":10,"ingressSettings":"ALLOW_ALL","uri":"https://updatepropertyrating-cxpwli2maq-uc.a.run.app","serviceAccountEmail":"850162149337-compute@developer.gserviceaccount.com","availableMemory":"256Mi","allTrafficOnLatestRevision":true,"revision":"updatepropertyrating-00015-fit","maxInstanceRequestConcurrency":80,"availableCpu":"1"},"eventTrigger":{"trigger":"projects/kottage-v2/locations/us-central1/triggers/updatepropertyrating-618190","triggerRegion":"us-central1","eventType":"google.firebase.database.ref.v1.written","eventFilters":[{"attribute":"ref","value":"reviews/{propertyId}/{reviewId}","operator":"match-path-pattern"},{"attribute":"instance","value":"*","operator":"match-path-pattern"}],"pubsubTopic":"projects/kottage-v2/topics/eventarc-us-central1-updatepropertyrating-618190-439","serviceAccountEmail":"850162149337-compute@developer.gserviceaccount.com","retryPolicy":"RETRY_POLICY_DO_NOT_RETRY"},"state":"ACTIVE","labels":{"deployment-tool":"cli-firebase","firebase-functions-hash":"fa11e580218d160d1d29e6caa6741b69401f3cc4"},"environment":"GEN_2","url":"https://us-central1-kottage-v2.cloudfunctions.net/updatePropertyRating","satisfiesPzi":true},"stages":[{"name":"BUILD","message":"Reusing build","state":"COMPLETE","resource":"projects/850162149337/locations/us-central1/builds/d6465eeb-48cd-4fd9-bcdf-71144af64432"},{"name":"SERVICE","state":"NOT_STARTED"},{"name":"TRIGGER","state":"NOT_STARTED"}],"sourceToken":"Cldwcm9qZWN0cy84NTAxNjIxNDkzMzcvbG9jYXRpb25zL3VzLWNlbnRyYWwxL2J1aWxkcy9kNjQ2NWVlYi00OGNkLTRmZDktYmNkZi03MTE0NGFmNjQ0MzISYHVzLWNlbnRyYWwxLWRvY2tlci5wa2cuZGV2L2tvdHRhZ2UtdjIvZ2NmLWFydGlmYWN0cy9rb3R0YWdlLS12Ml9fdXMtLWNlbnRyYWwxX190aWNrZXRzOnZlcnNpb25fMRjZz/OM3xgiO3Byb2plY3RzL2tvdHRhZ2UtdjIvbG9jYXRpb25zL3VzLWNlbnRyYWwxL2Z1bmN0aW9ucy90aWNrZXRzKgwIzdWgzwYQgKL9lQEyCG5vZGVqczIyOnYKI2djci5pby9nYWUtcnVudGltZXMvbm9kZWpzMjI6c3RhYmxlEk91cy1jZW50cmFsMS1kb2NrZXIucGtnLmRldi9zZXJ2ZXJsZXNzLXJ1bnRpbWVzL2dvb2dsZS0yMi1mdWxsL3J1bnRpbWVzL25vZGVqczIyQAE=","operationType":"UPDATE_FUNCTION","buildName":"projects/850162149337/locations/us-central1/builds/d6465eeb-48cd-4fd9-bcdf-71144af64432"},"done":false}
[debug] [2026-04-22T01:56:34.503Z] Got source token Cldwcm9qZWN0cy84NTAxNjIxNDkzMzcvbG9jYXRpb25zL3VzLWNlbnRyYWwxL2J1aWxkcy9kNjQ2NWVlYi00OGNkLTRmZDktYmNkZi03MTE0NGFmNjQ0MzISYHVzLWNlbnRyYWwxLWRvY2tlci5wa2cuZGV2L2tvdHRhZ2UtdjIvZ2NmLWFydGlmYWN0cy9rb3R0YWdlLS12Ml9fdXMtLWNlbnRyYWwxX190aWNrZXRzOnZlcnNpb25fMRjZz/OM3xgiO3Byb2plY3RzL2tvdHRhZ2UtdjIvbG9jYXRpb25zL3VzLWNlbnRyYWwxL2Z1bmN0aW9ucy90aWNrZXRzKgwIzdWgzwYQgKL9lQEyCG5vZGVqczIyOnYKI2djci5pby9nYWUtcnVudGltZXMvbm9kZWpzMjI6c3RhYmxlEk91cy1jZW50cmFsMS1kb2NrZXIucGtnLmRldi9zZXJ2ZXJsZXNzLXJ1bnRpbWVzL2dvb2dsZS0yMi1mdWxsL3J1bnRpbWVzL25vZGVqczIyQAE= for region us-central1
[debug] [2026-04-22T01:56:34.544Z] <<< [apiv2][status] GET https://cloudfunctions.googleapis.com/v2/projects/kottage-v2/locations/us-central1/operations/operation-1776822993049-65002d7545635-eb1d6eec-499ea77e 200
[debug] [2026-04-22T01:56:34.544Z] <<< [apiv2][body] GET https://cloudfunctions.googleapis.com/v2/projects/kottage-v2/locations/us-central1/operations/operation-1776822993049-65002d7545635-eb1d6eec-499ea77e {"name":"projects/kottage-v2/locations/us-central1/operations/operation-1776822993049-65002d7545635-eb1d6eec-499ea77e","metadata":{"@type":"type.googleapis.com/google.cloud.functions.v2.OperationMetadata","createTime":"2026-04-22T01:56:33.805351255Z","target":"projects/kottage-v2/locations/us-central1/functions/updatePopularityScores","verb":"update","cancelRequested":false,"apiVersion":"v2","requestResource":{"@type":"type.googleapis.com/google.cloud.functions.v2.Function","name":"projects/kottage-v2/locations/us-central1/functions/updatePopularityScores","buildConfig":{"runtime":"nodejs22","entryPoint":"updatePopularityScores","source":{"storageSource":{"bucket":"gcf-v2-sources-850162149337-us-central1","object":"updatePopularityScores/function-source.zip","generation":"1776822993754052"}},"environmentVariables":{"GOOGLE_NODE_RUN_SCRIPTS":""},"dockerRepository":"projects/kottage-v2/locations/us-central1/repositories/gcf-artifacts","sourceProvenance":{"resolvedStorageSource":{"bucket":"gcf-v2-sources-850162149337-us-central1","object":"updatePopularityScores/function-source.zip","generation":"1754620010804676"}},"dockerRegistry":"ARTIFACT_REGISTRY","sourceToken":"Cldwcm9qZWN0cy84NTAxNjIxNDkzMzcvbG9jYXRpb25zL3VzLWNlbnRyYWwxL2J1aWxkcy9kNjQ2NWVlYi00OGNkLTRmZDktYmNkZi03MTE0NGFmNjQ0MzISYHVzLWNlbnRyYWwxLWRvY2tlci5wa2cuZGV2L2tvdHRhZ2UtdjIvZ2NmLWFydGlmYWN0cy9rb3R0YWdlLS12Ml9fdXMtLWNlbnRyYWwxX190aWNrZXRzOnZlcnNpb25fMRjZz/OM3xgiO3Byb2plY3RzL2tvdHRhZ2UtdjIvbG9jYXRpb25zL3VzLWNlbnRyYWwxL2Z1bmN0aW9ucy90aWNrZXRzKgwIzdWgzwYQgKL9lQEyCG5vZGVqczIyOnYKI2djci5pby9nYWUtcnVudGltZXMvbm9kZWpzMjI6c3RhYmxlEk91cy1jZW50cmFsMS1kb2NrZXIucGtnLmRldi9zZXJ2ZXJsZXNzLXJ1bnRpbWVzL2dvb2dsZS0yMi1mdWxsL3J1bnRpbWVzL25vZGVqczIyQAE=","serviceAccount":"projects/kottage-v2/serviceAccounts/850162149337-compute@developer.gserviceaccount.com","automaticUpdatePolicy":{}},"serviceConfig":{"service":"projects/kottage-v2/locations/us-central1/services/updatepopularityscores","timeoutSeconds":60,"environmentVariables":{"FIREBASE_CONFIG":"{\"projectId\":\"kottage-v2\",\"databaseURL\":\"https://kottage-v2-default-rtdb.firebaseio.com\",\"storageBucket\":\"kottage-v2.appspot.com\",\"locationId\":\"us-central\"}","GCLOUD_PROJECT":"kottage-v2","EVENTARC_CLOUD_EVENT_SOURCE":"projects/kottage-v2/locations/us-central1/services/updatePopularityScores","FUNCTION_TARGET":"updatePopularityScores","LOG_EXECUTION_ID":"true","FUNCTION_SIGNATURE_TYPE":"http"},"ingressSettings":"ALLOW_ALL","uri":"https://updatepopularityscores-cxpwli2maq-uc.a.run.app","serviceAccountEmail":"850162149337-compute@developer.gserviceaccount.com","availableMemory":"256Mi","allTrafficOnLatestRevision":true,"revision":"updatepopularityscores-00001-yif","maxInstanceRequestConcurrency":80,"availableCpu":"1"},"state":"ACTIVE","labels":{"deployment-tool":"cli-firebase","deployment-scheduled":"true","firebase-functions-hash":"fa11e580218d160d1d29e6caa6741b69401f3cc4"},"environment":"GEN_2","url":"https://us-central1-kottage-v2.cloudfunctions.net/updatePopularityScores","satisfiesPzi":true},"stages":[{"name":"BUILD","message":"Reusing build","state":"COMPLETE","resource":"projects/850162149337/locations/us-central1/builds/d6465eeb-48cd-4fd9-bcdf-71144af64432"},{"name":"SERVICE","state":"NOT_STARTED"}],"sourceToken":"Cldwcm9qZWN0cy84NTAxNjIxNDkzMzcvbG9jYXRpb25zL3VzLWNlbnRyYWwxL2J1aWxkcy9kNjQ2NWVlYi00OGNkLTRmZDktYmNkZi03MTE0NGFmNjQ0MzISYHVzLWNlbnRyYWwxLWRvY2tlci5wa2cuZGV2L2tvdHRhZ2UtdjIvZ2NmLWFydGlmYWN0cy9rb3R0YWdlLS12Ml9fdXMtLWNlbnRyYWwxX190aWNrZXRzOnZlcnNpb25fMRjZz/OM3xgiO3Byb2plY3RzL2tvdHRhZ2UtdjIvbG9jYXRpb25zL3VzLWNlbnRyYWwxL2Z1bmN0aW9ucy90aWNrZXRzKgwIzdWgzwYQgKL9lQEyCG5vZGVqczIyOnYKI2djci5pby9nYWUtcnVudGltZXMvbm9kZWpzMjI6c3RhYmxlEk91cy1jZW50cmFsMS1kb2NrZXIucGtnLmRldi9zZXJ2ZXJsZXNzLXJ1bnRpbWVzL2dvb2dsZS0yMi1mdWxsL3J1bnRpbWVzL25vZGVqczIyQAE=","operationType":"UPDATE_FUNCTION","buildName":"projects/850162149337/locations/us-central1/builds/d6465eeb-48cd-4fd9-bcdf-71144af64432"},"done":false}
[debug] [2026-04-22T01:56:34.544Z] Got source token Cldwcm9qZWN0cy84NTAxNjIxNDkzMzcvbG9jYXRpb25zL3VzLWNlbnRyYWwxL2J1aWxkcy9kNjQ2NWVlYi00OGNkLTRmZDktYmNkZi03MTE0NGFmNjQ0MzISYHVzLWNlbnRyYWwxLWRvY2tlci5wa2cuZGV2L2tvdHRhZ2UtdjIvZ2NmLWFydGlmYWN0cy9rb3R0YWdlLS12Ml9fdXMtLWNlbnRyYWwxX190aWNrZXRzOnZlcnNpb25fMRjZz/OM3xgiO3Byb2plY3RzL2tvdHRhZ2UtdjIvbG9jYXRpb25zL3VzLWNlbnRyYWwxL2Z1bmN0aW9ucy90aWNrZXRzKgwIzdWgzwYQgKL9lQEyCG5vZGVqczIyOnYKI2djci5pby9nYWUtcnVudGltZXMvbm9kZWpzMjI6c3RhYmxlEk91cy1jZW50cmFsMS1kb2NrZXIucGtnLmRldi9zZXJ2ZXJsZXNzLXJ1bnRpbWVzL2dvb2dsZS0yMi1mdWxsL3J1bnRpbWVzL25vZGVqczIyQAE= for region us-central1
[debug] [2026-04-22T01:56:34.555Z] <<< [apiv2][status] GET https://cloudfunctions.googleapis.com/v2/projects/kottage-v2/locations/us-central1/operations/operation-1776822993042-65002d7543db2-deba3334-ad85e91c 200
[debug] [2026-04-22T01:56:34.555Z] <<< [apiv2][body] GET https://cloudfunctions.googleapis.com/v2/projects/kottage-v2/locations/us-central1/operations/operation-1776822993042-65002d7543db2-deba3334-ad85e91c {"name":"projects/kottage-v2/locations/us-central1/operations/operation-1776822993042-65002d7543db2-deba3334-ad85e91c","metadata":{"@type":"type.googleapis.com/google.cloud.functions.v2.OperationMetadata","createTime":"2026-04-22T01:56:33.805214706Z","target":"projects/kottage-v2/locations/us-central1/functions/getEmployees","verb":"update","cancelRequested":false,"apiVersion":"v2","requestResource":{"@type":"type.googleapis.com/google.cloud.functions.v2.Function","name":"projects/kottage-v2/locations/us-central1/functions/getEmployees","buildConfig":{"runtime":"nodejs22","entryPoint":"getEmployees","source":{"storageSource":{"bucket":"gcf-v2-sources-850162149337-us-central1","object":"getEmployees/function-source.zip","generation":"1776822993752759"}},"environmentVariables":{"GOOGLE_NODE_RUN_SCRIPTS":""},"dockerRepository":"projects/kottage-v2/locations/us-central1/repositories/gcf-artifacts","sourceProvenance":{"resolvedStorageSource":{"bucket":"gcf-v2-sources-850162149337-us-central1","object":"getEmployees/function-source.zip","generation":"1754620011408213"}},"dockerRegistry":"ARTIFACT_REGISTRY","sourceToken":"Cldwcm9qZWN0cy84NTAxNjIxNDkzMzcvbG9jYXRpb25zL3VzLWNlbnRyYWwxL2J1aWxkcy9kNjQ2NWVlYi00OGNkLTRmZDktYmNkZi03MTE0NGFmNjQ0MzISYHVzLWNlbnRyYWwxLWRvY2tlci5wa2cuZGV2L2tvdHRhZ2UtdjIvZ2NmLWFydGlmYWN0cy9rb3R0YWdlLS12Ml9fdXMtLWNlbnRyYWwxX190aWNrZXRzOnZlcnNpb25fMRjZz/OM3xgiO3Byb2plY3RzL2tvdHRhZ2UtdjIvbG9jYXRpb25zL3VzLWNlbnRyYWwxL2Z1bmN0aW9ucy90aWNrZXRzKgwIzdWgzwYQgKL9lQEyCG5vZGVqczIyOnYKI2djci5pby9nYWUtcnVudGltZXMvbm9kZWpzMjI6c3RhYmxlEk91cy1jZW50cmFsMS1kb2NrZXIucGtnLmRldi9zZXJ2ZXJsZXNzLXJ1bnRpbWVzL2dvb2dsZS0yMi1mdWxsL3J1bnRpbWVzL25vZGVqczIyQAE=","serviceAccount":"projects/kottage-v2/serviceAccounts/850162149337-compute@developer.gserviceaccount.com","automaticUpdatePolicy":{}},"serviceConfig":{"service":"projects/kottage-v2/locations/us-central1/services/getemployees","timeoutSeconds":60,"environmentVariables":{"FIREBASE_CONFIG":"{\"projectId\":\"kottage-v2\",\"databaseURL\":\"https://kottage-v2-default-rtdb.firebaseio.com\",\"storageBucket\":\"kottage-v2.appspot.com\",\"locationId\":\"us-central\"}","GCLOUD_PROJECT":"kottage-v2","EVENTARC_CLOUD_EVENT_SOURCE":"projects/kottage-v2/locations/us-central1/services/getEmployees","FUNCTION_TARGET":"getEmployees","LOG_EXECUTION_ID":"true","FUNCTION_SIGNATURE_TYPE":"http"},"ingressSettings":"ALLOW_ALL","uri":"https://getemployees-cxpwli2maq-uc.a.run.app","serviceAccountEmail":"850162149337-compute@developer.gserviceaccount.com","availableMemory":"256Mi","allTrafficOnLatestRevision":true,"revision":"getemployees-00024-zey","maxInstanceRequestConcurrency":80,"availableCpu":"1"},"state":"ACTIVE","labels":{"deployment-tool":"cli-firebase","deployment-callable":"true","firebase-functions-hash":"fa11e580218d160d1d29e6caa6741b69401f3cc4"},"environment":"GEN_2","url":"https://us-central1-kottage-v2.cloudfunctions.net/getEmployees","satisfiesPzi":true},"stages":[{"name":"BUILD","message":"Reusing build","state":"COMPLETE","resource":"projects/850162149337/locations/us-central1/builds/d6465eeb-48cd-4fd9-bcdf-71144af64432"},{"name":"SERVICE","state":"NOT_STARTED"}],"sourceToken":"Cldwcm9qZWN0cy84NTAxNjIxNDkzMzcvbG9jYXRpb25zL3VzLWNlbnRyYWwxL2J1aWxkcy9kNjQ2NWVlYi00OGNkLTRmZDktYmNkZi03MTE0NGFmNjQ0MzISYHVzLWNlbnRyYWwxLWRvY2tlci5wa2cuZGV2L2tvdHRhZ2UtdjIvZ2NmLWFydGlmYWN0cy9rb3R0YWdlLS12Ml9fdXMtLWNlbnRyYWwxX190aWNrZXRzOnZlcnNpb25fMRjZz/OM3xgiO3Byb2plY3RzL2tvdHRhZ2UtdjIvbG9jYXRpb25zL3VzLWNlbnRyYWwxL2Z1bmN0aW9ucy90aWNrZXRzKgwIzdWgzwYQgKL9lQEyCG5vZGVqczIyOnYKI2djci5pby9nYWUtcnVudGltZXMvbm9kZWpzMjI6c3RhYmxlEk91cy1jZW50cmFsMS1kb2NrZXIucGtnLmRldi9zZXJ2ZXJsZXNzLXJ1bnRpbWVzL2dvb2dsZS0yMi1mdWxsL3J1bnRpbWVzL25vZGVqczIyQAE=","operationType":"UPDATE_FUNCTION","buildName":"projects/850162149337/locations/us-central1/builds/d6465eeb-48cd-4fd9-bcdf-71144af64432"},"done":false}
[debug] [2026-04-22T01:56:34.555Z] Got source token Cldwcm9qZWN0cy84NTAxNjIxNDkzMzcvbG9jYXRpb25zL3VzLWNlbnRyYWwxL2J1aWxkcy9kNjQ2NWVlYi00OGNkLTRmZDktYmNkZi03MTE0NGFmNjQ0MzISYHVzLWNlbnRyYWwxLWRvY2tlci5wa2cuZGV2L2tvdHRhZ2UtdjIvZ2NmLWFydGlmYWN0cy9rb3R0YWdlLS12Ml9fdXMtLWNlbnRyYWwxX190aWNrZXRzOnZlcnNpb25fMRjZz/OM3xgiO3Byb2plY3RzL2tvdHRhZ2UtdjIvbG9jYXRpb25zL3VzLWNlbnRyYWwxL2Z1bmN0aW9ucy90aWNrZXRzKgwIzdWgzwYQgKL9lQEyCG5vZGVqczIyOnYKI2djci5pby9nYWUtcnVudGltZXMvbm9kZWpzMjI6c3RhYmxlEk91cy1jZW50cmFsMS1kb2NrZXIucGtnLmRldi9zZXJ2ZXJsZXNzLXJ1bnRpbWVzL2dvb2dsZS0yMi1mdWxsL3J1bnRpbWVzL25vZGVqczIyQAE= for region us-central1
[debug] [2026-04-22T01:56:34.556Z] <<< [apiv2][status] GET https://cloudfunctions.googleapis.com/v2/projects/kottage-v2/locations/us-central1/operations/operation-1776822993048-65002d75452bb-e69a4cc0-491b197b 200
[debug] [2026-04-22T01:56:34.556Z] <<< [apiv2][body] GET https://cloudfunctions.googleapis.com/v2/projects/kottage-v2/locations/us-central1/operations/operation-1776822993048-65002d75452bb-e69a4cc0-491b197b {"name":"projects/kottage-v2/locations/us-central1/operations/operation-1776822993048-65002d75452bb-e69a4cc0-491b197b","metadata":{"@type":"type.googleapis.com/google.cloud.functions.v2.OperationMetadata","createTime":"2026-04-22T01:56:33.834425971Z","target":"projects/kottage-v2/locations/us-central1/functions/getEmployeeStats","verb":"update","cancelRequested":false,"apiVersion":"v2","requestResource":{"@type":"type.googleapis.com/google.cloud.functions.v2.Function","name":"projects/kottage-v2/locations/us-central1/functions/getEmployeeStats","buildConfig":{"runtime":"nodejs22","entryPoint":"getEmployeeStats","source":{"storageSource":{"bucket":"gcf-v2-sources-850162149337-us-central1","object":"getEmployeeStats/function-source.zip","generation":"1776822993786836"}},"environmentVariables":{"GOOGLE_NODE_RUN_SCRIPTS":""},"dockerRepository":"projects/kottage-v2/locations/us-central1/repositories/gcf-artifacts","sourceProvenance":{"resolvedStorageSource":{"bucket":"gcf-v2-sources-850162149337-us-central1","object":"getEmployeeStats/function-source.zip","generation":"1754620011302274"}},"dockerRegistry":"ARTIFACT_REGISTRY","sourceToken":"Cldwcm9qZWN0cy84NTAxNjIxNDkzMzcvbG9jYXRpb25zL3VzLWNlbnRyYWwxL2J1aWxkcy9kNjQ2NWVlYi00OGNkLTRmZDktYmNkZi03MTE0NGFmNjQ0MzISYHVzLWNlbnRyYWwxLWRvY2tlci5wa2cuZGV2L2tvdHRhZ2UtdjIvZ2NmLWFydGlmYWN0cy9rb3R0YWdlLS12Ml9fdXMtLWNlbnRyYWwxX190aWNrZXRzOnZlcnNpb25fMRjZz/OM3xgiO3Byb2plY3RzL2tvdHRhZ2UtdjIvbG9jYXRpb25zL3VzLWNlbnRyYWwxL2Z1bmN0aW9ucy90aWNrZXRzKgwIzdWgzwYQgKL9lQEyCG5vZGVqczIyOnYKI2djci5pby9nYWUtcnVudGltZXMvbm9kZWpzMjI6c3RhYmxlEk91cy1jZW50cmFsMS1kb2NrZXIucGtnLmRldi9zZXJ2ZXJsZXNzLXJ1bnRpbWVzL2dvb2dsZS0yMi1mdWxsL3J1bnRpbWVzL25vZGVqczIyQAE=","serviceAccount":"projects/kottage-v2/serviceAccounts/850162149337-compute@developer.gserviceaccount.com","automaticUpdatePolicy":{}},"serviceConfig":{"service":"projects/kottage-v2/locations/us-central1/services/getemployeestats","timeoutSeconds":60,"environmentVariables":{"FIREBASE_CONFIG":"{\"projectId\":\"kottage-v2\",\"databaseURL\":\"https://kottage-v2-default-rtdb.firebaseio.com\",\"storageBucket\":\"kottage-v2.appspot.com\",\"locationId\":\"us-central\"}","GCLOUD_PROJECT":"kottage-v2","EVENTARC_CLOUD_EVENT_SOURCE":"projects/kottage-v2/locations/us-central1/services/getEmployeeStats","FUNCTION_TARGET":"getEmployeeStats","LOG_EXECUTION_ID":"true","FUNCTION_SIGNATURE_TYPE":"http"},"ingressSettings":"ALLOW_ALL","uri":"https://getemployeestats-cxpwli2maq-uc.a.run.app","serviceAccountEmail":"850162149337-compute@developer.gserviceaccount.com","availableMemory":"256Mi","allTrafficOnLatestRevision":true,"revision":"getemployeestats-00016-xox","maxInstanceRequestConcurrency":80,"availableCpu":"1"},"state":"ACTIVE","labels":{"deployment-tool":"cli-firebase","deployment-callable":"true","firebase-functions-hash":"fa11e580218d160d1d29e6caa6741b69401f3cc4"},"environment":"GEN_2","url":"https://us-central1-kottage-v2.cloudfunctions.net/getEmployeeStats","satisfiesPzi":true},"stages":[{"name":"BUILD","message":"Reusing build","state":"COMPLETE","resource":"projects/850162149337/locations/us-central1/builds/d6465eeb-48cd-4fd9-bcdf-71144af64432"},{"name":"SERVICE","state":"NOT_STARTED"}],"sourceToken":"Cldwcm9qZWN0cy84NTAxNjIxNDkzMzcvbG9jYXRpb25zL3VzLWNlbnRyYWwxL2J1aWxkcy9kNjQ2NWVlYi00OGNkLTRmZDktYmNkZi03MTE0NGFmNjQ0MzISYHVzLWNlbnRyYWwxLWRvY2tlci5wa2cuZGV2L2tvdHRhZ2UtdjIvZ2NmLWFydGlmYWN0cy9rb3R0YWdlLS12Ml9fdXMtLWNlbnRyYWwxX190aWNrZXRzOnZlcnNpb25fMRjZz/OM3xgiO3Byb2plY3RzL2tvdHRhZ2UtdjIvbG9jYXRpb25zL3VzLWNlbnRyYWwxL2Z1bmN0aW9ucy90aWNrZXRzKgwIzdWgzwYQgKL9lQEyCG5vZGVqczIyOnYKI2djci5pby9nYWUtcnVudGltZXMvbm9kZWpzMjI6c3RhYmxlEk91cy1jZW50cmFsMS1kb2NrZXIucGtnLmRldi9zZXJ2ZXJsZXNzLXJ1bnRpbWVzL2dvb2dsZS0yMi1mdWxsL3J1bnRpbWVzL25vZGVqczIyQAE=","operationType":"UPDATE_FUNCTION","buildName":"projects/850162149337/locations/us-central1/builds/d6465eeb-48cd-4fd9-bcdf-71144af64432"},"done":false}
[debug] [2026-04-22T01:56:34.556Z] Got source token Cldwcm9qZWN0cy84NTAxNjIxNDkzMzcvbG9jYXRpb25zL3VzLWNlbnRyYWwxL2J1aWxkcy9kNjQ2NWVlYi00OGNkLTRmZDktYmNkZi03MTE0NGFmNjQ0MzISYHVzLWNlbnRyYWwxLWRvY2tlci5wa2cuZGV2L2tvdHRhZ2UtdjIvZ2NmLWFydGlmYWN0cy9rb3R0YWdlLS12Ml9fdXMtLWNlbnRyYWwxX190aWNrZXRzOnZlcnNpb25fMRjZz/OM3xgiO3Byb2plY3RzL2tvdHRhZ2UtdjIvbG9jYXRpb25zL3VzLWNlbnRyYWwxL2Z1bmN0aW9ucy90aWNrZXRzKgwIzdWgzwYQgKL9lQEyCG5vZGVqczIyOnYKI2djci5pby9nYWUtcnVudGltZXMvbm9kZWpzMjI6c3RhYmxlEk91cy1jZW50cmFsMS1kb2NrZXIucGtnLmRldi9zZXJ2ZXJsZXNzLXJ1bnRpbWVzL2dvb2dsZS0yMi1mdWxsL3J1bnRpbWVzL25vZGVqczIyQAE= for region us-central1
[debug] [2026-04-22T01:56:34.558Z] <<< [apiv2][status] GET https://cloudfunctions.googleapis.com/v2/projects/kottage-v2/locations/us-central1/operations/operation-1776822993048-65002d75452c7-712c74eb-64ef21c3 200
[debug] [2026-04-22T01:56:34.558Z] <<< [apiv2][body] GET https://cloudfunctions.googleapis.com/v2/projects/kottage-v2/locations/us-central1/operations/operation-1776822993048-65002d75452c7-712c74eb-64ef21c3 {"name":"projects/kottage-v2/locations/us-central1/operations/operation-1776822993048-65002d75452c7-712c74eb-64ef21c3","metadata":{"@type":"type.googleapis.com/google.cloud.functions.v2.OperationMetadata","createTime":"2026-04-22T01:56:33.808348017Z","target":"projects/kottage-v2/locations/us-central1/functions/createEmployee","verb":"update","cancelRequested":false,"apiVersion":"v2","requestResource":{"@type":"type.googleapis.com/google.cloud.functions.v2.Function","name":"projects/kottage-v2/locations/us-central1/functions/createEmployee","buildConfig":{"runtime":"nodejs22","entryPoint":"createEmployee","source":{"storageSource":{"bucket":"gcf-v2-sources-850162149337-us-central1","object":"createEmployee/function-source.zip","generation":"1776822993763739"}},"environmentVariables":{"GOOGLE_NODE_RUN_SCRIPTS":""},"dockerRepository":"projects/kottage-v2/locations/us-central1/repositories/gcf-artifacts","sourceProvenance":{"resolvedStorageSource":{"bucket":"gcf-v2-sources-850162149337-us-central1","object":"createEmployee/function-source.zip","generation":"1754620011424395"}},"dockerRegistry":"ARTIFACT_REGISTRY","sourceToken":"Cldwcm9qZWN0cy84NTAxNjIxNDkzMzcvbG9jYXRpb25zL3VzLWNlbnRyYWwxL2J1aWxkcy9kNjQ2NWVlYi00OGNkLTRmZDktYmNkZi03MTE0NGFmNjQ0MzISYHVzLWNlbnRyYWwxLWRvY2tlci5wa2cuZGV2L2tvdHRhZ2UtdjIvZ2NmLWFydGlmYWN0cy9rb3R0YWdlLS12Ml9fdXMtLWNlbnRyYWwxX190aWNrZXRzOnZlcnNpb25fMRjZz/OM3xgiO3Byb2plY3RzL2tvdHRhZ2UtdjIvbG9jYXRpb25zL3VzLWNlbnRyYWwxL2Z1bmN0aW9ucy90aWNrZXRzKgwIzdWgzwYQgKL9lQEyCG5vZGVqczIyOnYKI2djci5pby9nYWUtcnVudGltZXMvbm9kZWpzMjI6c3RhYmxlEk91cy1jZW50cmFsMS1kb2NrZXIucGtnLmRldi9zZXJ2ZXJsZXNzLXJ1bnRpbWVzL2dvb2dsZS0yMi1mdWxsL3J1bnRpbWVzL25vZGVqczIyQAE=","serviceAccount":"projects/kottage-v2/serviceAccounts/850162149337-compute@developer.gserviceaccount.com","automaticUpdatePolicy":{}},"serviceConfig":{"service":"projects/kottage-v2/locations/us-central1/services/createemployee","timeoutSeconds":60,"environmentVariables":{"FIREBASE_CONFIG":"{\"projectId\":\"kottage-v2\",\"databaseURL\":\"https://kottage-v2-default-rtdb.firebaseio.com\",\"storageBucket\":\"kottage-v2.appspot.com\",\"locationId\":\"us-central\"}","GCLOUD_PROJECT":"kottage-v2","EVENTARC_CLOUD_EVENT_SOURCE":"projects/kottage-v2/locations/us-central1/services/createEmployee","FUNCTION_TARGET":"createEmployee","LOG_EXECUTION_ID":"true","FUNCTION_SIGNATURE_TYPE":"http"},"ingressSettings":"ALLOW_ALL","uri":"https://createemployee-cxpwli2maq-uc.a.run.app","serviceAccountEmail":"850162149337-compute@developer.gserviceaccount.com","availableMemory":"256Mi","allTrafficOnLatestRevision":true,"revision":"createemployee-00021-baw","maxInstanceRequestConcurrency":80,"availableCpu":"1"},"state":"ACTIVE","labels":{"deployment-tool":"cli-firebase","deployment-callable":"true","firebase-functions-hash":"fa11e580218d160d1d29e6caa6741b69401f3cc4"},"environment":"GEN_2","url":"https://us-central1-kottage-v2.cloudfunctions.net/createEmployee","satisfiesPzi":true},"stages":[{"name":"BUILD","message":"Reusing build","state":"COMPLETE","resource":"projects/850162149337/locations/us-central1/builds/d6465eeb-48cd-4fd9-bcdf-71144af64432"},{"name":"SERVICE","state":"NOT_STARTED"}],"sourceToken":"Cldwcm9qZWN0cy84NTAxNjIxNDkzMzcvbG9jYXRpb25zL3VzLWNlbnRyYWwxL2J1aWxkcy9kNjQ2NWVlYi00OGNkLTRmZDktYmNkZi03MTE0NGFmNjQ0MzISYHVzLWNlbnRyYWwxLWRvY2tlci5wa2cuZGV2L2tvdHRhZ2UtdjIvZ2NmLWFydGlmYWN0cy9rb3R0YWdlLS12Ml9fdXMtLWNlbnRyYWwxX190aWNrZXRzOnZlcnNpb25fMRjZz/OM3xgiO3Byb2plY3RzL2tvdHRhZ2UtdjIvbG9jYXRpb25zL3VzLWNlbnRyYWwxL2Z1bmN0aW9ucy90aWNrZXRzKgwIzdWgzwYQgKL9lQEyCG5vZGVqczIyOnYKI2djci5pby9nYWUtcnVudGltZXMvbm9kZWpzMjI6c3RhYmxlEk91cy1jZW50cmFsMS1kb2NrZXIucGtnLmRldi9zZXJ2ZXJsZXNzLXJ1bnRpbWVzL2dvb2dsZS0yMi1mdWxsL3J1bnRpbWVzL25vZGVqczIyQAE=","operationType":"UPDATE_FUNCTION","buildName":"projects/850162149337/locations/us-central1/builds/d6465eeb-48cd-4fd9-bcdf-71144af64432"},"done":false}
[debug] [2026-04-22T01:56:34.558Z] Got source token Cldwcm9qZWN0cy84NTAxNjIxNDkzMzcvbG9jYXRpb25zL3VzLWNlbnRyYWwxL2J1aWxkcy9kNjQ2NWVlYi00OGNkLTRmZDktYmNkZi03MTE0NGFmNjQ0MzISYHVzLWNlbnRyYWwxLWRvY2tlci5wa2cuZGV2L2tvdHRhZ2UtdjIvZ2NmLWFydGlmYWN0cy9rb3R0YWdlLS12Ml9fdXMtLWNlbnRyYWwxX190aWNrZXRzOnZlcnNpb25fMRjZz/OM3xgiO3Byb2plY3RzL2tvdHRhZ2UtdjIvbG9jYXRpb25zL3VzLWNlbnRyYWwxL2Z1bmN0aW9ucy90aWNrZXRzKgwIzdWgzwYQgKL9lQEyCG5vZGVqczIyOnYKI2djci5pby9nYWUtcnVudGltZXMvbm9kZWpzMjI6c3RhYmxlEk91cy1jZW50cmFsMS1kb2NrZXIucGtnLmRldi9zZXJ2ZXJsZXNzLXJ1bnRpbWVzL2dvb2dsZS0yMi1mdWxsL3J1bnRpbWVzL25vZGVqczIyQAE= for region us-central1
[debug] [2026-04-22T01:56:34.559Z] <<< [apiv2][status] GET https://cloudfunctions.googleapis.com/v2/projects/kottage-v2/locations/us-central1/operations/operation-1776822992940-65002d752acde-62e70fde-ad7adde3 200
[debug] [2026-04-22T01:56:34.559Z] <<< [apiv2][body] GET https://cloudfunctions.googleapis.com/v2/projects/kottage-v2/locations/us-central1/operations/operation-1776822992940-65002d752acde-62e70fde-ad7adde3 {"name":"projects/kottage-v2/locations/us-central1/operations/operation-1776822992940-65002d752acde-62e70fde-ad7adde3","metadata":{"@type":"type.googleapis.com/google.cloud.functions.v2.OperationMetadata","createTime":"2026-04-22T01:56:33.826376321Z","target":"projects/kottage-v2/locations/us-central1/functions/getPropertyAnalytics","verb":"update","cancelRequested":false,"apiVersion":"v2","requestResource":{"@type":"type.googleapis.com/google.cloud.functions.v2.Function","name":"projects/kottage-v2/locations/us-central1/functions/getPropertyAnalytics","buildConfig":{"runtime":"nodejs22","entryPoint":"getPropertyAnalytics","source":{"storageSource":{"bucket":"gcf-v2-sources-850162149337-us-central1","object":"getPropertyAnalytics/function-source.zip","generation":"1776822993777522"}},"environmentVariables":{"GOOGLE_NODE_RUN_SCRIPTS":""},"dockerRepository":"projects/kottage-v2/locations/us-central1/repositories/gcf-artifacts","sourceProvenance":{"resolvedStorageSource":{"bucket":"gcf-v2-sources-850162149337-us-central1","object":"getPropertyAnalytics/function-source.zip","generation":"1754620010962634"}},"dockerRegistry":"ARTIFACT_REGISTRY","sourceToken":"Cldwcm9qZWN0cy84NTAxNjIxNDkzMzcvbG9jYXRpb25zL3VzLWNlbnRyYWwxL2J1aWxkcy9kNjQ2NWVlYi00OGNkLTRmZDktYmNkZi03MTE0NGFmNjQ0MzISYHVzLWNlbnRyYWwxLWRvY2tlci5wa2cuZGV2L2tvdHRhZ2UtdjIvZ2NmLWFydGlmYWN0cy9rb3R0YWdlLS12Ml9fdXMtLWNlbnRyYWwxX190aWNrZXRzOnZlcnNpb25fMRjZz/OM3xgiO3Byb2plY3RzL2tvdHRhZ2UtdjIvbG9jYXRpb25zL3VzLWNlbnRyYWwxL2Z1bmN0aW9ucy90aWNrZXRzKgwIzdWgzwYQgKL9lQEyCG5vZGVqczIyOnYKI2djci5pby9nYWUtcnVudGltZXMvbm9kZWpzMjI6c3RhYmxlEk91cy1jZW50cmFsMS1kb2NrZXIucGtnLmRldi9zZXJ2ZXJsZXNzLXJ1bnRpbWVzL2dvb2dsZS0yMi1mdWxsL3J1bnRpbWVzL25vZGVqczIyQAE=","serviceAccount":"projects/kottage-v2/serviceAccounts/850162149337-compute@developer.gserviceaccount.com","automaticUpdatePolicy":{}},"serviceConfig":{"service":"projects/kottage-v2/locations/us-central1/services/getpropertyanalytics","timeoutSeconds":60,"environmentVariables":{"FIREBASE_CONFIG":"{\"projectId\":\"kottage-v2\",\"databaseURL\":\"https://kottage-v2-default-rtdb.firebaseio.com\",\"storageBucket\":\"kottage-v2.appspot.com\",\"locationId\":\"us-central\"}","GCLOUD_PROJECT":"kottage-v2","EVENTARC_CLOUD_EVENT_SOURCE":"projects/kottage-v2/locations/us-central1/services/getPropertyAnalytics","FUNCTION_TARGET":"getPropertyAnalytics","LOG_EXECUTION_ID":"true","FUNCTION_SIGNATURE_TYPE":"http"},"ingressSettings":"ALLOW_ALL","uri":"https://getpropertyanalytics-cxpwli2maq-uc.a.run.app","serviceAccountEmail":"850162149337-compute@developer.gserviceaccount.com","availableMemory":"256Mi","allTrafficOnLatestRevision":true,"revision":"getpropertyanalytics-00001-fol","maxInstanceRequestConcurrency":80,"availableCpu":"1"},"state":"ACTIVE","labels":{"deployment-tool":"cli-firebase","deployment-callable":"true","firebase-functions-hash":"fa11e580218d160d1d29e6caa6741b69401f3cc4"},"environment":"GEN_2","url":"https://us-central1-kottage-v2.cloudfunctions.net/getPropertyAnalytics","satisfiesPzi":true},"stages":[{"name":"BUILD","message":"Reusing build","state":"COMPLETE","resource":"projects/850162149337/locations/us-central1/builds/d6465eeb-48cd-4fd9-bcdf-71144af64432"},{"name":"SERVICE","state":"NOT_STARTED"}],"sourceToken":"Cldwcm9qZWN0cy84NTAxNjIxNDkzMzcvbG9jYXRpb25zL3VzLWNlbnRyYWwxL2J1aWxkcy9kNjQ2NWVlYi00OGNkLTRmZDktYmNkZi03MTE0NGFmNjQ0MzISYHVzLWNlbnRyYWwxLWRvY2tlci5wa2cuZGV2L2tvdHRhZ2UtdjIvZ2NmLWFydGlmYWN0cy9rb3R0YWdlLS12Ml9fdXMtLWNlbnRyYWwxX190aWNrZXRzOnZlcnNpb25fMRjZz/OM3xgiO3Byb2plY3RzL2tvdHRhZ2UtdjIvbG9jYXRpb25zL3VzLWNlbnRyYWwxL2Z1bmN0aW9ucy90aWNrZXRzKgwIzdWgzwYQgKL9lQEyCG5vZGVqczIyOnYKI2djci5pby9nYWUtcnVudGltZXMvbm9kZWpzMjI6c3RhYmxlEk91cy1jZW50cmFsMS1kb2NrZXIucGtnLmRldi9zZXJ2ZXJsZXNzLXJ1bnRpbWVzL2dvb2dsZS0yMi1mdWxsL3J1bnRpbWVzL25vZGVqczIyQAE=","operationType":"UPDATE_FUNCTION","buildName":"projects/850162149337/locations/us-central1/builds/d6465eeb-48cd-4fd9-bcdf-71144af64432"},"done":false}
[debug] [2026-04-22T01:56:34.559Z] Got source token Cldwcm9qZWN0cy84NTAxNjIxNDkzMzcvbG9jYXRpb25zL3VzLWNlbnRyYWwxL2J1aWxkcy9kNjQ2NWVlYi00OGNkLTRmZDktYmNkZi03MTE0NGFmNjQ0MzISYHVzLWNlbnRyYWwxLWRvY2tlci5wa2cuZGV2L2tvdHRhZ2UtdjIvZ2NmLWFydGlmYWN0cy9rb3R0YWdlLS12Ml9fdXMtLWNlbnRyYWwxX190aWNrZXRzOnZlcnNpb25fMRjZz/OM3xgiO3Byb2plY3RzL2tvdHRhZ2UtdjIvbG9jYXRpb25zL3VzLWNlbnRyYWwxL2Z1bmN0aW9ucy90aWNrZXRzKgwIzdWgzwYQgKL9lQEyCG5vZGVqczIyOnYKI2djci5pby9nYWUtcnVudGltZXMvbm9kZWpzMjI6c3RhYmxlEk91cy1jZW50cmFsMS1kb2NrZXIucGtnLmRldi9zZXJ2ZXJsZXNzLXJ1bnRpbWVzL2dvb2dsZS0yMi1mdWxsL3J1bnRpbWVzL25vZGVqczIyQAE= for region us-central1
[debug] [2026-04-22T01:56:34.571Z] <<< [apiv2][status] GET https://cloudfunctions.googleapis.com/v2/projects/kottage-v2/locations/us-central1/operations/operation-1776822993017-65002d753d8d9-47114c5b-41fc17fe 200
[debug] [2026-04-22T01:56:34.571Z] <<< [apiv2][body] GET https://cloudfunctions.googleapis.com/v2/projects/kottage-v2/locations/us-central1/operations/operation-1776822993017-65002d753d8d9-47114c5b-41fc17fe {"name":"projects/kottage-v2/locations/us-central1/operations/operation-1776822993017-65002d753d8d9-47114c5b-41fc17fe","metadata":{"@type":"type.googleapis.com/google.cloud.functions.v2.OperationMetadata","createTime":"2026-04-22T01:56:33.821078317Z","target":"projects/kottage-v2/locations/us-central1/functions/setEmployeeClaims","verb":"update","cancelRequested":false,"apiVersion":"v2","requestResource":{"@type":"type.googleapis.com/google.cloud.functions.v2.Function","name":"projects/kottage-v2/locations/us-central1/functions/setEmployeeClaims","buildConfig":{"runtime":"nodejs22","entryPoint":"setEmployeeClaims","source":{"storageSource":{"bucket":"gcf-v2-sources-850162149337-us-central1","object":"setEmployeeClaims/function-source.zip","generation":"1776822993777397"}},"environmentVariables":{"GOOGLE_NODE_RUN_SCRIPTS":""},"dockerRepository":"projects/kottage-v2/locations/us-central1/repositories/gcf-artifacts","sourceProvenance":{"resolvedStorageSource":{"bucket":"gcf-v2-sources-850162149337-us-central1","object":"setEmployeeClaims/function-source.zip","generation":"1754620011393899"}},"dockerRegistry":"ARTIFACT_REGISTRY","sourceToken":"Cldwcm9qZWN0cy84NTAxNjIxNDkzMzcvbG9jYXRpb25zL3VzLWNlbnRyYWwxL2J1aWxkcy9kNjQ2NWVlYi00OGNkLTRmZDktYmNkZi03MTE0NGFmNjQ0MzISYHVzLWNlbnRyYWwxLWRvY2tlci5wa2cuZGV2L2tvdHRhZ2UtdjIvZ2NmLWFydGlmYWN0cy9rb3R0YWdlLS12Ml9fdXMtLWNlbnRyYWwxX190aWNrZXRzOnZlcnNpb25fMRjZz/OM3xgiO3Byb2plY3RzL2tvdHRhZ2UtdjIvbG9jYXRpb25zL3VzLWNlbnRyYWwxL2Z1bmN0aW9ucy90aWNrZXRzKgwIzdWgzwYQgKL9lQEyCG5vZGVqczIyOnYKI2djci5pby9nYWUtcnVudGltZXMvbm9kZWpzMjI6c3RhYmxlEk91cy1jZW50cmFsMS1kb2NrZXIucGtnLmRldi9zZXJ2ZXJsZXNzLXJ1bnRpbWVzL2dvb2dsZS0yMi1mdWxsL3J1bnRpbWVzL25vZGVqczIyQAE=","serviceAccount":"projects/kottage-v2/serviceAccounts/850162149337-compute@developer.gserviceaccount.com","automaticUpdatePolicy":{}},"serviceConfig":{"service":"projects/kottage-v2/locations/us-central1/services/setemployeeclaims","timeoutSeconds":60,"environmentVariables":{"FIREBASE_CONFIG":"{\"projectId\":\"kottage-v2\",\"databaseURL\":\"https://kottage-v2-default-rtdb.firebaseio.com\",\"storageBucket\":\"kottage-v2.appspot.com\",\"locationId\":\"us-central\"}","GCLOUD_PROJECT":"kottage-v2","EVENTARC_CLOUD_EVENT_SOURCE":"projects/kottage-v2/locations/us-central1/services/setEmployeeClaims","FUNCTION_TARGET":"setEmployeeClaims","LOG_EXECUTION_ID":"true","FUNCTION_SIGNATURE_TYPE":"http"},"maxInstanceCount":10,"ingressSettings":"ALLOW_ALL","uri":"https://setemployeeclaims-cxpwli2maq-uc.a.run.app","serviceAccountEmail":"850162149337-compute@developer.gserviceaccount.com","availableMemory":"256Mi","allTrafficOnLatestRevision":true,"revision":"setemployeeclaims-00006-xic","maxInstanceRequestConcurrency":80,"availableCpu":"1"},"state":"ACTIVE","labels":{"deployment-tool":"cli-firebase","deployment-callable":"true","firebase-functions-hash":"fa11e580218d160d1d29e6caa6741b69401f3cc4"},"environment":"GEN_2","url":"https://us-central1-kottage-v2.cloudfunctions.net/setEmployeeClaims","satisfiesPzi":true},"stages":[{"name":"BUILD","message":"Reusing build","state":"COMPLETE","resource":"projects/850162149337/locations/us-central1/builds/d6465eeb-48cd-4fd9-bcdf-71144af64432"},{"name":"SERVICE","state":"NOT_STARTED"}],"sourceToken":"Cldwcm9qZWN0cy84NTAxNjIxNDkzMzcvbG9jYXRpb25zL3VzLWNlbnRyYWwxL2J1aWxkcy9kNjQ2NWVlYi00OGNkLTRmZDktYmNkZi03MTE0NGFmNjQ0MzISYHVzLWNlbnRyYWwxLWRvY2tlci5wa2cuZGV2L2tvdHRhZ2UtdjIvZ2NmLWFydGlmYWN0cy9rb3R0YWdlLS12Ml9fdXMtLWNlbnRyYWwxX190aWNrZXRzOnZlcnNpb25fMRjZz/OM3xgiO3Byb2plY3RzL2tvdHRhZ2UtdjIvbG9jYXRpb25zL3VzLWNlbnRyYWwxL2Z1bmN0aW9ucy90aWNrZXRzKgwIzdWgzwYQgKL9lQEyCG5vZGVqczIyOnYKI2djci5pby9nYWUtcnVudGltZXMvbm9kZWpzMjI6c3RhYmxlEk91cy1jZW50cmFsMS1kb2NrZXIucGtnLmRldi9zZXJ2ZXJsZXNzLXJ1bnRpbWVzL2dvb2dsZS0yMi1mdWxsL3J1bnRpbWVzL25vZGVqczIyQAE=","operationType":"UPDATE_FUNCTION","buildName":"projects/850162149337/locations/us-central1/builds/d6465eeb-48cd-4fd9-bcdf-71144af64432"},"done":false}
[debug] [2026-04-22T01:56:34.571Z] Got source token Cldwcm9qZWN0cy84NTAxNjIxNDkzMzcvbG9jYXRpb25zL3VzLWNlbnRyYWwxL2J1aWxkcy9kNjQ2NWVlYi00OGNkLTRmZDktYmNkZi03MTE0NGFmNjQ0MzISYHVzLWNlbnRyYWwxLWRvY2tlci5wa2cuZGV2L2tvdHRhZ2UtdjIvZ2NmLWFydGlmYWN0cy9rb3R0YWdlLS12Ml9fdXMtLWNlbnRyYWwxX190aWNrZXRzOnZlcnNpb25fMRjZz/OM3xgiO3Byb2plY3RzL2tvdHRhZ2UtdjIvbG9jYXRpb25zL3VzLWNlbnRyYWwxL2Z1bmN0aW9ucy90aWNrZXRzKgwIzdWgzwYQgKL9lQEyCG5vZGVqczIyOnYKI2djci5pby9nYWUtcnVudGltZXMvbm9kZWpzMjI6c3RhYmxlEk91cy1jZW50cmFsMS1kb2NrZXIucGtnLmRldi9zZXJ2ZXJsZXNzLXJ1bnRpbWVzL2dvb2dsZS0yMi1mdWxsL3J1bnRpbWVzL25vZGVqczIyQAE= for region us-central1
[debug] [2026-04-22T01:56:34.589Z] <<< [apiv2][status] GET https://cloudfunctions.googleapis.com/v2/projects/kottage-v2/locations/us-central1/operations/operation-1776822993062-65002d7548bcf-671d4a50-aa290b30 200
[debug] [2026-04-22T01:56:34.589Z] <<< [apiv2][body] GET https://cloudfunctions.googleapis.com/v2/projects/kottage-v2/locations/us-central1/operations/operation-1776822993062-65002d7548bcf-671d4a50-aa290b30 {"name":"projects/kottage-v2/locations/us-central1/operations/operation-1776822993062-65002d7548bcf-671d4a50-aa290b30","metadata":{"@type":"type.googleapis.com/google.cloud.functions.v2.OperationMetadata","createTime":"2026-04-22T01:56:33.871616479Z","target":"projects/kottage-v2/locations/us-central1/functions/trackUserInteraction","verb":"update","cancelRequested":false,"apiVersion":"v2","requestResource":{"@type":"type.googleapis.com/google.cloud.functions.v2.Function","name":"projects/kottage-v2/locations/us-central1/functions/trackUserInteraction","buildConfig":{"runtime":"nodejs22","entryPoint":"trackUserInteraction","source":{"storageSource":{"bucket":"gcf-v2-sources-850162149337-us-central1","object":"trackUserInteraction/function-source.zip","generation":"1776822993819480"}},"environmentVariables":{"GOOGLE_NODE_RUN_SCRIPTS":""},"dockerRepository":"projects/kottage-v2/locations/us-central1/repositories/gcf-artifacts","sourceProvenance":{"resolvedStorageSource":{"bucket":"gcf-v2-sources-850162149337-us-central1","object":"trackUserInteraction/function-source.zip","generation":"1754619951073278"}},"dockerRegistry":"ARTIFACT_REGISTRY","sourceToken":"Cldwcm9qZWN0cy84NTAxNjIxNDkzMzcvbG9jYXRpb25zL3VzLWNlbnRyYWwxL2J1aWxkcy9kNjQ2NWVlYi00OGNkLTRmZDktYmNkZi03MTE0NGFmNjQ0MzISYHVzLWNlbnRyYWwxLWRvY2tlci5wa2cuZGV2L2tvdHRhZ2UtdjIvZ2NmLWFydGlmYWN0cy9rb3R0YWdlLS12Ml9fdXMtLWNlbnRyYWwxX190aWNrZXRzOnZlcnNpb25fMRjZz/OM3xgiO3Byb2plY3RzL2tvdHRhZ2UtdjIvbG9jYXRpb25zL3VzLWNlbnRyYWwxL2Z1bmN0aW9ucy90aWNrZXRzKgwIzdWgzwYQgKL9lQEyCG5vZGVqczIyOnYKI2djci5pby9nYWUtcnVudGltZXMvbm9kZWpzMjI6c3RhYmxlEk91cy1jZW50cmFsMS1kb2NrZXIucGtnLmRldi9zZXJ2ZXJsZXNzLXJ1bnRpbWVzL2dvb2dsZS0yMi1mdWxsL3J1bnRpbWVzL25vZGVqczIyQAE=","serviceAccount":"projects/kottage-v2/serviceAccounts/850162149337-compute@developer.gserviceaccount.com","automaticUpdatePolicy":{}},"serviceConfig":{"service":"projects/kottage-v2/locations/us-central1/services/trackuserinteraction","timeoutSeconds":60,"environmentVariables":{"FIREBASE_CONFIG":"{\"projectId\":\"kottage-v2\",\"databaseURL\":\"https://kottage-v2-default-rtdb.firebaseio.com\",\"storageBucket\":\"kottage-v2.appspot.com\",\"locationId\":\"us-central\"}","GCLOUD_PROJECT":"kottage-v2","EVENTARC_CLOUD_EVENT_SOURCE":"projects/kottage-v2/locations/us-central1/services/trackUserInteraction","FUNCTION_TARGET":"trackUserInteraction","LOG_EXECUTION_ID":"true","FUNCTION_SIGNATURE_TYPE":"http"},"ingressSettings":"ALLOW_ALL","uri":"https://trackuserinteraction-cxpwli2maq-uc.a.run.app","serviceAccountEmail":"850162149337-compute@developer.gserviceaccount.com","availableMemory":"256Mi","allTrafficOnLatestRevision":true,"revision":"trackuserinteraction-00001-gos","maxInstanceRequestConcurrency":80,"availableCpu":"1"},"state":"ACTIVE","labels":{"deployment-tool":"cli-firebase","deployment-callable":"true","firebase-functions-hash":"fa11e580218d160d1d29e6caa6741b69401f3cc4"},"environment":"GEN_2","url":"https://us-central1-kottage-v2.cloudfunctions.net/trackUserInteraction","satisfiesPzi":true},"stages":[{"name":"BUILD","message":"Reusing build","state":"COMPLETE","resource":"projects/850162149337/locations/us-central1/builds/d6465eeb-48cd-4fd9-bcdf-71144af64432"},{"name":"SERVICE","state":"NOT_STARTED"}],"sourceToken":"Cldwcm9qZWN0cy84NTAxNjIxNDkzMzcvbG9jYXRpb25zL3VzLWNlbnRyYWwxL2J1aWxkcy9kNjQ2NWVlYi00OGNkLTRmZDktYmNkZi03MTE0NGFmNjQ0MzISYHVzLWNlbnRyYWwxLWRvY2tlci5wa2cuZGV2L2tvdHRhZ2UtdjIvZ2NmLWFydGlmYWN0cy9rb3R0YWdlLS12Ml9fdXMtLWNlbnRyYWwxX190aWNrZXRzOnZlcnNpb25fMRjZz/OM3xgiO3Byb2plY3RzL2tvdHRhZ2UtdjIvbG9jYXRpb25zL3VzLWNlbnRyYWwxL2Z1bmN0aW9ucy90aWNrZXRzKgwIzdWgzwYQgKL9lQEyCG5vZGVqczIyOnYKI2djci5pby9nYWUtcnVudGltZXMvbm9kZWpzMjI6c3RhYmxlEk91cy1jZW50cmFsMS1kb2NrZXIucGtnLmRldi9zZXJ2ZXJsZXNzLXJ1bnRpbWVzL2dvb2dsZS0yMi1mdWxsL3J1bnRpbWVzL25vZGVqczIyQAE=","operationType":"UPDATE_FUNCTION","buildName":"projects/850162149337/locations/us-central1/builds/d6465eeb-48cd-4fd9-bcdf-71144af64432"},"done":false}
[debug] [2026-04-22T01:56:34.589Z] Got source token Cldwcm9qZWN0cy84NTAxNjIxNDkzMzcvbG9jYXRpb25zL3VzLWNlbnRyYWwxL2J1aWxkcy9kNjQ2NWVlYi00OGNkLTRmZDktYmNkZi03MTE0NGFmNjQ0MzISYHVzLWNlbnRyYWwxLWRvY2tlci5wa2cuZGV2L2tvdHRhZ2UtdjIvZ2NmLWFydGlmYWN0cy9rb3R0YWdlLS12Ml9fdXMtLWNlbnRyYWwxX190aWNrZXRzOnZlcnNpb25fMRjZz/OM3xgiO3Byb2plY3RzL2tvdHRhZ2UtdjIvbG9jYXRpb25zL3VzLWNlbnRyYWwxL2Z1bmN0aW9ucy90aWNrZXRzKgwIzdWgzwYQgKL9lQEyCG5vZGVqczIyOnYKI2djci5pby9nYWUtcnVudGltZXMvbm9kZWpzMjI6c3RhYmxlEk91cy1jZW50cmFsMS1kb2NrZXIucGtnLmRldi9zZXJ2ZXJsZXNzLXJ1bnRpbWVzL2dvb2dsZS0yMi1mdWxsL3J1bnRpbWVzL25vZGVqczIyQAE= for region us-central1
[debug] [2026-04-22T01:56:34.590Z] <<< [apiv2][status] GET https://cloudfunctions.googleapis.com/v2/projects/kottage-v2/locations/us-central1/operations/operation-1776822993049-65002d7545637-c881caa5-1cf9ab11 200
[debug] [2026-04-22T01:56:34.591Z] <<< [apiv2][body] GET https://cloudfunctions.googleapis.com/v2/projects/kottage-v2/locations/us-central1/operations/operation-1776822993049-65002d7545637-c881caa5-1cf9ab11 {"name":"projects/kottage-v2/locations/us-central1/operations/operation-1776822993049-65002d7545637-c881caa5-1cf9ab11","metadata":{"@type":"type.googleapis.com/google.cloud.functions.v2.OperationMetadata","createTime":"2026-04-22T01:56:33.859639060Z","target":"projects/kottage-v2/locations/us-central1/functions/setHostClaims","verb":"update","cancelRequested":false,"apiVersion":"v2","requestResource":{"@type":"type.googleapis.com/google.cloud.functions.v2.Function","name":"projects/kottage-v2/locations/us-central1/functions/setHostClaims","buildConfig":{"runtime":"nodejs22","entryPoint":"setHostClaims","source":{"storageSource":{"bucket":"gcf-v2-sources-850162149337-us-central1","object":"setHostClaims/function-source.zip","generation":"1776822993815490"}},"environmentVariables":{"GOOGLE_NODE_RUN_SCRIPTS":""},"dockerRepository":"projects/kottage-v2/locations/us-central1/repositories/gcf-artifacts","sourceProvenance":{"resolvedStorageSource":{"bucket":"gcf-v2-sources-850162149337-us-central1","object":"setHostClaims/function-source.zip","generation":"1754620011183984"}},"dockerRegistry":"ARTIFACT_REGISTRY","sourceToken":"Cldwcm9qZWN0cy84NTAxNjIxNDkzMzcvbG9jYXRpb25zL3VzLWNlbnRyYWwxL2J1aWxkcy9kNjQ2NWVlYi00OGNkLTRmZDktYmNkZi03MTE0NGFmNjQ0MzISYHVzLWNlbnRyYWwxLWRvY2tlci5wa2cuZGV2L2tvdHRhZ2UtdjIvZ2NmLWFydGlmYWN0cy9rb3R0YWdlLS12Ml9fdXMtLWNlbnRyYWwxX190aWNrZXRzOnZlcnNpb25fMRjZz/OM3xgiO3Byb2plY3RzL2tvdHRhZ2UtdjIvbG9jYXRpb25zL3VzLWNlbnRyYWwxL2Z1bmN0aW9ucy90aWNrZXRzKgwIzdWgzwYQgKL9lQEyCG5vZGVqczIyOnYKI2djci5pby9nYWUtcnVudGltZXMvbm9kZWpzMjI6c3RhYmxlEk91cy1jZW50cmFsMS1kb2NrZXIucGtnLmRldi9zZXJ2ZXJsZXNzLXJ1bnRpbWVzL2dvb2dsZS0yMi1mdWxsL3J1bnRpbWVzL25vZGVqczIyQAE=","serviceAccount":"projects/kottage-v2/serviceAccounts/850162149337-compute@developer.gserviceaccount.com","automaticUpdatePolicy":{}},"serviceConfig":{"service":"projects/kottage-v2/locations/us-central1/services/sethostclaims","timeoutSeconds":60,"environmentVariables":{"FIREBASE_CONFIG":"{\"projectId\":\"kottage-v2\",\"databaseURL\":\"https://kottage-v2-default-rtdb.firebaseio.com\",\"storageBucket\":\"kottage-v2.appspot.com\",\"locationId\":\"us-central\"}","GCLOUD_PROJECT":"kottage-v2","EVENTARC_CLOUD_EVENT_SOURCE":"projects/kottage-v2/locations/us-central1/services/setHostClaims","FUNCTION_TARGET":"setHostClaims","LOG_EXECUTION_ID":"true","FUNCTION_SIGNATURE_TYPE":"http"},"maxInstanceCount":10,"ingressSettings":"ALLOW_ALL","uri":"https://sethostclaims-cxpwli2maq-uc.a.run.app","serviceAccountEmail":"850162149337-compute@developer.gserviceaccount.com","availableMemory":"256Mi","allTrafficOnLatestRevision":true,"revision":"sethostclaims-00012-jam","maxInstanceRequestConcurrency":80,"availableCpu":"1"},"state":"ACTIVE","labels":{"deployment-tool":"cli-firebase","deployment-callable":"true","firebase-functions-hash":"fa11e580218d160d1d29e6caa6741b69401f3cc4"},"environment":"GEN_2","url":"https://us-central1-kottage-v2.cloudfunctions.net/setHostClaims","satisfiesPzi":true},"stages":[{"name":"BUILD","message":"Reusing build","state":"COMPLETE","resource":"projects/850162149337/locations/us-central1/builds/d6465eeb-48cd-4fd9-bcdf-71144af64432"},{"name":"SERVICE","state":"NOT_STARTED"}],"sourceToken":"Cldwcm9qZWN0cy84NTAxNjIxNDkzMzcvbG9jYXRpb25zL3VzLWNlbnRyYWwxL2J1aWxkcy9kNjQ2NWVlYi00OGNkLTRmZDktYmNkZi03MTE0NGFmNjQ0MzISYHVzLWNlbnRyYWwxLWRvY2tlci5wa2cuZGV2L2tvdHRhZ2UtdjIvZ2NmLWFydGlmYWN0cy9rb3R0YWdlLS12Ml9fdXMtLWNlbnRyYWwxX190aWNrZXRzOnZlcnNpb25fMRjZz/OM3xgiO3Byb2plY3RzL2tvdHRhZ2UtdjIvbG9jYXRpb25zL3VzLWNlbnRyYWwxL2Z1bmN0aW9ucy90aWNrZXRzKgwIzdWgzwYQgKL9lQEyCG5vZGVqczIyOnYKI2djci5pby9nYWUtcnVudGltZXMvbm9kZWpzMjI6c3RhYmxlEk91cy1jZW50cmFsMS1kb2NrZXIucGtnLmRldi9zZXJ2ZXJsZXNzLXJ1bnRpbWVzL2dvb2dsZS0yMi1mdWxsL3J1bnRpbWVzL25vZGVqczIyQAE=","operationType":"UPDATE_FUNCTION","buildName":"projects/850162149337/locations/us-central1/builds/d6465eeb-48cd-4fd9-bcdf-71144af64432"},"done":false}
[debug] [2026-04-22T01:56:34.591Z] Got source token Cldwcm9qZWN0cy84NTAxNjIxNDkzMzcvbG9jYXRpb25zL3VzLWNlbnRyYWwxL2J1aWxkcy9kNjQ2NWVlYi00OGNkLTRmZDktYmNkZi03MTE0NGFmNjQ0MzISYHVzLWNlbnRyYWwxLWRvY2tlci5wa2cuZGV2L2tvdHRhZ2UtdjIvZ2NmLWFydGlmYWN0cy9rb3R0YWdlLS12Ml9fdXMtLWNlbnRyYWwxX190aWNrZXRzOnZlcnNpb25fMRjZz/OM3xgiO3Byb2plY3RzL2tvdHRhZ2UtdjIvbG9jYXRpb25zL3VzLWNlbnRyYWwxL2Z1bmN0aW9ucy90aWNrZXRzKgwIzdWgzwYQgKL9lQEyCG5vZGVqczIyOnYKI2djci5pby9nYWUtcnVudGltZXMvbm9kZWpzMjI6c3RhYmxlEk91cy1jZW50cmFsMS1kb2NrZXIucGtnLmRldi9zZXJ2ZXJsZXNzLXJ1bnRpbWVzL2dvb2dsZS0yMi1mdWxsL3J1bnRpbWVzL25vZGVqczIyQAE= for region us-central1
[debug] [2026-04-22T01:56:34.594Z] <<< [apiv2][status] GET https://cloudfunctions.googleapis.com/v2/projects/kottage-v2/locations/us-central1/operations/operation-1776822993057-65002d75478c1-6bbcce2c-580a70d2 200
[debug] [2026-04-22T01:56:34.594Z] <<< [apiv2][body] GET https://cloudfunctions.googleapis.com/v2/projects/kottage-v2/locations/us-central1/operations/operation-1776822993057-65002d75478c1-6bbcce2c-580a70d2 {"name":"projects/kottage-v2/locations/us-central1/operations/operation-1776822993057-65002d75478c1-6bbcce2c-580a70d2","metadata":{"@type":"type.googleapis.com/google.cloud.functions.v2.OperationMetadata","createTime":"2026-04-22T01:56:33.853604287Z","target":"projects/kottage-v2/locations/us-central1/functions/onBookingCreated","verb":"update","cancelRequested":false,"apiVersion":"v2","requestResource":{"@type":"type.googleapis.com/google.cloud.functions.v2.Function","name":"projects/kottage-v2/locations/us-central1/functions/onBookingCreated","buildConfig":{"runtime":"nodejs22","entryPoint":"onBookingCreated","source":{"storageSource":{"bucket":"gcf-v2-sources-850162149337-us-central1","object":"onBookingCreated/function-source.zip","generation":"1776822993804841"}},"environmentVariables":{"GOOGLE_NODE_RUN_SCRIPTS":""},"dockerRepository":"projects/kottage-v2/locations/us-central1/repositories/gcf-artifacts","sourceProvenance":{"resolvedStorageSource":{"bucket":"gcf-v2-sources-850162149337-us-central1","object":"onBookingCreated/function-source.zip","generation":"1754620010959722"}},"dockerRegistry":"ARTIFACT_REGISTRY","sourceToken":"Cldwcm9qZWN0cy84NTAxNjIxNDkzMzcvbG9jYXRpb25zL3VzLWNlbnRyYWwxL2J1aWxkcy9kNjQ2NWVlYi00OGNkLTRmZDktYmNkZi03MTE0NGFmNjQ0MzISYHVzLWNlbnRyYWwxLWRvY2tlci5wa2cuZGV2L2tvdHRhZ2UtdjIvZ2NmLWFydGlmYWN0cy9rb3R0YWdlLS12Ml9fdXMtLWNlbnRyYWwxX190aWNrZXRzOnZlcnNpb25fMRjZz/OM3xgiO3Byb2plY3RzL2tvdHRhZ2UtdjIvbG9jYXRpb25zL3VzLWNlbnRyYWwxL2Z1bmN0aW9ucy90aWNrZXRzKgwIzdWgzwYQgKL9lQEyCG5vZGVqczIyOnYKI2djci5pby9nYWUtcnVudGltZXMvbm9kZWpzMjI6c3RhYmxlEk91cy1jZW50cmFsMS1kb2NrZXIucGtnLmRldi9zZXJ2ZXJsZXNzLXJ1bnRpbWVzL2dvb2dsZS0yMi1mdWxsL3J1bnRpbWVzL25vZGVqczIyQAE=","serviceAccount":"projects/kottage-v2/serviceAccounts/850162149337-compute@developer.gserviceaccount.com","automaticUpdatePolicy":{}},"serviceConfig":{"service":"projects/kottage-v2/locations/us-central1/services/onbookingcreated","timeoutSeconds":60,"environmentVariables":{"FIREBASE_CONFIG":"{\"projectId\":\"kottage-v2\",\"databaseURL\":\"https://kottage-v2-default-rtdb.firebaseio.com\",\"storageBucket\":\"kottage-v2.appspot.com\",\"locationId\":\"us-central\"}","GCLOUD_PROJECT":"kottage-v2","EVENTARC_CLOUD_EVENT_SOURCE":"projects/kottage-v2/locations/us-central1/services/onBookingCreated","FUNCTION_SIGNATURE_TYPE":"cloudevent","FUNCTION_TARGET":"onBookingCreated","LOG_EXECUTION_ID":"true"},"ingressSettings":"ALLOW_ALL","uri":"https://onbookingcreated-cxpwli2maq-uc.a.run.app","serviceAccountEmail":"850162149337-compute@developer.gserviceaccount.com","availableMemory":"256Mi","allTrafficOnLatestRevision":true,"revision":"onbookingcreated-00001-bap","maxInstanceRequestConcurrency":80,"availableCpu":"1"},"eventTrigger":{"trigger":"projects/kottage-v2/locations/us-central1/triggers/onbookingcreated-452417","triggerRegion":"us-central1","eventType":"google.firebase.database.ref.v1.written","eventFilters":[{"attribute":"ref","value":"bookings/{bookingId}","operator":"match-path-pattern"},{"attribute":"instance","value":"*","operator":"match-path-pattern"}],"pubsubTopic":"projects/kottage-v2/topics/eventarc-us-central1-onbookingcreated-452417-558","serviceAccountEmail":"850162149337-compute@developer.gserviceaccount.com","retryPolicy":"RETRY_POLICY_DO_NOT_RETRY"},"state":"ACTIVE","labels":{"deployment-tool":"cli-firebase","firebase-functions-hash":"fa11e580218d160d1d29e6caa6741b69401f3cc4"},"environment":"GEN_2","url":"https://us-central1-kottage-v2.cloudfunctions.net/onBookingCreated","satisfiesPzi":true},"stages":[{"name":"BUILD","message":"Reusing build","state":"COMPLETE","resource":"projects/850162149337/locations/us-central1/builds/d6465eeb-48cd-4fd9-bcdf-71144af64432"},{"name":"SERVICE","state":"NOT_STARTED"},{"name":"TRIGGER","state":"NOT_STARTED"}],"sourceToken":"Cldwcm9qZWN0cy84NTAxNjIxNDkzMzcvbG9jYXRpb25zL3VzLWNlbnRyYWwxL2J1aWxkcy9kNjQ2NWVlYi00OGNkLTRmZDktYmNkZi03MTE0NGFmNjQ0MzISYHVzLWNlbnRyYWwxLWRvY2tlci5wa2cuZGV2L2tvdHRhZ2UtdjIvZ2NmLWFydGlmYWN0cy9rb3R0YWdlLS12Ml9fdXMtLWNlbnRyYWwxX190aWNrZXRzOnZlcnNpb25fMRjZz/OM3xgiO3Byb2plY3RzL2tvdHRhZ2UtdjIvbG9jYXRpb25zL3VzLWNlbnRyYWwxL2Z1bmN0aW9ucy90aWNrZXRzKgwIzdWgzwYQgKL9lQEyCG5vZGVqczIyOnYKI2djci5pby9nYWUtcnVudGltZXMvbm9kZWpzMjI6c3RhYmxlEk91cy1jZW50cmFsMS1kb2NrZXIucGtnLmRldi9zZXJ2ZXJsZXNzLXJ1bnRpbWVzL2dvb2dsZS0yMi1mdWxsL3J1bnRpbWVzL25vZGVqczIyQAE=","operationType":"UPDATE_FUNCTION","buildName":"projects/850162149337/locations/us-central1/builds/d6465eeb-48cd-4fd9-bcdf-71144af64432"},"done":false}
[debug] [2026-04-22T01:56:34.595Z] Got source token Cldwcm9qZWN0cy84NTAxNjIxNDkzMzcvbG9jYXRpb25zL3VzLWNlbnRyYWwxL2J1aWxkcy9kNjQ2NWVlYi00OGNkLTRmZDktYmNkZi03MTE0NGFmNjQ0MzISYHVzLWNlbnRyYWwxLWRvY2tlci5wa2cuZGV2L2tvdHRhZ2UtdjIvZ2NmLWFydGlmYWN0cy9rb3R0YWdlLS12Ml9fdXMtLWNlbnRyYWwxX190aWNrZXRzOnZlcnNpb25fMRjZz/OM3xgiO3Byb2plY3RzL2tvdHRhZ2UtdjIvbG9jYXRpb25zL3VzLWNlbnRyYWwxL2Z1bmN0aW9ucy90aWNrZXRzKgwIzdWgzwYQgKL9lQEyCG5vZGVqczIyOnYKI2djci5pby9nYWUtcnVudGltZXMvbm9kZWpzMjI6c3RhYmxlEk91cy1jZW50cmFsMS1kb2NrZXIucGtnLmRldi9zZXJ2ZXJsZXNzLXJ1bnRpbWVzL2dvb2dsZS0yMi1mdWxsL3J1bnRpbWVzL25vZGVqczIyQAE= for region us-central1
[debug] [2026-04-22T01:56:34.596Z] <<< [apiv2][status] GET https://cloudfunctions.googleapis.com/v2/projects/kottage-v2/locations/us-central1/operations/operation-1776822993057-65002d7547879-e255cc4f-b6eca79e 200
[debug] [2026-04-22T01:56:34.596Z] <<< [apiv2][body] GET https://cloudfunctions.googleapis.com/v2/projects/kottage-v2/locations/us-central1/operations/operation-1776822993057-65002d7547879-e255cc4f-b6eca79e {"name":"projects/kottage-v2/locations/us-central1/operations/operation-1776822993057-65002d7547879-e255cc4f-b6eca79e","metadata":{"@type":"type.googleapis.com/google.cloud.functions.v2.OperationMetadata","createTime":"2026-04-22T01:56:33.851224694Z","target":"projects/kottage-v2/locations/us-central1/functions/getEmployeeById","verb":"update","cancelRequested":false,"apiVersion":"v2","requestResource":{"@type":"type.googleapis.com/google.cloud.functions.v2.Function","name":"projects/kottage-v2/locations/us-central1/functions/getEmployeeById","buildConfig":{"runtime":"nodejs22","entryPoint":"getEmployeeById","source":{"storageSource":{"bucket":"gcf-v2-sources-850162149337-us-central1","object":"getEmployeeById/function-source.zip","generation":"1776822993809838"}},"environmentVariables":{"GOOGLE_NODE_RUN_SCRIPTS":""},"dockerRepository":"projects/kottage-v2/locations/us-central1/repositories/gcf-artifacts","sourceProvenance":{"resolvedStorageSource":{"bucket":"gcf-v2-sources-850162149337-us-central1","object":"getEmployeeById/function-source.zip","generation":"1754620011367671"}},"dockerRegistry":"ARTIFACT_REGISTRY","sourceToken":"Cldwcm9qZWN0cy84NTAxNjIxNDkzMzcvbG9jYXRpb25zL3VzLWNlbnRyYWwxL2J1aWxkcy9kNjQ2NWVlYi00OGNkLTRmZDktYmNkZi03MTE0NGFmNjQ0MzISYHVzLWNlbnRyYWwxLWRvY2tlci5wa2cuZGV2L2tvdHRhZ2UtdjIvZ2NmLWFydGlmYWN0cy9rb3R0YWdlLS12Ml9fdXMtLWNlbnRyYWwxX190aWNrZXRzOnZlcnNpb25fMRjZz/OM3xgiO3Byb2plY3RzL2tvdHRhZ2UtdjIvbG9jYXRpb25zL3VzLWNlbnRyYWwxL2Z1bmN0aW9ucy90aWNrZXRzKgwIzdWgzwYQgKL9lQEyCG5vZGVqczIyOnYKI2djci5pby9nYWUtcnVudGltZXMvbm9kZWpzMjI6c3RhYmxlEk91cy1jZW50cmFsMS1kb2NrZXIucGtnLmRldi9zZXJ2ZXJsZXNzLXJ1bnRpbWVzL2dvb2dsZS0yMi1mdWxsL3J1bnRpbWVzL25vZGVqczIyQAE=","serviceAccount":"projects/kottage-v2/serviceAccounts/850162149337-compute@developer.gserviceaccount.com","automaticUpdatePolicy":{}},"serviceConfig":{"service":"projects/kottage-v2/locations/us-central1/services/getemployeebyid","timeoutSeconds":60,"environmentVariables":{"FIREBASE_CONFIG":"{\"projectId\":\"kottage-v2\",\"databaseURL\":\"https://kottage-v2-default-rtdb.firebaseio.com\",\"storageBucket\":\"kottage-v2.appspot.com\",\"locationId\":\"us-central\"}","GCLOUD_PROJECT":"kottage-v2","EVENTARC_CLOUD_EVENT_SOURCE":"projects/kottage-v2/locations/us-central1/services/getEmployeeById","FUNCTION_TARGET":"getEmployeeById","LOG_EXECUTION_ID":"true","FUNCTION_SIGNATURE_TYPE":"http"},"ingressSettings":"ALLOW_ALL","uri":"https://getemployeebyid-cxpwli2maq-uc.a.run.app","serviceAccountEmail":"850162149337-compute@developer.gserviceaccount.com","availableMemory":"256Mi","allTrafficOnLatestRevision":true,"revision":"getemployeebyid-00016-bov","maxInstanceRequestConcurrency":80,"availableCpu":"1"},"state":"ACTIVE","labels":{"deployment-tool":"cli-firebase","deployment-callable":"true","firebase-functions-hash":"fa11e580218d160d1d29e6caa6741b69401f3cc4"},"environment":"GEN_2","url":"https://us-central1-kottage-v2.cloudfunctions.net/getEmployeeById","satisfiesPzi":true},"stages":[{"name":"BUILD","message":"Reusing build","state":"COMPLETE","resource":"projects/850162149337/locations/us-central1/builds/d6465eeb-48cd-4fd9-bcdf-71144af64432"},{"name":"SERVICE","state":"NOT_STARTED"}],"sourceToken":"Cldwcm9qZWN0cy84NTAxNjIxNDkzMzcvbG9jYXRpb25zL3VzLWNlbnRyYWwxL2J1aWxkcy9kNjQ2NWVlYi00OGNkLTRmZDktYmNkZi03MTE0NGFmNjQ0MzISYHVzLWNlbnRyYWwxLWRvY2tlci5wa2cuZGV2L2tvdHRhZ2UtdjIvZ2NmLWFydGlmYWN0cy9rb3R0YWdlLS12Ml9fdXMtLWNlbnRyYWwxX190aWNrZXRzOnZlcnNpb25fMRjZz/OM3xgiO3Byb2plY3RzL2tvdHRhZ2UtdjIvbG9jYXRpb25zL3VzLWNlbnRyYWwxL2Z1bmN0aW9ucy90aWNrZXRzKgwIzdWgzwYQgKL9lQEyCG5vZGVqczIyOnYKI2djci5pby9nYWUtcnVudGltZXMvbm9kZWpzMjI6c3RhYmxlEk91cy1jZW50cmFsMS1kb2NrZXIucGtnLmRldi9zZXJ2ZXJsZXNzLXJ1bnRpbWVzL2dvb2dsZS0yMi1mdWxsL3J1bnRpbWVzL25vZGVqczIyQAE=","operationType":"UPDATE_FUNCTION","buildName":"projects/850162149337/locations/us-central1/builds/d6465eeb-48cd-4fd9-bcdf-71144af64432"},"done":false}
[debug] [2026-04-22T01:56:34.596Z] Got source token Cldwcm9qZWN0cy84NTAxNjIxNDkzMzcvbG9jYXRpb25zL3VzLWNlbnRyYWwxL2J1aWxkcy9kNjQ2NWVlYi00OGNkLTRmZDktYmNkZi03MTE0NGFmNjQ0MzISYHVzLWNlbnRyYWwxLWRvY2tlci5wa2cuZGV2L2tvdHRhZ2UtdjIvZ2NmLWFydGlmYWN0cy9rb3R0YWdlLS12Ml9fdXMtLWNlbnRyYWwxX190aWNrZXRzOnZlcnNpb25fMRjZz/OM3xgiO3Byb2plY3RzL2tvdHRhZ2UtdjIvbG9jYXRpb25zL3VzLWNlbnRyYWwxL2Z1bmN0aW9ucy90aWNrZXRzKgwIzdWgzwYQgKL9lQEyCG5vZGVqczIyOnYKI2djci5pby9nYWUtcnVudGltZXMvbm9kZWpzMjI6c3RhYmxlEk91cy1jZW50cmFsMS1kb2NrZXIucGtnLmRldi9zZXJ2ZXJsZXNzLXJ1bnRpbWVzL2dvb2dsZS0yMi1mdWxsL3J1bnRpbWVzL25vZGVqczIyQAE= for region us-central1
[debug] [2026-04-22T01:56:34.608Z] <<< [apiv2][status] GET https://cloudfunctions.googleapis.com/v2/projects/kottage-v2/locations/us-central1/operations/operation-1776822993093-65002d75502e7-709a6f82-39581ff4 200
[debug] [2026-04-22T01:56:34.609Z] <<< [apiv2][body] GET https://cloudfunctions.googleapis.com/v2/projects/kottage-v2/locations/us-central1/operations/operation-1776822993093-65002d75502e7-709a6f82-39581ff4 {"name":"projects/kottage-v2/locations/us-central1/operations/operation-1776822993093-65002d75502e7-709a6f82-39581ff4","metadata":{"@type":"type.googleapis.com/google.cloud.functions.v2.OperationMetadata","createTime":"2026-04-22T01:56:33.888680515Z","target":"projects/kottage-v2/locations/us-central1/functions/searchEmployees","verb":"update","cancelRequested":false,"apiVersion":"v2","requestResource":{"@type":"type.googleapis.com/google.cloud.functions.v2.Function","name":"projects/kottage-v2/locations/us-central1/functions/searchEmployees","buildConfig":{"runtime":"nodejs22","entryPoint":"searchEmployees","source":{"storageSource":{"bucket":"gcf-v2-sources-850162149337-us-central1","object":"searchEmployees/function-source.zip","generation":"1776822993838652"}},"environmentVariables":{"GOOGLE_NODE_RUN_SCRIPTS":""},"dockerRepository":"projects/kottage-v2/locations/us-central1/repositories/gcf-artifacts","sourceProvenance":{"resolvedStorageSource":{"bucket":"gcf-v2-sources-850162149337-us-central1","object":"searchEmployees/function-source.zip","generation":"1754620011383725"}},"dockerRegistry":"ARTIFACT_REGISTRY","sourceToken":"Cldwcm9qZWN0cy84NTAxNjIxNDkzMzcvbG9jYXRpb25zL3VzLWNlbnRyYWwxL2J1aWxkcy9kNjQ2NWVlYi00OGNkLTRmZDktYmNkZi03MTE0NGFmNjQ0MzISYHVzLWNlbnRyYWwxLWRvY2tlci5wa2cuZGV2L2tvdHRhZ2UtdjIvZ2NmLWFydGlmYWN0cy9rb3R0YWdlLS12Ml9fdXMtLWNlbnRyYWwxX190aWNrZXRzOnZlcnNpb25fMRjZz/OM3xgiO3Byb2plY3RzL2tvdHRhZ2UtdjIvbG9jYXRpb25zL3VzLWNlbnRyYWwxL2Z1bmN0aW9ucy90aWNrZXRzKgwIzdWgzwYQgKL9lQEyCG5vZGVqczIyOnYKI2djci5pby9nYWUtcnVudGltZXMvbm9kZWpzMjI6c3RhYmxlEk91cy1jZW50cmFsMS1kb2NrZXIucGtnLmRldi9zZXJ2ZXJsZXNzLXJ1bnRpbWVzL2dvb2dsZS0yMi1mdWxsL3J1bnRpbWVzL25vZGVqczIyQAE=","serviceAccount":"projects/kottage-v2/serviceAccounts/850162149337-compute@developer.gserviceaccount.com","automaticUpdatePolicy":{}},"serviceConfig":{"service":"projects/kottage-v2/locations/us-central1/services/searchemployees","timeoutSeconds":60,"environmentVariables":{"FIREBASE_CONFIG":"{\"projectId\":\"kottage-v2\",\"databaseURL\":\"https://kottage-v2-default-rtdb.firebaseio.com\",\"storageBucket\":\"kottage-v2.appspot.com\",\"locationId\":\"us-central\"}","GCLOUD_PROJECT":"kottage-v2","EVENTARC_CLOUD_EVENT_SOURCE":"projects/kottage-v2/locations/us-central1/services/searchEmployees","FUNCTION_TARGET":"searchEmployees","LOG_EXECUTION_ID":"true","FUNCTION_SIGNATURE_TYPE":"http"},"ingressSettings":"ALLOW_ALL","uri":"https://searchemployees-cxpwli2maq-uc.a.run.app","serviceAccountEmail":"850162149337-compute@developer.gserviceaccount.com","availableMemory":"256Mi","allTrafficOnLatestRevision":true,"revision":"searchemployees-00016-xaz","maxInstanceRequestConcurrency":80,"availableCpu":"1"},"state":"ACTIVE","labels":{"deployment-tool":"cli-firebase","deployment-callable":"true","firebase-functions-hash":"fa11e580218d160d1d29e6caa6741b69401f3cc4"},"environment":"GEN_2","url":"https://us-central1-kottage-v2.cloudfunctions.net/searchEmployees","satisfiesPzi":true},"stages":[{"name":"BUILD","state":"NOT_STARTED"},{"name":"SERVICE","state":"NOT_STARTED"}],"sourceToken":"Cldwcm9qZWN0cy84NTAxNjIxNDkzMzcvbG9jYXRpb25zL3VzLWNlbnRyYWwxL2J1aWxkcy9kNjQ2NWVlYi00OGNkLTRmZDktYmNkZi03MTE0NGFmNjQ0MzISYHVzLWNlbnRyYWwxLWRvY2tlci5wa2cuZGV2L2tvdHRhZ2UtdjIvZ2NmLWFydGlmYWN0cy9rb3R0YWdlLS12Ml9fdXMtLWNlbnRyYWwxX190aWNrZXRzOnZlcnNpb25fMRjZz/OM3xgiO3Byb2plY3RzL2tvdHRhZ2UtdjIvbG9jYXRpb25zL3VzLWNlbnRyYWwxL2Z1bmN0aW9ucy90aWNrZXRzKgwIzdWgzwYQgKL9lQEyCG5vZGVqczIyOnYKI2djci5pby9nYWUtcnVudGltZXMvbm9kZWpzMjI6c3RhYmxlEk91cy1jZW50cmFsMS1kb2NrZXIucGtnLmRldi9zZXJ2ZXJsZXNzLXJ1bnRpbWVzL2dvb2dsZS0yMi1mdWxsL3J1bnRpbWVzL25vZGVqczIyQAE=","operationType":"UPDATE_FUNCTION"},"done":false}
[debug] [2026-04-22T01:56:34.609Z] Got source token Cldwcm9qZWN0cy84NTAxNjIxNDkzMzcvbG9jYXRpb25zL3VzLWNlbnRyYWwxL2J1aWxkcy9kNjQ2NWVlYi00OGNkLTRmZDktYmNkZi03MTE0NGFmNjQ0MzISYHVzLWNlbnRyYWwxLWRvY2tlci5wa2cuZGV2L2tvdHRhZ2UtdjIvZ2NmLWFydGlmYWN0cy9rb3R0YWdlLS12Ml9fdXMtLWNlbnRyYWwxX190aWNrZXRzOnZlcnNpb25fMRjZz/OM3xgiO3Byb2plY3RzL2tvdHRhZ2UtdjIvbG9jYXRpb25zL3VzLWNlbnRyYWwxL2Z1bmN0aW9ucy90aWNrZXRzKgwIzdWgzwYQgKL9lQEyCG5vZGVqczIyOnYKI2djci5pby9nYWUtcnVudGltZXMvbm9kZWpzMjI6c3RhYmxlEk91cy1jZW50cmFsMS1kb2NrZXIucGtnLmRldi9zZXJ2ZXJsZXNzLXJ1bnRpbWVzL2dvb2dsZS0yMi1mdWxsL3J1bnRpbWVzL25vZGVqczIyQAE= for region us-central1
[debug] [2026-04-22T01:56:35.003Z] [update-default-us-central1-updatePropertyRating] Retrying task index 0
[debug] [2026-04-22T01:56:35.004Z] Checked if tokens are valid: true, expires at: 1776826494244
[debug] [2026-04-22T01:56:35.004Z] Checked if tokens are valid: true, expires at: 1776826494244
[debug] [2026-04-22T01:56:35.005Z] >>> [apiv2][query] GET https://cloudfunctions.googleapis.com/v2/projects/kottage-v2/locations/us-central1/operations/operation-1776822992970-65002d7532437-29d0f30f-a358d1f8 [none]
[debug] [2026-04-22T01:56:35.045Z] [update-default-us-central1-updatePopularityScores] Retrying task index 0
[debug] [2026-04-22T01:56:35.046Z] Checked if tokens are valid: true, expires at: 1776826494244
[debug] [2026-04-22T01:56:35.046Z] Checked if tokens are valid: true, expires at: 1776826494244
[debug] [2026-04-22T01:56:35.046Z] >>> [apiv2][query] GET https://cloudfunctions.googleapis.com/v2/projects/kottage-v2/locations/us-central1/operations/operation-1776822993049-65002d7545635-eb1d6eec-499ea77e [none]
[debug] [2026-04-22T01:56:35.055Z] [update-default-us-central1-getEmployees] Retrying task index 0
[debug] [2026-04-22T01:56:35.055Z] Checked if tokens are valid: true, expires at: 1776826494244
[debug] [2026-04-22T01:56:35.056Z] Checked if tokens are valid: true, expires at: 1776826494244
[debug] [2026-04-22T01:56:35.056Z] >>> [apiv2][query] GET https://cloudfunctions.googleapis.com/v2/projects/kottage-v2/locations/us-central1/operations/operation-1776822993042-65002d7543db2-deba3334-ad85e91c [none]
[debug] [2026-04-22T01:56:35.059Z] [update-default-us-central1-getEmployeeStats] Retrying task index 0
[debug] [2026-04-22T01:56:35.060Z] Checked if tokens are valid: true, expires at: 1776826494244
[debug] [2026-04-22T01:56:35.060Z] Checked if tokens are valid: true, expires at: 1776826494244
[debug] [2026-04-22T01:56:35.060Z] >>> [apiv2][query] GET https://cloudfunctions.googleapis.com/v2/projects/kottage-v2/locations/us-central1/operations/operation-1776822993048-65002d75452bb-e69a4cc0-491b197b [none]
[debug] [2026-04-22T01:56:35.062Z] [update-default-us-central1-createEmployee] Retrying task index 0
[debug] [2026-04-22T01:56:35.062Z] Checked if tokens are valid: true, expires at: 1776826494244
[debug] [2026-04-22T01:56:35.062Z] Checked if tokens are valid: true, expires at: 1776826494244
[debug] [2026-04-22T01:56:35.063Z] >>> [apiv2][query] GET https://cloudfunctions.googleapis.com/v2/projects/kottage-v2/locations/us-central1/operations/operation-1776822993048-65002d75452c7-712c74eb-64ef21c3 [none]
[debug] [2026-04-22T01:56:35.066Z] [update-default-us-central1-getPropertyAnalytics] Retrying task index 0
[debug] [2026-04-22T01:56:35.067Z] Checked if tokens are valid: true, expires at: 1776826494244
[debug] [2026-04-22T01:56:35.067Z] Checked if tokens are valid: true, expires at: 1776826494244
[debug] [2026-04-22T01:56:35.067Z] >>> [apiv2][query] GET https://cloudfunctions.googleapis.com/v2/projects/kottage-v2/locations/us-central1/operations/operation-1776822992940-65002d752acde-62e70fde-ad7adde3 [none]
[debug] [2026-04-22T01:56:35.073Z] [update-default-us-central1-setEmployeeClaims] Retrying task index 0
[debug] [2026-04-22T01:56:35.073Z] Checked if tokens are valid: true, expires at: 1776826494244
[debug] [2026-04-22T01:56:35.073Z] Checked if tokens are valid: true, expires at: 1776826494244
[debug] [2026-04-22T01:56:35.073Z] >>> [apiv2][query] GET https://cloudfunctions.googleapis.com/v2/projects/kottage-v2/locations/us-central1/operations/operation-1776822993017-65002d753d8d9-47114c5b-41fc17fe [none]
[debug] [2026-04-22T01:56:35.089Z] [update-default-us-central1-trackUserInteraction] Retrying task index 0
[debug] [2026-04-22T01:56:35.089Z] Checked if tokens are valid: true, expires at: 1776826494244
[debug] [2026-04-22T01:56:35.090Z] Checked if tokens are valid: true, expires at: 1776826494244
[debug] [2026-04-22T01:56:35.090Z] >>> [apiv2][query] GET https://cloudfunctions.googleapis.com/v2/projects/kottage-v2/locations/us-central1/operations/operation-1776822993062-65002d7548bcf-671d4a50-aa290b30 [none]
[debug] [2026-04-22T01:56:35.092Z] [update-default-us-central1-setHostClaims] Retrying task index 0
[debug] [2026-04-22T01:56:35.092Z] Checked if tokens are valid: true, expires at: 1776826494244
[debug] [2026-04-22T01:56:35.092Z] Checked if tokens are valid: true, expires at: 1776826494244
[debug] [2026-04-22T01:56:35.092Z] >>> [apiv2][query] GET https://cloudfunctions.googleapis.com/v2/projects/kottage-v2/locations/us-central1/operations/operation-1776822993049-65002d7545637-c881caa5-1cf9ab11 [none]
[debug] [2026-04-22T01:56:35.095Z] [update-default-us-central1-onBookingCreated] Retrying task index 0
[debug] [2026-04-22T01:56:35.097Z] Checked if tokens are valid: true, expires at: 1776826494244
[debug] [2026-04-22T01:56:35.098Z] Checked if tokens are valid: true, expires at: 1776826494244
[debug] [2026-04-22T01:56:35.099Z] >>> [apiv2][query] GET https://cloudfunctions.googleapis.com/v2/projects/kottage-v2/locations/us-central1/operations/operation-1776822993057-65002d75478c1-6bbcce2c-580a70d2 [none]
[debug] [2026-04-22T01:56:35.101Z] [update-default-us-central1-getEmployeeById] Retrying task index 0
[debug] [2026-04-22T01:56:35.104Z] Checked if tokens are valid: true, expires at: 1776826494244
[debug] [2026-04-22T01:56:35.105Z] Checked if tokens are valid: true, expires at: 1776826494244
[debug] [2026-04-22T01:56:35.105Z] >>> [apiv2][query] GET https://cloudfunctions.googleapis.com/v2/projects/kottage-v2/locations/us-central1/operations/operation-1776822993057-65002d7547879-e255cc4f-b6eca79e [none]
[debug] [2026-04-22T01:56:35.110Z] [update-default-us-central1-searchEmployees] Retrying task index 0
[debug] [2026-04-22T01:56:35.110Z] Checked if tokens are valid: true, expires at: 1776826494244
[debug] [2026-04-22T01:56:35.110Z] Checked if tokens are valid: true, expires at: 1776826494244
[debug] [2026-04-22T01:56:35.110Z] >>> [apiv2][query] GET https://cloudfunctions.googleapis.com/v2/projects/kottage-v2/locations/us-central1/operations/operation-1776822993093-65002d75502e7-709a6f82-39581ff4 [none]
[debug] [2026-04-22T01:56:35.237Z] <<< [apiv2][status] GET https://cloudfunctions.googleapis.com/v2/projects/kottage-v2/locations/us-central1/operations/operation-1776822993017-65002d753d8d9-47114c5b-41fc17fe 200
[debug] [2026-04-22T01:56:35.238Z] <<< [apiv2][body] GET https://cloudfunctions.googleapis.com/v2/projects/kottage-v2/locations/us-central1/operations/operation-1776822993017-65002d753d8d9-47114c5b-41fc17fe {"name":"projects/kottage-v2/locations/us-central1/operations/operation-1776822993017-65002d753d8d9-47114c5b-41fc17fe","metadata":{"@type":"type.googleapis.com/google.cloud.functions.v2.OperationMetadata","createTime":"2026-04-22T01:56:33.821078317Z","target":"projects/kottage-v2/locations/us-central1/functions/setEmployeeClaims","verb":"update","cancelRequested":false,"apiVersion":"v2","requestResource":{"@type":"type.googleapis.com/google.cloud.functions.v2.Function","name":"projects/kottage-v2/locations/us-central1/functions/setEmployeeClaims","buildConfig":{"runtime":"nodejs22","entryPoint":"setEmployeeClaims","source":{"storageSource":{"bucket":"gcf-v2-sources-850162149337-us-central1","object":"setEmployeeClaims/function-source.zip","generation":"1776822993777397"}},"environmentVariables":{"GOOGLE_NODE_RUN_SCRIPTS":""},"dockerRepository":"projects/kottage-v2/locations/us-central1/repositories/gcf-artifacts","sourceProvenance":{"resolvedStorageSource":{"bucket":"gcf-v2-sources-850162149337-us-central1","object":"setEmployeeClaims/function-source.zip","generation":"1754620011393899"}},"dockerRegistry":"ARTIFACT_REGISTRY","sourceToken":"Cldwcm9qZWN0cy84NTAxNjIxNDkzMzcvbG9jYXRpb25zL3VzLWNlbnRyYWwxL2J1aWxkcy9kNjQ2NWVlYi00OGNkLTRmZDktYmNkZi03MTE0NGFmNjQ0MzISYHVzLWNlbnRyYWwxLWRvY2tlci5wa2cuZGV2L2tvdHRhZ2UtdjIvZ2NmLWFydGlmYWN0cy9rb3R0YWdlLS12Ml9fdXMtLWNlbnRyYWwxX190aWNrZXRzOnZlcnNpb25fMRjZz/OM3xgiO3Byb2plY3RzL2tvdHRhZ2UtdjIvbG9jYXRpb25zL3VzLWNlbnRyYWwxL2Z1bmN0aW9ucy90aWNrZXRzKgwIzdWgzwYQgKL9lQEyCG5vZGVqczIyOnYKI2djci5pby9nYWUtcnVudGltZXMvbm9kZWpzMjI6c3RhYmxlEk91cy1jZW50cmFsMS1kb2NrZXIucGtnLmRldi9zZXJ2ZXJsZXNzLXJ1bnRpbWVzL2dvb2dsZS0yMi1mdWxsL3J1bnRpbWVzL25vZGVqczIyQAE=","serviceAccount":"projects/kottage-v2/serviceAccounts/850162149337-compute@developer.gserviceaccount.com","automaticUpdatePolicy":{}},"serviceConfig":{"service":"projects/kottage-v2/locations/us-central1/services/setemployeeclaims","timeoutSeconds":60,"environmentVariables":{"FIREBASE_CONFIG":"{\"projectId\":\"kottage-v2\",\"databaseURL\":\"https://kottage-v2-default-rtdb.firebaseio.com\",\"storageBucket\":\"kottage-v2.appspot.com\",\"locationId\":\"us-central\"}","GCLOUD_PROJECT":"kottage-v2","EVENTARC_CLOUD_EVENT_SOURCE":"projects/kottage-v2/locations/us-central1/services/setEmployeeClaims","FUNCTION_TARGET":"setEmployeeClaims","LOG_EXECUTION_ID":"true","FUNCTION_SIGNATURE_TYPE":"http"},"maxInstanceCount":10,"ingressSettings":"ALLOW_ALL","uri":"https://setemployeeclaims-cxpwli2maq-uc.a.run.app","serviceAccountEmail":"850162149337-compute@developer.gserviceaccount.com","availableMemory":"256Mi","allTrafficOnLatestRevision":true,"revision":"setemployeeclaims-00006-xic","maxInstanceRequestConcurrency":80,"availableCpu":"1"},"state":"ACTIVE","labels":{"deployment-tool":"cli-firebase","deployment-callable":"true","firebase-functions-hash":"fa11e580218d160d1d29e6caa6741b69401f3cc4"},"environment":"GEN_2","url":"https://us-central1-kottage-v2.cloudfunctions.net/setEmployeeClaims","satisfiesPzi":true},"stages":[{"name":"BUILD","message":"Reusing build","state":"COMPLETE","resource":"projects/850162149337/locations/us-central1/builds/d6465eeb-48cd-4fd9-bcdf-71144af64432"},{"name":"SERVICE","message":"Updating Cloud Run service","state":"IN_PROGRESS","resource":"projects/kottage-v2/locations/us-central1/services/setemployeeclaims","resourceUri":"https://console.cloud.google.com/run/detail/us-central1/setemployeeclaims?project=kottage-v2","stateMessages":[{"severity":"INFO","type":"CloudRunServiceNewRevisionTrafficInfo","message":"A new revision will be deployed serving with 100% traffic."}]}],"sourceToken":"Cldwcm9qZWN0cy84NTAxNjIxNDkzMzcvbG9jYXRpb25zL3VzLWNlbnRyYWwxL2J1aWxkcy9kNjQ2NWVlYi00OGNkLTRmZDktYmNkZi03MTE0NGFmNjQ0MzISYHVzLWNlbnRyYWwxLWRvY2tlci5wa2cuZGV2L2tvdHRhZ2UtdjIvZ2NmLWFydGlmYWN0cy9rb3R0YWdlLS12Ml9fdXMtLWNlbnRyYWwxX190aWNrZXRzOnZlcnNpb25fMRjZz/OM3xgiO3Byb2plY3RzL2tvdHRhZ2UtdjIvbG9jYXRpb25zL3VzLWNlbnRyYWwxL2Z1bmN0aW9ucy90aWNrZXRzKgwIzdWgzwYQgKL9lQEyCG5vZGVqczIyOnYKI2djci5pby9nYWUtcnVudGltZXMvbm9kZWpzMjI6c3RhYmxlEk91cy1jZW50cmFsMS1kb2NrZXIucGtnLmRldi9zZXJ2ZXJsZXNzLXJ1bnRpbWVzL2dvb2dsZS0yMi1mdWxsL3J1bnRpbWVzL25vZGVqczIyQAE=","operationType":"UPDATE_FUNCTION","buildName":"projects/850162149337/locations/us-central1/builds/d6465eeb-48cd-4fd9-bcdf-71144af64432"},"done":false}
[debug] [2026-04-22T01:56:35.238Z] Got source token Cldwcm9qZWN0cy84NTAxNjIxNDkzMzcvbG9jYXRpb25zL3VzLWNlbnRyYWwxL2J1aWxkcy9kNjQ2NWVlYi00OGNkLTRmZDktYmNkZi03MTE0NGFmNjQ0MzISYHVzLWNlbnRyYWwxLWRvY2tlci5wa2cuZGV2L2tvdHRhZ2UtdjIvZ2NmLWFydGlmYWN0cy9rb3R0YWdlLS12Ml9fdXMtLWNlbnRyYWwxX190aWNrZXRzOnZlcnNpb25fMRjZz/OM3xgiO3Byb2plY3RzL2tvdHRhZ2UtdjIvbG9jYXRpb25zL3VzLWNlbnRyYWwxL2Z1bmN0aW9ucy90aWNrZXRzKgwIzdWgzwYQgKL9lQEyCG5vZGVqczIyOnYKI2djci5pby9nYWUtcnVudGltZXMvbm9kZWpzMjI6c3RhYmxlEk91cy1jZW50cmFsMS1kb2NrZXIucGtnLmRldi9zZXJ2ZXJsZXNzLXJ1bnRpbWVzL2dvb2dsZS0yMi1mdWxsL3J1bnRpbWVzL25vZGVqczIyQAE= for region us-central1
[debug] [2026-04-22T01:56:35.255Z] <<< [apiv2][status] GET https://cloudfunctions.googleapis.com/v2/projects/kottage-v2/locations/us-central1/operations/operation-1776822992970-65002d7532437-29d0f30f-a358d1f8 200
[debug] [2026-04-22T01:56:35.256Z] <<< [apiv2][body] GET https://cloudfunctions.googleapis.com/v2/projects/kottage-v2/locations/us-central1/operations/operation-1776822992970-65002d7532437-29d0f30f-a358d1f8 {"name":"projects/kottage-v2/locations/us-central1/operations/operation-1776822992970-65002d7532437-29d0f30f-a358d1f8","metadata":{"@type":"type.googleapis.com/google.cloud.functions.v2.OperationMetadata","createTime":"2026-04-22T01:56:33.801746641Z","target":"projects/kottage-v2/locations/us-central1/functions/updatePropertyRating","verb":"update","cancelRequested":false,"apiVersion":"v2","requestResource":{"@type":"type.googleapis.com/google.cloud.functions.v2.Function","name":"projects/kottage-v2/locations/us-central1/functions/updatePropertyRating","buildConfig":{"runtime":"nodejs22","entryPoint":"updatePropertyRating","source":{"storageSource":{"bucket":"gcf-v2-sources-850162149337-us-central1","object":"updatePropertyRating/function-source.zip","generation":"1776822993755279"}},"environmentVariables":{"GOOGLE_NODE_RUN_SCRIPTS":""},"dockerRepository":"projects/kottage-v2/locations/us-central1/repositories/gcf-artifacts","sourceProvenance":{"resolvedStorageSource":{"bucket":"gcf-v2-sources-850162149337-us-central1","object":"updatePropertyRating/function-source.zip","generation":"1754620011456143"}},"dockerRegistry":"ARTIFACT_REGISTRY","sourceToken":"Cldwcm9qZWN0cy84NTAxNjIxNDkzMzcvbG9jYXRpb25zL3VzLWNlbnRyYWwxL2J1aWxkcy9kNjQ2NWVlYi00OGNkLTRmZDktYmNkZi03MTE0NGFmNjQ0MzISYHVzLWNlbnRyYWwxLWRvY2tlci5wa2cuZGV2L2tvdHRhZ2UtdjIvZ2NmLWFydGlmYWN0cy9rb3R0YWdlLS12Ml9fdXMtLWNlbnRyYWwxX190aWNrZXRzOnZlcnNpb25fMRjZz/OM3xgiO3Byb2plY3RzL2tvdHRhZ2UtdjIvbG9jYXRpb25zL3VzLWNlbnRyYWwxL2Z1bmN0aW9ucy90aWNrZXRzKgwIzdWgzwYQgKL9lQEyCG5vZGVqczIyOnYKI2djci5pby9nYWUtcnVudGltZXMvbm9kZWpzMjI6c3RhYmxlEk91cy1jZW50cmFsMS1kb2NrZXIucGtnLmRldi9zZXJ2ZXJsZXNzLXJ1bnRpbWVzL2dvb2dsZS0yMi1mdWxsL3J1bnRpbWVzL25vZGVqczIyQAE=","serviceAccount":"projects/kottage-v2/serviceAccounts/850162149337-compute@developer.gserviceaccount.com","automaticUpdatePolicy":{}},"serviceConfig":{"service":"projects/kottage-v2/locations/us-central1/services/updatepropertyrating","timeoutSeconds":60,"environmentVariables":{"FIREBASE_CONFIG":"{\"projectId\":\"kottage-v2\",\"databaseURL\":\"https://kottage-v2-default-rtdb.firebaseio.com\",\"storageBucket\":\"kottage-v2.appspot.com\",\"locationId\":\"us-central\"}","GCLOUD_PROJECT":"kottage-v2","EVENTARC_CLOUD_EVENT_SOURCE":"projects/kottage-v2/locations/us-central1/services/updatePropertyRating","FUNCTION_SIGNATURE_TYPE":"cloudevent","FUNCTION_TARGET":"updatePropertyRating","LOG_EXECUTION_ID":"true"},"maxInstanceCount":10,"ingressSettings":"ALLOW_ALL","uri":"https://updatepropertyrating-cxpwli2maq-uc.a.run.app","serviceAccountEmail":"850162149337-compute@developer.gserviceaccount.com","availableMemory":"256Mi","allTrafficOnLatestRevision":true,"revision":"updatepropertyrating-00015-fit","maxInstanceRequestConcurrency":80,"availableCpu":"1"},"eventTrigger":{"trigger":"projects/kottage-v2/locations/us-central1/triggers/updatepropertyrating-618190","triggerRegion":"us-central1","eventType":"google.firebase.database.ref.v1.written","eventFilters":[{"attribute":"ref","value":"reviews/{propertyId}/{reviewId}","operator":"match-path-pattern"},{"attribute":"instance","value":"*","operator":"match-path-pattern"}],"pubsubTopic":"projects/kottage-v2/topics/eventarc-us-central1-updatepropertyrating-618190-439","serviceAccountEmail":"850162149337-compute@developer.gserviceaccount.com","retryPolicy":"RETRY_POLICY_DO_NOT_RETRY"},"state":"ACTIVE","labels":{"deployment-tool":"cli-firebase","firebase-functions-hash":"fa11e580218d160d1d29e6caa6741b69401f3cc4"},"environment":"GEN_2","url":"https://us-central1-kottage-v2.cloudfunctions.net/updatePropertyRating","satisfiesPzi":true},"stages":[{"name":"BUILD","message":"Reusing build","state":"COMPLETE","resource":"projects/850162149337/locations/us-central1/builds/d6465eeb-48cd-4fd9-bcdf-71144af64432"},{"name":"SERVICE","message":"Updating Cloud Run service","state":"IN_PROGRESS","resource":"projects/kottage-v2/locations/us-central1/services/updatepropertyrating","resourceUri":"https://console.cloud.google.com/run/detail/us-central1/updatepropertyrating?project=kottage-v2","stateMessages":[{"severity":"INFO","type":"CloudRunServiceNewRevisionTrafficInfo","message":"A new revision will be deployed serving with 100% traffic."}]},{"name":"TRIGGER","state":"NOT_STARTED"}],"sourceToken":"Cldwcm9qZWN0cy84NTAxNjIxNDkzMzcvbG9jYXRpb25zL3VzLWNlbnRyYWwxL2J1aWxkcy9kNjQ2NWVlYi00OGNkLTRmZDktYmNkZi03MTE0NGFmNjQ0MzISYHVzLWNlbnRyYWwxLWRvY2tlci5wa2cuZGV2L2tvdHRhZ2UtdjIvZ2NmLWFydGlmYWN0cy9rb3R0YWdlLS12Ml9fdXMtLWNlbnRyYWwxX190aWNrZXRzOnZlcnNpb25fMRjZz/OM3xgiO3Byb2plY3RzL2tvdHRhZ2UtdjIvbG9jYXRpb25zL3VzLWNlbnRyYWwxL2Z1bmN0aW9ucy90aWNrZXRzKgwIzdWgzwYQgKL9lQEyCG5vZGVqczIyOnYKI2djci5pby9nYWUtcnVudGltZXMvbm9kZWpzMjI6c3RhYmxlEk91cy1jZW50cmFsMS1kb2NrZXIucGtnLmRldi9zZXJ2ZXJsZXNzLXJ1bnRpbWVzL2dvb2dsZS0yMi1mdWxsL3J1bnRpbWVzL25vZGVqczIyQAE=","operationType":"UPDATE_FUNCTION","buildName":"projects/850162149337/locations/us-central1/builds/d6465eeb-48cd-4fd9-bcdf-71144af64432"},"done":false}
[debug] [2026-04-22T01:56:35.256Z] Got source token Cldwcm9qZWN0cy84NTAxNjIxNDkzMzcvbG9jYXRpb25zL3VzLWNlbnRyYWwxL2J1aWxkcy9kNjQ2NWVlYi00OGNkLTRmZDktYmNkZi03MTE0NGFmNjQ0MzISYHVzLWNlbnRyYWwxLWRvY2tlci5wa2cuZGV2L2tvdHRhZ2UtdjIvZ2NmLWFydGlmYWN0cy9rb3R0YWdlLS12Ml9fdXMtLWNlbnRyYWwxX190aWNrZXRzOnZlcnNpb25fMRjZz/OM3xgiO3Byb2plY3RzL2tvdHRhZ2UtdjIvbG9jYXRpb25zL3VzLWNlbnRyYWwxL2Z1bmN0aW9ucy90aWNrZXRzKgwIzdWgzwYQgKL9lQEyCG5vZGVqczIyOnYKI2djci5pby9nYWUtcnVudGltZXMvbm9kZWpzMjI6c3RhYmxlEk91cy1jZW50cmFsMS1kb2NrZXIucGtnLmRldi9zZXJ2ZXJsZXNzLXJ1bnRpbWVzL2dvb2dsZS0yMi1mdWxsL3J1bnRpbWVzL25vZGVqczIyQAE= for region us-central1
[debug] [2026-04-22T01:56:35.284Z] <<< [apiv2][status] GET https://cloudfunctions.googleapis.com/v2/projects/kottage-v2/locations/us-central1/operations/operation-1776822993048-65002d75452bb-e69a4cc0-491b197b 200
[debug] [2026-04-22T01:56:35.284Z] <<< [apiv2][body] GET https://cloudfunctions.googleapis.com/v2/projects/kottage-v2/locations/us-central1/operations/operation-1776822993048-65002d75452bb-e69a4cc0-491b197b {"name":"projects/kottage-v2/locations/us-central1/operations/operation-1776822993048-65002d75452bb-e69a4cc0-491b197b","metadata":{"@type":"type.googleapis.com/google.cloud.functions.v2.OperationMetadata","createTime":"2026-04-22T01:56:33.834425971Z","target":"projects/kottage-v2/locations/us-central1/functions/getEmployeeStats","verb":"update","cancelRequested":false,"apiVersion":"v2","requestResource":{"@type":"type.googleapis.com/google.cloud.functions.v2.Function","name":"projects/kottage-v2/locations/us-central1/functions/getEmployeeStats","buildConfig":{"runtime":"nodejs22","entryPoint":"getEmployeeStats","source":{"storageSource":{"bucket":"gcf-v2-sources-850162149337-us-central1","object":"getEmployeeStats/function-source.zip","generation":"1776822993786836"}},"environmentVariables":{"GOOGLE_NODE_RUN_SCRIPTS":""},"dockerRepository":"projects/kottage-v2/locations/us-central1/repositories/gcf-artifacts","sourceProvenance":{"resolvedStorageSource":{"bucket":"gcf-v2-sources-850162149337-us-central1","object":"getEmployeeStats/function-source.zip","generation":"1754620011302274"}},"dockerRegistry":"ARTIFACT_REGISTRY","sourceToken":"Cldwcm9qZWN0cy84NTAxNjIxNDkzMzcvbG9jYXRpb25zL3VzLWNlbnRyYWwxL2J1aWxkcy9kNjQ2NWVlYi00OGNkLTRmZDktYmNkZi03MTE0NGFmNjQ0MzISYHVzLWNlbnRyYWwxLWRvY2tlci5wa2cuZGV2L2tvdHRhZ2UtdjIvZ2NmLWFydGlmYWN0cy9rb3R0YWdlLS12Ml9fdXMtLWNlbnRyYWwxX190aWNrZXRzOnZlcnNpb25fMRjZz/OM3xgiO3Byb2plY3RzL2tvdHRhZ2UtdjIvbG9jYXRpb25zL3VzLWNlbnRyYWwxL2Z1bmN0aW9ucy90aWNrZXRzKgwIzdWgzwYQgKL9lQEyCG5vZGVqczIyOnYKI2djci5pby9nYWUtcnVudGltZXMvbm9kZWpzMjI6c3RhYmxlEk91cy1jZW50cmFsMS1kb2NrZXIucGtnLmRldi9zZXJ2ZXJsZXNzLXJ1bnRpbWVzL2dvb2dsZS0yMi1mdWxsL3J1bnRpbWVzL25vZGVqczIyQAE=","serviceAccount":"projects/kottage-v2/serviceAccounts/850162149337-compute@developer.gserviceaccount.com","automaticUpdatePolicy":{}},"serviceConfig":{"service":"projects/kottage-v2/locations/us-central1/services/getemployeestats","timeoutSeconds":60,"environmentVariables":{"FIREBASE_CONFIG":"{\"projectId\":\"kottage-v2\",\"databaseURL\":\"https://kottage-v2-default-rtdb.firebaseio.com\",\"storageBucket\":\"kottage-v2.appspot.com\",\"locationId\":\"us-central\"}","GCLOUD_PROJECT":"kottage-v2","EVENTARC_CLOUD_EVENT_SOURCE":"projects/kottage-v2/locations/us-central1/services/getEmployeeStats","FUNCTION_TARGET":"getEmployeeStats","LOG_EXECUTION_ID":"true","FUNCTION_SIGNATURE_TYPE":"http"},"ingressSettings":"ALLOW_ALL","uri":"https://getemployeestats-cxpwli2maq-uc.a.run.app","serviceAccountEmail":"850162149337-compute@developer.gserviceaccount.com","availableMemory":"256Mi","allTrafficOnLatestRevision":true,"revision":"getemployeestats-00016-xox","maxInstanceRequestConcurrency":80,"availableCpu":"1"},"state":"ACTIVE","labels":{"deployment-tool":"cli-firebase","deployment-callable":"true","firebase-functions-hash":"fa11e580218d160d1d29e6caa6741b69401f3cc4"},"environment":"GEN_2","url":"https://us-central1-kottage-v2.cloudfunctions.net/getEmployeeStats","satisfiesPzi":true},"stages":[{"name":"BUILD","message":"Reusing build","state":"COMPLETE","resource":"projects/850162149337/locations/us-central1/builds/d6465eeb-48cd-4fd9-bcdf-71144af64432"},{"name":"SERVICE","message":"Updating Cloud Run service","state":"IN_PROGRESS","resource":"projects/kottage-v2/locations/us-central1/services/getemployeestats","resourceUri":"https://console.cloud.google.com/run/detail/us-central1/getemployeestats?project=kottage-v2","stateMessages":[{"severity":"INFO","type":"CloudRunServiceNewRevisionTrafficInfo","message":"A new revision will be deployed serving with 100% traffic."}]}],"sourceToken":"Cldwcm9qZWN0cy84NTAxNjIxNDkzMzcvbG9jYXRpb25zL3VzLWNlbnRyYWwxL2J1aWxkcy9kNjQ2NWVlYi00OGNkLTRmZDktYmNkZi03MTE0NGFmNjQ0MzISYHVzLWNlbnRyYWwxLWRvY2tlci5wa2cuZGV2L2tvdHRhZ2UtdjIvZ2NmLWFydGlmYWN0cy9rb3R0YWdlLS12Ml9fdXMtLWNlbnRyYWwxX190aWNrZXRzOnZlcnNpb25fMRjZz/OM3xgiO3Byb2plY3RzL2tvdHRhZ2UtdjIvbG9jYXRpb25zL3VzLWNlbnRyYWwxL2Z1bmN0aW9ucy90aWNrZXRzKgwIzdWgzwYQgKL9lQEyCG5vZGVqczIyOnYKI2djci5pby9nYWUtcnVudGltZXMvbm9kZWpzMjI6c3RhYmxlEk91cy1jZW50cmFsMS1kb2NrZXIucGtnLmRldi9zZXJ2ZXJsZXNzLXJ1bnRpbWVzL2dvb2dsZS0yMi1mdWxsL3J1bnRpbWVzL25vZGVqczIyQAE=","operationType":"UPDATE_FUNCTION","buildName":"projects/850162149337/locations/us-central1/builds/d6465eeb-48cd-4fd9-bcdf-71144af64432"},"done":false}
[debug] [2026-04-22T01:56:35.285Z] Got source token Cldwcm9qZWN0cy84NTAxNjIxNDkzMzcvbG9jYXRpb25zL3VzLWNlbnRyYWwxL2J1aWxkcy9kNjQ2NWVlYi00OGNkLTRmZDktYmNkZi03MTE0NGFmNjQ0MzISYHVzLWNlbnRyYWwxLWRvY2tlci5wa2cuZGV2L2tvdHRhZ2UtdjIvZ2NmLWFydGlmYWN0cy9rb3R0YWdlLS12Ml9fdXMtLWNlbnRyYWwxX190aWNrZXRzOnZlcnNpb25fMRjZz/OM3xgiO3Byb2plY3RzL2tvdHRhZ2UtdjIvbG9jYXRpb25zL3VzLWNlbnRyYWwxL2Z1bmN0aW9ucy90aWNrZXRzKgwIzdWgzwYQgKL9lQEyCG5vZGVqczIyOnYKI2djci5pby9nYWUtcnVudGltZXMvbm9kZWpzMjI6c3RhYmxlEk91cy1jZW50cmFsMS1kb2NrZXIucGtnLmRldi9zZXJ2ZXJsZXNzLXJ1bnRpbWVzL2dvb2dsZS0yMi1mdWxsL3J1bnRpbWVzL25vZGVqczIyQAE= for region us-central1
[debug] [2026-04-22T01:56:35.286Z] <<< [apiv2][status] GET https://cloudfunctions.googleapis.com/v2/projects/kottage-v2/locations/us-central1/operations/operation-1776822993049-65002d7545635-eb1d6eec-499ea77e 200
[debug] [2026-04-22T01:56:35.286Z] <<< [apiv2][body] GET https://cloudfunctions.googleapis.com/v2/projects/kottage-v2/locations/us-central1/operations/operation-1776822993049-65002d7545635-eb1d6eec-499ea77e {"name":"projects/kottage-v2/locations/us-central1/operations/operation-1776822993049-65002d7545635-eb1d6eec-499ea77e","metadata":{"@type":"type.googleapis.com/google.cloud.functions.v2.OperationMetadata","createTime":"2026-04-22T01:56:33.805351255Z","target":"projects/kottage-v2/locations/us-central1/functions/updatePopularityScores","verb":"update","cancelRequested":false,"apiVersion":"v2","requestResource":{"@type":"type.googleapis.com/google.cloud.functions.v2.Function","name":"projects/kottage-v2/locations/us-central1/functions/updatePopularityScores","buildConfig":{"runtime":"nodejs22","entryPoint":"updatePopularityScores","source":{"storageSource":{"bucket":"gcf-v2-sources-850162149337-us-central1","object":"updatePopularityScores/function-source.zip","generation":"1776822993754052"}},"environmentVariables":{"GOOGLE_NODE_RUN_SCRIPTS":""},"dockerRepository":"projects/kottage-v2/locations/us-central1/repositories/gcf-artifacts","sourceProvenance":{"resolvedStorageSource":{"bucket":"gcf-v2-sources-850162149337-us-central1","object":"updatePopularityScores/function-source.zip","generation":"1754620010804676"}},"dockerRegistry":"ARTIFACT_REGISTRY","sourceToken":"Cldwcm9qZWN0cy84NTAxNjIxNDkzMzcvbG9jYXRpb25zL3VzLWNlbnRyYWwxL2J1aWxkcy9kNjQ2NWVlYi00OGNkLTRmZDktYmNkZi03MTE0NGFmNjQ0MzISYHVzLWNlbnRyYWwxLWRvY2tlci5wa2cuZGV2L2tvdHRhZ2UtdjIvZ2NmLWFydGlmYWN0cy9rb3R0YWdlLS12Ml9fdXMtLWNlbnRyYWwxX190aWNrZXRzOnZlcnNpb25fMRjZz/OM3xgiO3Byb2plY3RzL2tvdHRhZ2UtdjIvbG9jYXRpb25zL3VzLWNlbnRyYWwxL2Z1bmN0aW9ucy90aWNrZXRzKgwIzdWgzwYQgKL9lQEyCG5vZGVqczIyOnYKI2djci5pby9nYWUtcnVudGltZXMvbm9kZWpzMjI6c3RhYmxlEk91cy1jZW50cmFsMS1kb2NrZXIucGtnLmRldi9zZXJ2ZXJsZXNzLXJ1bnRpbWVzL2dvb2dsZS0yMi1mdWxsL3J1bnRpbWVzL25vZGVqczIyQAE=","serviceAccount":"projects/kottage-v2/serviceAccounts/850162149337-compute@developer.gserviceaccount.com","automaticUpdatePolicy":{}},"serviceConfig":{"service":"projects/kottage-v2/locations/us-central1/services/updatepopularityscores","timeoutSeconds":60,"environmentVariables":{"FIREBASE_CONFIG":"{\"projectId\":\"kottage-v2\",\"databaseURL\":\"https://kottage-v2-default-rtdb.firebaseio.com\",\"storageBucket\":\"kottage-v2.appspot.com\",\"locationId\":\"us-central\"}","GCLOUD_PROJECT":"kottage-v2","EVENTARC_CLOUD_EVENT_SOURCE":"projects/kottage-v2/locations/us-central1/services/updatePopularityScores","FUNCTION_TARGET":"updatePopularityScores","LOG_EXECUTION_ID":"true","FUNCTION_SIGNATURE_TYPE":"http"},"ingressSettings":"ALLOW_ALL","uri":"https://updatepopularityscores-cxpwli2maq-uc.a.run.app","serviceAccountEmail":"850162149337-compute@developer.gserviceaccount.com","availableMemory":"256Mi","allTrafficOnLatestRevision":true,"revision":"updatepopularityscores-00001-yif","maxInstanceRequestConcurrency":80,"availableCpu":"1"},"state":"ACTIVE","labels":{"deployment-tool":"cli-firebase","deployment-scheduled":"true","firebase-functions-hash":"fa11e580218d160d1d29e6caa6741b69401f3cc4"},"environment":"GEN_2","url":"https://us-central1-kottage-v2.cloudfunctions.net/updatePopularityScores","satisfiesPzi":true},"stages":[{"name":"BUILD","message":"Reusing build","state":"COMPLETE","resource":"projects/850162149337/locations/us-central1/builds/d6465eeb-48cd-4fd9-bcdf-71144af64432"},{"name":"SERVICE","message":"Updating Cloud Run service","state":"IN_PROGRESS","resource":"projects/kottage-v2/locations/us-central1/services/updatepopularityscores","resourceUri":"https://console.cloud.google.com/run/detail/us-central1/updatepopularityscores?project=kottage-v2","stateMessages":[{"severity":"INFO","type":"CloudRunServiceNewRevisionTrafficInfo","message":"A new revision will be deployed serving with 100% traffic."}]}],"sourceToken":"Cldwcm9qZWN0cy84NTAxNjIxNDkzMzcvbG9jYXRpb25zL3VzLWNlbnRyYWwxL2J1aWxkcy9kNjQ2NWVlYi00OGNkLTRmZDktYmNkZi03MTE0NGFmNjQ0MzISYHVzLWNlbnRyYWwxLWRvY2tlci5wa2cuZGV2L2tvdHRhZ2UtdjIvZ2NmLWFydGlmYWN0cy9rb3R0YWdlLS12Ml9fdXMtLWNlbnRyYWwxX190aWNrZXRzOnZlcnNpb25fMRjZz/OM3xgiO3Byb2plY3RzL2tvdHRhZ2UtdjIvbG9jYXRpb25zL3VzLWNlbnRyYWwxL2Z1bmN0aW9ucy90aWNrZXRzKgwIzdWgzwYQgKL9lQEyCG5vZGVqczIyOnYKI2djci5pby9nYWUtcnVudGltZXMvbm9kZWpzMjI6c3RhYmxlEk91cy1jZW50cmFsMS1kb2NrZXIucGtnLmRldi9zZXJ2ZXJsZXNzLXJ1bnRpbWVzL2dvb2dsZS0yMi1mdWxsL3J1bnRpbWVzL25vZGVqczIyQAE=","operationType":"UPDATE_FUNCTION","buildName":"projects/850162149337/locations/us-central1/builds/d6465eeb-48cd-4fd9-bcdf-71144af64432"},"done":false}
[debug] [2026-04-22T01:56:35.286Z] Got source token Cldwcm9qZWN0cy84NTAxNjIxNDkzMzcvbG9jYXRpb25zL3VzLWNlbnRyYWwxL2J1aWxkcy9kNjQ2NWVlYi00OGNkLTRmZDktYmNkZi03MTE0NGFmNjQ0MzISYHVzLWNlbnRyYWwxLWRvY2tlci5wa2cuZGV2L2tvdHRhZ2UtdjIvZ2NmLWFydGlmYWN0cy9rb3R0YWdlLS12Ml9fdXMtLWNlbnRyYWwxX190aWNrZXRzOnZlcnNpb25fMRjZz/OM3xgiO3Byb2plY3RzL2tvdHRhZ2UtdjIvbG9jYXRpb25zL3VzLWNlbnRyYWwxL2Z1bmN0aW9ucy90aWNrZXRzKgwIzdWgzwYQgKL9lQEyCG5vZGVqczIyOnYKI2djci5pby9nYWUtcnVudGltZXMvbm9kZWpzMjI6c3RhYmxlEk91cy1jZW50cmFsMS1kb2NrZXIucGtnLmRldi9zZXJ2ZXJsZXNzLXJ1bnRpbWVzL2dvb2dsZS0yMi1mdWxsL3J1bnRpbWVzL25vZGVqczIyQAE= for region us-central1
[debug] [2026-04-22T01:56:35.289Z] <<< [apiv2][status] GET https://cloudfunctions.googleapis.com/v2/projects/kottage-v2/locations/us-central1/operations/operation-1776822993042-65002d7543db2-deba3334-ad85e91c 200
[debug] [2026-04-22T01:56:35.289Z] <<< [apiv2][body] GET https://cloudfunctions.googleapis.com/v2/projects/kottage-v2/locations/us-central1/operations/operation-1776822993042-65002d7543db2-deba3334-ad85e91c {"name":"projects/kottage-v2/locations/us-central1/operations/operation-1776822993042-65002d7543db2-deba3334-ad85e91c","metadata":{"@type":"type.googleapis.com/google.cloud.functions.v2.OperationMetadata","createTime":"2026-04-22T01:56:33.805214706Z","target":"projects/kottage-v2/locations/us-central1/functions/getEmployees","verb":"update","cancelRequested":false,"apiVersion":"v2","requestResource":{"@type":"type.googleapis.com/google.cloud.functions.v2.Function","name":"projects/kottage-v2/locations/us-central1/functions/getEmployees","buildConfig":{"runtime":"nodejs22","entryPoint":"getEmployees","source":{"storageSource":{"bucket":"gcf-v2-sources-850162149337-us-central1","object":"getEmployees/function-source.zip","generation":"1776822993752759"}},"environmentVariables":{"GOOGLE_NODE_RUN_SCRIPTS":""},"dockerRepository":"projects/kottage-v2/locations/us-central1/repositories/gcf-artifacts","sourceProvenance":{"resolvedStorageSource":{"bucket":"gcf-v2-sources-850162149337-us-central1","object":"getEmployees/function-source.zip","generation":"1754620011408213"}},"dockerRegistry":"ARTIFACT_REGISTRY","sourceToken":"Cldwcm9qZWN0cy84NTAxNjIxNDkzMzcvbG9jYXRpb25zL3VzLWNlbnRyYWwxL2J1aWxkcy9kNjQ2NWVlYi00OGNkLTRmZDktYmNkZi03MTE0NGFmNjQ0MzISYHVzLWNlbnRyYWwxLWRvY2tlci5wa2cuZGV2L2tvdHRhZ2UtdjIvZ2NmLWFydGlmYWN0cy9rb3R0YWdlLS12Ml9fdXMtLWNlbnRyYWwxX190aWNrZXRzOnZlcnNpb25fMRjZz/OM3xgiO3Byb2plY3RzL2tvdHRhZ2UtdjIvbG9jYXRpb25zL3VzLWNlbnRyYWwxL2Z1bmN0aW9ucy90aWNrZXRzKgwIzdWgzwYQgKL9lQEyCG5vZGVqczIyOnYKI2djci5pby9nYWUtcnVudGltZXMvbm9kZWpzMjI6c3RhYmxlEk91cy1jZW50cmFsMS1kb2NrZXIucGtnLmRldi9zZXJ2ZXJsZXNzLXJ1bnRpbWVzL2dvb2dsZS0yMi1mdWxsL3J1bnRpbWVzL25vZGVqczIyQAE=","serviceAccount":"projects/kottage-v2/serviceAccounts/850162149337-compute@developer.gserviceaccount.com","automaticUpdatePolicy":{}},"serviceConfig":{"service":"projects/kottage-v2/locations/us-central1/services/getemployees","timeoutSeconds":60,"environmentVariables":{"FIREBASE_CONFIG":"{\"projectId\":\"kottage-v2\",\"databaseURL\":\"https://kottage-v2-default-rtdb.firebaseio.com\",\"storageBucket\":\"kottage-v2.appspot.com\",\"locationId\":\"us-central\"}","GCLOUD_PROJECT":"kottage-v2","EVENTARC_CLOUD_EVENT_SOURCE":"projects/kottage-v2/locations/us-central1/services/getEmployees","FUNCTION_TARGET":"getEmployees","LOG_EXECUTION_ID":"true","FUNCTION_SIGNATURE_TYPE":"http"},"ingressSettings":"ALLOW_ALL","uri":"https://getemployees-cxpwli2maq-uc.a.run.app","serviceAccountEmail":"850162149337-compute@developer.gserviceaccount.com","availableMemory":"256Mi","allTrafficOnLatestRevision":true,"revision":"getemployees-00024-zey","maxInstanceRequestConcurrency":80,"availableCpu":"1"},"state":"ACTIVE","labels":{"deployment-tool":"cli-firebase","deployment-callable":"true","firebase-functions-hash":"fa11e580218d160d1d29e6caa6741b69401f3cc4"},"environment":"GEN_2","url":"https://us-central1-kottage-v2.cloudfunctions.net/getEmployees","satisfiesPzi":true},"stages":[{"name":"BUILD","message":"Reusing build","state":"COMPLETE","resource":"projects/850162149337/locations/us-central1/builds/d6465eeb-48cd-4fd9-bcdf-71144af64432"},{"name":"SERVICE","message":"Updating Cloud Run service","state":"IN_PROGRESS","resource":"projects/kottage-v2/locations/us-central1/services/getemployees","resourceUri":"https://console.cloud.google.com/run/detail/us-central1/getemployees?project=kottage-v2","stateMessages":[{"severity":"INFO","type":"CloudRunServiceNewRevisionTrafficInfo","message":"A new revision will be deployed serving with 100% traffic."}]}],"sourceToken":"Cldwcm9qZWN0cy84NTAxNjIxNDkzMzcvbG9jYXRpb25zL3VzLWNlbnRyYWwxL2J1aWxkcy9kNjQ2NWVlYi00OGNkLTRmZDktYmNkZi03MTE0NGFmNjQ0MzISYHVzLWNlbnRyYWwxLWRvY2tlci5wa2cuZGV2L2tvdHRhZ2UtdjIvZ2NmLWFydGlmYWN0cy9rb3R0YWdlLS12Ml9fdXMtLWNlbnRyYWwxX190aWNrZXRzOnZlcnNpb25fMRjZz/OM3xgiO3Byb2plY3RzL2tvdHRhZ2UtdjIvbG9jYXRpb25zL3VzLWNlbnRyYWwxL2Z1bmN0aW9ucy90aWNrZXRzKgwIzdWgzwYQgKL9lQEyCG5vZGVqczIyOnYKI2djci5pby9nYWUtcnVudGltZXMvbm9kZWpzMjI6c3RhYmxlEk91cy1jZW50cmFsMS1kb2NrZXIucGtnLmRldi9zZXJ2ZXJsZXNzLXJ1bnRpbWVzL2dvb2dsZS0yMi1mdWxsL3J1bnRpbWVzL25vZGVqczIyQAE=","operationType":"UPDATE_FUNCTION","buildName":"projects/850162149337/locations/us-central1/builds/d6465eeb-48cd-4fd9-bcdf-71144af64432"},"done":false}
[debug] [2026-04-22T01:56:35.289Z] Got source token Cldwcm9qZWN0cy84NTAxNjIxNDkzMzcvbG9jYXRpb25zL3VzLWNlbnRyYWwxL2J1aWxkcy9kNjQ2NWVlYi00OGNkLTRmZDktYmNkZi03MTE0NGFmNjQ0MzISYHVzLWNlbnRyYWwxLWRvY2tlci5wa2cuZGV2L2tvdHRhZ2UtdjIvZ2NmLWFydGlmYWN0cy9rb3R0YWdlLS12Ml9fdXMtLWNlbnRyYWwxX190aWNrZXRzOnZlcnNpb25fMRjZz/OM3xgiO3Byb2plY3RzL2tvdHRhZ2UtdjIvbG9jYXRpb25zL3VzLWNlbnRyYWwxL2Z1bmN0aW9ucy90aWNrZXRzKgwIzdWgzwYQgKL9lQEyCG5vZGVqczIyOnYKI2djci5pby9nYWUtcnVudGltZXMvbm9kZWpzMjI6c3RhYmxlEk91cy1jZW50cmFsMS1kb2NrZXIucGtnLmRldi9zZXJ2ZXJsZXNzLXJ1bnRpbWVzL2dvb2dsZS0yMi1mdWxsL3J1bnRpbWVzL25vZGVqczIyQAE= for region us-central1
[debug] [2026-04-22T01:56:35.301Z] <<< [apiv2][status] GET https://cloudfunctions.googleapis.com/v2/projects/kottage-v2/locations/us-central1/operations/operation-1776822993048-65002d75452c7-712c74eb-64ef21c3 200
[debug] [2026-04-22T01:56:35.301Z] <<< [apiv2][body] GET https://cloudfunctions.googleapis.com/v2/projects/kottage-v2/locations/us-central1/operations/operation-1776822993048-65002d75452c7-712c74eb-64ef21c3 {"name":"projects/kottage-v2/locations/us-central1/operations/operation-1776822993048-65002d75452c7-712c74eb-64ef21c3","metadata":{"@type":"type.googleapis.com/google.cloud.functions.v2.OperationMetadata","createTime":"2026-04-22T01:56:33.808348017Z","target":"projects/kottage-v2/locations/us-central1/functions/createEmployee","verb":"update","cancelRequested":false,"apiVersion":"v2","requestResource":{"@type":"type.googleapis.com/google.cloud.functions.v2.Function","name":"projects/kottage-v2/locations/us-central1/functions/createEmployee","buildConfig":{"runtime":"nodejs22","entryPoint":"createEmployee","source":{"storageSource":{"bucket":"gcf-v2-sources-850162149337-us-central1","object":"createEmployee/function-source.zip","generation":"1776822993763739"}},"environmentVariables":{"GOOGLE_NODE_RUN_SCRIPTS":""},"dockerRepository":"projects/kottage-v2/locations/us-central1/repositories/gcf-artifacts","sourceProvenance":{"resolvedStorageSource":{"bucket":"gcf-v2-sources-850162149337-us-central1","object":"createEmployee/function-source.zip","generation":"1754620011424395"}},"dockerRegistry":"ARTIFACT_REGISTRY","sourceToken":"Cldwcm9qZWN0cy84NTAxNjIxNDkzMzcvbG9jYXRpb25zL3VzLWNlbnRyYWwxL2J1aWxkcy9kNjQ2NWVlYi00OGNkLTRmZDktYmNkZi03MTE0NGFmNjQ0MzISYHVzLWNlbnRyYWwxLWRvY2tlci5wa2cuZGV2L2tvdHRhZ2UtdjIvZ2NmLWFydGlmYWN0cy9rb3R0YWdlLS12Ml9fdXMtLWNlbnRyYWwxX190aWNrZXRzOnZlcnNpb25fMRjZz/OM3xgiO3Byb2plY3RzL2tvdHRhZ2UtdjIvbG9jYXRpb25zL3VzLWNlbnRyYWwxL2Z1bmN0aW9ucy90aWNrZXRzKgwIzdWgzwYQgKL9lQEyCG5vZGVqczIyOnYKI2djci5pby9nYWUtcnVudGltZXMvbm9kZWpzMjI6c3RhYmxlEk91cy1jZW50cmFsMS1kb2NrZXIucGtnLmRldi9zZXJ2ZXJsZXNzLXJ1bnRpbWVzL2dvb2dsZS0yMi1mdWxsL3J1bnRpbWVzL25vZGVqczIyQAE=","serviceAccount":"projects/kottage-v2/serviceAccounts/850162149337-compute@developer.gserviceaccount.com","automaticUpdatePolicy":{}},"serviceConfig":{"service":"projects/kottage-v2/locations/us-central1/services/createemployee","timeoutSeconds":60,"environmentVariables":{"FIREBASE_CONFIG":"{\"projectId\":\"kottage-v2\",\"databaseURL\":\"https://kottage-v2-default-rtdb.firebaseio.com\",\"storageBucket\":\"kottage-v2.appspot.com\",\"locationId\":\"us-central\"}","GCLOUD_PROJECT":"kottage-v2","EVENTARC_CLOUD_EVENT_SOURCE":"projects/kottage-v2/locations/us-central1/services/createEmployee","FUNCTION_TARGET":"createEmployee","LOG_EXECUTION_ID":"true","FUNCTION_SIGNATURE_TYPE":"http"},"ingressSettings":"ALLOW_ALL","uri":"https://createemployee-cxpwli2maq-uc.a.run.app","serviceAccountEmail":"850162149337-compute@developer.gserviceaccount.com","availableMemory":"256Mi","allTrafficOnLatestRevision":true,"revision":"createemployee-00021-baw","maxInstanceRequestConcurrency":80,"availableCpu":"1"},"state":"ACTIVE","labels":{"deployment-tool":"cli-firebase","deployment-callable":"true","firebase-functions-hash":"fa11e580218d160d1d29e6caa6741b69401f3cc4"},"environment":"GEN_2","url":"https://us-central1-kottage-v2.cloudfunctions.net/createEmployee","satisfiesPzi":true},"stages":[{"name":"BUILD","message":"Reusing build","state":"COMPLETE","resource":"projects/850162149337/locations/us-central1/builds/d6465eeb-48cd-4fd9-bcdf-71144af64432"},{"name":"SERVICE","message":"Updating Cloud Run service","state":"IN_PROGRESS","resource":"projects/kottage-v2/locations/us-central1/services/createemployee","resourceUri":"https://console.cloud.google.com/run/detail/us-central1/createemployee?project=kottage-v2","stateMessages":[{"severity":"INFO","type":"CloudRunServiceNewRevisionTrafficInfo","message":"A new revision will be deployed serving with 100% traffic."}]}],"sourceToken":"Cldwcm9qZWN0cy84NTAxNjIxNDkzMzcvbG9jYXRpb25zL3VzLWNlbnRyYWwxL2J1aWxkcy9kNjQ2NWVlYi00OGNkLTRmZDktYmNkZi03MTE0NGFmNjQ0MzISYHVzLWNlbnRyYWwxLWRvY2tlci5wa2cuZGV2L2tvdHRhZ2UtdjIvZ2NmLWFydGlmYWN0cy9rb3R0YWdlLS12Ml9fdXMtLWNlbnRyYWwxX190aWNrZXRzOnZlcnNpb25fMRjZz/OM3xgiO3Byb2plY3RzL2tvdHRhZ2UtdjIvbG9jYXRpb25zL3VzLWNlbnRyYWwxL2Z1bmN0aW9ucy90aWNrZXRzKgwIzdWgzwYQgKL9lQEyCG5vZGVqczIyOnYKI2djci5pby9nYWUtcnVudGltZXMvbm9kZWpzMjI6c3RhYmxlEk91cy1jZW50cmFsMS1kb2NrZXIucGtnLmRldi9zZXJ2ZXJsZXNzLXJ1bnRpbWVzL2dvb2dsZS0yMi1mdWxsL3J1bnRpbWVzL25vZGVqczIyQAE=","operationType":"UPDATE_FUNCTION","buildName":"projects/850162149337/locations/us-central1/builds/d6465eeb-48cd-4fd9-bcdf-71144af64432"},"done":false}
[debug] [2026-04-22T01:56:35.301Z] Got source token Cldwcm9qZWN0cy84NTAxNjIxNDkzMzcvbG9jYXRpb25zL3VzLWNlbnRyYWwxL2J1aWxkcy9kNjQ2NWVlYi00OGNkLTRmZDktYmNkZi03MTE0NGFmNjQ0MzISYHVzLWNlbnRyYWwxLWRvY2tlci5wa2cuZGV2L2tvdHRhZ2UtdjIvZ2NmLWFydGlmYWN0cy9rb3R0YWdlLS12Ml9fdXMtLWNlbnRyYWwxX190aWNrZXRzOnZlcnNpb25fMRjZz/OM3xgiO3Byb2plY3RzL2tvdHRhZ2UtdjIvbG9jYXRpb25zL3VzLWNlbnRyYWwxL2Z1bmN0aW9ucy90aWNrZXRzKgwIzdWgzwYQgKL9lQEyCG5vZGVqczIyOnYKI2djci5pby9nYWUtcnVudGltZXMvbm9kZWpzMjI6c3RhYmxlEk91cy1jZW50cmFsMS1kb2NrZXIucGtnLmRldi9zZXJ2ZXJsZXNzLXJ1bnRpbWVzL2dvb2dsZS0yMi1mdWxsL3J1bnRpbWVzL25vZGVqczIyQAE= for region us-central1
[debug] [2026-04-22T01:56:35.310Z] <<< [apiv2][status] GET https://cloudfunctions.googleapis.com/v2/projects/kottage-v2/locations/us-central1/operations/operation-1776822992940-65002d752acde-62e70fde-ad7adde3 200
[debug] [2026-04-22T01:56:35.310Z] <<< [apiv2][body] GET https://cloudfunctions.googleapis.com/v2/projects/kottage-v2/locations/us-central1/operations/operation-1776822992940-65002d752acde-62e70fde-ad7adde3 {"name":"projects/kottage-v2/locations/us-central1/operations/operation-1776822992940-65002d752acde-62e70fde-ad7adde3","metadata":{"@type":"type.googleapis.com/google.cloud.functions.v2.OperationMetadata","createTime":"2026-04-22T01:56:33.826376321Z","target":"projects/kottage-v2/locations/us-central1/functions/getPropertyAnalytics","verb":"update","cancelRequested":false,"apiVersion":"v2","requestResource":{"@type":"type.googleapis.com/google.cloud.functions.v2.Function","name":"projects/kottage-v2/locations/us-central1/functions/getPropertyAnalytics","buildConfig":{"runtime":"nodejs22","entryPoint":"getPropertyAnalytics","source":{"storageSource":{"bucket":"gcf-v2-sources-850162149337-us-central1","object":"getPropertyAnalytics/function-source.zip","generation":"1776822993777522"}},"environmentVariables":{"GOOGLE_NODE_RUN_SCRIPTS":""},"dockerRepository":"projects/kottage-v2/locations/us-central1/repositories/gcf-artifacts","sourceProvenance":{"resolvedStorageSource":{"bucket":"gcf-v2-sources-850162149337-us-central1","object":"getPropertyAnalytics/function-source.zip","generation":"1754620010962634"}},"dockerRegistry":"ARTIFACT_REGISTRY","sourceToken":"Cldwcm9qZWN0cy84NTAxNjIxNDkzMzcvbG9jYXRpb25zL3VzLWNlbnRyYWwxL2J1aWxkcy9kNjQ2NWVlYi00OGNkLTRmZDktYmNkZi03MTE0NGFmNjQ0MzISYHVzLWNlbnRyYWwxLWRvY2tlci5wa2cuZGV2L2tvdHRhZ2UtdjIvZ2NmLWFydGlmYWN0cy9rb3R0YWdlLS12Ml9fdXMtLWNlbnRyYWwxX190aWNrZXRzOnZlcnNpb25fMRjZz/OM3xgiO3Byb2plY3RzL2tvdHRhZ2UtdjIvbG9jYXRpb25zL3VzLWNlbnRyYWwxL2Z1bmN0aW9ucy90aWNrZXRzKgwIzdWgzwYQgKL9lQEyCG5vZGVqczIyOnYKI2djci5pby9nYWUtcnVudGltZXMvbm9kZWpzMjI6c3RhYmxlEk91cy1jZW50cmFsMS1kb2NrZXIucGtnLmRldi9zZXJ2ZXJsZXNzLXJ1bnRpbWVzL2dvb2dsZS0yMi1mdWxsL3J1bnRpbWVzL25vZGVqczIyQAE=","serviceAccount":"projects/kottage-v2/serviceAccounts/850162149337-compute@developer.gserviceaccount.com","automaticUpdatePolicy":{}},"serviceConfig":{"service":"projects/kottage-v2/locations/us-central1/services/getpropertyanalytics","timeoutSeconds":60,"environmentVariables":{"FIREBASE_CONFIG":"{\"projectId\":\"kottage-v2\",\"databaseURL\":\"https://kottage-v2-default-rtdb.firebaseio.com\",\"storageBucket\":\"kottage-v2.appspot.com\",\"locationId\":\"us-central\"}","GCLOUD_PROJECT":"kottage-v2","EVENTARC_CLOUD_EVENT_SOURCE":"projects/kottage-v2/locations/us-central1/services/getPropertyAnalytics","FUNCTION_TARGET":"getPropertyAnalytics","LOG_EXECUTION_ID":"true","FUNCTION_SIGNATURE_TYPE":"http"},"ingressSettings":"ALLOW_ALL","uri":"https://getpropertyanalytics-cxpwli2maq-uc.a.run.app","serviceAccountEmail":"850162149337-compute@developer.gserviceaccount.com","availableMemory":"256Mi","allTrafficOnLatestRevision":true,"revision":"getpropertyanalytics-00001-fol","maxInstanceRequestConcurrency":80,"availableCpu":"1"},"state":"ACTIVE","labels":{"deployment-tool":"cli-firebase","deployment-callable":"true","firebase-functions-hash":"fa11e580218d160d1d29e6caa6741b69401f3cc4"},"environment":"GEN_2","url":"https://us-central1-kottage-v2.cloudfunctions.net/getPropertyAnalytics","satisfiesPzi":true},"stages":[{"name":"BUILD","message":"Reusing build","state":"COMPLETE","resource":"projects/850162149337/locations/us-central1/builds/d6465eeb-48cd-4fd9-bcdf-71144af64432"},{"name":"SERVICE","message":"Updating Cloud Run service","state":"IN_PROGRESS","resource":"projects/kottage-v2/locations/us-central1/services/getpropertyanalytics","resourceUri":"https://console.cloud.google.com/run/detail/us-central1/getpropertyanalytics?project=kottage-v2","stateMessages":[{"severity":"INFO","type":"CloudRunServiceNewRevisionTrafficInfo","message":"A new revision will be deployed serving with 100% traffic."}]}],"sourceToken":"Cldwcm9qZWN0cy84NTAxNjIxNDkzMzcvbG9jYXRpb25zL3VzLWNlbnRyYWwxL2J1aWxkcy9kNjQ2NWVlYi00OGNkLTRmZDktYmNkZi03MTE0NGFmNjQ0MzISYHVzLWNlbnRyYWwxLWRvY2tlci5wa2cuZGV2L2tvdHRhZ2UtdjIvZ2NmLWFydGlmYWN0cy9rb3R0YWdlLS12Ml9fdXMtLWNlbnRyYWwxX190aWNrZXRzOnZlcnNpb25fMRjZz/OM3xgiO3Byb2plY3RzL2tvdHRhZ2UtdjIvbG9jYXRpb25zL3VzLWNlbnRyYWwxL2Z1bmN0aW9ucy90aWNrZXRzKgwIzdWgzwYQgKL9lQEyCG5vZGVqczIyOnYKI2djci5pby9nYWUtcnVudGltZXMvbm9kZWpzMjI6c3RhYmxlEk91cy1jZW50cmFsMS1kb2NrZXIucGtnLmRldi9zZXJ2ZXJsZXNzLXJ1bnRpbWVzL2dvb2dsZS0yMi1mdWxsL3J1bnRpbWVzL25vZGVqczIyQAE=","operationType":"UPDATE_FUNCTION","buildName":"projects/850162149337/locations/us-central1/builds/d6465eeb-48cd-4fd9-bcdf-71144af64432"},"done":false}
[debug] [2026-04-22T01:56:35.310Z] Got source token Cldwcm9qZWN0cy84NTAxNjIxNDkzMzcvbG9jYXRpb25zL3VzLWNlbnRyYWwxL2J1aWxkcy9kNjQ2NWVlYi00OGNkLTRmZDktYmNkZi03MTE0NGFmNjQ0MzISYHVzLWNlbnRyYWwxLWRvY2tlci5wa2cuZGV2L2tvdHRhZ2UtdjIvZ2NmLWFydGlmYWN0cy9rb3R0YWdlLS12Ml9fdXMtLWNlbnRyYWwxX190aWNrZXRzOnZlcnNpb25fMRjZz/OM3xgiO3Byb2plY3RzL2tvdHRhZ2UtdjIvbG9jYXRpb25zL3VzLWNlbnRyYWwxL2Z1bmN0aW9ucy90aWNrZXRzKgwIzdWgzwYQgKL9lQEyCG5vZGVqczIyOnYKI2djci5pby9nYWUtcnVudGltZXMvbm9kZWpzMjI6c3RhYmxlEk91cy1jZW50cmFsMS1kb2NrZXIucGtnLmRldi9zZXJ2ZXJsZXNzLXJ1bnRpbWVzL2dvb2dsZS0yMi1mdWxsL3J1bnRpbWVzL25vZGVqczIyQAE= for region us-central1
[debug] [2026-04-22T01:56:35.343Z] <<< [apiv2][status] GET https://cloudfunctions.googleapis.com/v2/projects/kottage-v2/locations/us-central1/operations/operation-1776822993057-65002d75478c1-6bbcce2c-580a70d2 200
[debug] [2026-04-22T01:56:35.344Z] <<< [apiv2][body] GET https://cloudfunctions.googleapis.com/v2/projects/kottage-v2/locations/us-central1/operations/operation-1776822993057-65002d75478c1-6bbcce2c-580a70d2 {"name":"projects/kottage-v2/locations/us-central1/operations/operation-1776822993057-65002d75478c1-6bbcce2c-580a70d2","metadata":{"@type":"type.googleapis.com/google.cloud.functions.v2.OperationMetadata","createTime":"2026-04-22T01:56:33.853604287Z","target":"projects/kottage-v2/locations/us-central1/functions/onBookingCreated","verb":"update","cancelRequested":false,"apiVersion":"v2","requestResource":{"@type":"type.googleapis.com/google.cloud.functions.v2.Function","name":"projects/kottage-v2/locations/us-central1/functions/onBookingCreated","buildConfig":{"runtime":"nodejs22","entryPoint":"onBookingCreated","source":{"storageSource":{"bucket":"gcf-v2-sources-850162149337-us-central1","object":"onBookingCreated/function-source.zip","generation":"1776822993804841"}},"environmentVariables":{"GOOGLE_NODE_RUN_SCRIPTS":""},"dockerRepository":"projects/kottage-v2/locations/us-central1/repositories/gcf-artifacts","sourceProvenance":{"resolvedStorageSource":{"bucket":"gcf-v2-sources-850162149337-us-central1","object":"onBookingCreated/function-source.zip","generation":"1754620010959722"}},"dockerRegistry":"ARTIFACT_REGISTRY","sourceToken":"Cldwcm9qZWN0cy84NTAxNjIxNDkzMzcvbG9jYXRpb25zL3VzLWNlbnRyYWwxL2J1aWxkcy9kNjQ2NWVlYi00OGNkLTRmZDktYmNkZi03MTE0NGFmNjQ0MzISYHVzLWNlbnRyYWwxLWRvY2tlci5wa2cuZGV2L2tvdHRhZ2UtdjIvZ2NmLWFydGlmYWN0cy9rb3R0YWdlLS12Ml9fdXMtLWNlbnRyYWwxX190aWNrZXRzOnZlcnNpb25fMRjZz/OM3xgiO3Byb2plY3RzL2tvdHRhZ2UtdjIvbG9jYXRpb25zL3VzLWNlbnRyYWwxL2Z1bmN0aW9ucy90aWNrZXRzKgwIzdWgzwYQgKL9lQEyCG5vZGVqczIyOnYKI2djci5pby9nYWUtcnVudGltZXMvbm9kZWpzMjI6c3RhYmxlEk91cy1jZW50cmFsMS1kb2NrZXIucGtnLmRldi9zZXJ2ZXJsZXNzLXJ1bnRpbWVzL2dvb2dsZS0yMi1mdWxsL3J1bnRpbWVzL25vZGVqczIyQAE=","serviceAccount":"projects/kottage-v2/serviceAccounts/850162149337-compute@developer.gserviceaccount.com","automaticUpdatePolicy":{}},"serviceConfig":{"service":"projects/kottage-v2/locations/us-central1/services/onbookingcreated","timeoutSeconds":60,"environmentVariables":{"FIREBASE_CONFIG":"{\"projectId\":\"kottage-v2\",\"databaseURL\":\"https://kottage-v2-default-rtdb.firebaseio.com\",\"storageBucket\":\"kottage-v2.appspot.com\",\"locationId\":\"us-central\"}","GCLOUD_PROJECT":"kottage-v2","EVENTARC_CLOUD_EVENT_SOURCE":"projects/kottage-v2/locations/us-central1/services/onBookingCreated","FUNCTION_SIGNATURE_TYPE":"cloudevent","FUNCTION_TARGET":"onBookingCreated","LOG_EXECUTION_ID":"true"},"ingressSettings":"ALLOW_ALL","uri":"https://onbookingcreated-cxpwli2maq-uc.a.run.app","serviceAccountEmail":"850162149337-compute@developer.gserviceaccount.com","availableMemory":"256Mi","allTrafficOnLatestRevision":true,"revision":"onbookingcreated-00001-bap","maxInstanceRequestConcurrency":80,"availableCpu":"1"},"eventTrigger":{"trigger":"projects/kottage-v2/locations/us-central1/triggers/onbookingcreated-452417","triggerRegion":"us-central1","eventType":"google.firebase.database.ref.v1.written","eventFilters":[{"attribute":"ref","value":"bookings/{bookingId}","operator":"match-path-pattern"},{"attribute":"instance","value":"*","operator":"match-path-pattern"}],"pubsubTopic":"projects/kottage-v2/topics/eventarc-us-central1-onbookingcreated-452417-558","serviceAccountEmail":"850162149337-compute@developer.gserviceaccount.com","retryPolicy":"RETRY_POLICY_DO_NOT_RETRY"},"state":"ACTIVE","labels":{"deployment-tool":"cli-firebase","firebase-functions-hash":"fa11e580218d160d1d29e6caa6741b69401f3cc4"},"environment":"GEN_2","url":"https://us-central1-kottage-v2.cloudfunctions.net/onBookingCreated","satisfiesPzi":true},"stages":[{"name":"BUILD","message":"Reusing build","state":"COMPLETE","resource":"projects/850162149337/locations/us-central1/builds/d6465eeb-48cd-4fd9-bcdf-71144af64432"},{"name":"SERVICE","message":"Updating Cloud Run service","state":"IN_PROGRESS","resource":"projects/kottage-v2/locations/us-central1/services/onbookingcreated","resourceUri":"https://console.cloud.google.com/run/detail/us-central1/onbookingcreated?project=kottage-v2","stateMessages":[{"severity":"INFO","type":"CloudRunServiceNewRevisionTrafficInfo","message":"A new revision will be deployed serving with 100% traffic."}]},{"name":"TRIGGER","state":"NOT_STARTED"}],"sourceToken":"Cldwcm9qZWN0cy84NTAxNjIxNDkzMzcvbG9jYXRpb25zL3VzLWNlbnRyYWwxL2J1aWxkcy9kNjQ2NWVlYi00OGNkLTRmZDktYmNkZi03MTE0NGFmNjQ0MzISYHVzLWNlbnRyYWwxLWRvY2tlci5wa2cuZGV2L2tvdHRhZ2UtdjIvZ2NmLWFydGlmYWN0cy9rb3R0YWdlLS12Ml9fdXMtLWNlbnRyYWwxX190aWNrZXRzOnZlcnNpb25fMRjZz/OM3xgiO3Byb2plY3RzL2tvdHRhZ2UtdjIvbG9jYXRpb25zL3VzLWNlbnRyYWwxL2Z1bmN0aW9ucy90aWNrZXRzKgwIzdWgzwYQgKL9lQEyCG5vZGVqczIyOnYKI2djci5pby9nYWUtcnVudGltZXMvbm9kZWpzMjI6c3RhYmxlEk91cy1jZW50cmFsMS1kb2NrZXIucGtnLmRldi9zZXJ2ZXJsZXNzLXJ1bnRpbWVzL2dvb2dsZS0yMi1mdWxsL3J1bnRpbWVzL25vZGVqczIyQAE=","operationType":"UPDATE_FUNCTION","buildName":"projects/850162149337/locations/us-central1/builds/d6465eeb-48cd-4fd9-bcdf-71144af64432"},"done":false}
[debug] [2026-04-22T01:56:35.344Z] Got source token Cldwcm9qZWN0cy84NTAxNjIxNDkzMzcvbG9jYXRpb25zL3VzLWNlbnRyYWwxL2J1aWxkcy9kNjQ2NWVlYi00OGNkLTRmZDktYmNkZi03MTE0NGFmNjQ0MzISYHVzLWNlbnRyYWwxLWRvY2tlci5wa2cuZGV2L2tvdHRhZ2UtdjIvZ2NmLWFydGlmYWN0cy9rb3R0YWdlLS12Ml9fdXMtLWNlbnRyYWwxX190aWNrZXRzOnZlcnNpb25fMRjZz/OM3xgiO3Byb2plY3RzL2tvdHRhZ2UtdjIvbG9jYXRpb25zL3VzLWNlbnRyYWwxL2Z1bmN0aW9ucy90aWNrZXRzKgwIzdWgzwYQgKL9lQEyCG5vZGVqczIyOnYKI2djci5pby9nYWUtcnVudGltZXMvbm9kZWpzMjI6c3RhYmxlEk91cy1jZW50cmFsMS1kb2NrZXIucGtnLmRldi9zZXJ2ZXJsZXNzLXJ1bnRpbWVzL2dvb2dsZS0yMi1mdWxsL3J1bnRpbWVzL25vZGVqczIyQAE= for region us-central1
[debug] [2026-04-22T01:56:35.358Z] <<< [apiv2][status] GET https://cloudfunctions.googleapis.com/v2/projects/kottage-v2/locations/us-central1/operations/operation-1776822993062-65002d7548bcf-671d4a50-aa290b30 200
[debug] [2026-04-22T01:56:35.358Z] <<< [apiv2][body] GET https://cloudfunctions.googleapis.com/v2/projects/kottage-v2/locations/us-central1/operations/operation-1776822993062-65002d7548bcf-671d4a50-aa290b30 {"name":"projects/kottage-v2/locations/us-central1/operations/operation-1776822993062-65002d7548bcf-671d4a50-aa290b30","metadata":{"@type":"type.googleapis.com/google.cloud.functions.v2.OperationMetadata","createTime":"2026-04-22T01:56:33.871616479Z","target":"projects/kottage-v2/locations/us-central1/functions/trackUserInteraction","verb":"update","cancelRequested":false,"apiVersion":"v2","requestResource":{"@type":"type.googleapis.com/google.cloud.functions.v2.Function","name":"projects/kottage-v2/locations/us-central1/functions/trackUserInteraction","buildConfig":{"runtime":"nodejs22","entryPoint":"trackUserInteraction","source":{"storageSource":{"bucket":"gcf-v2-sources-850162149337-us-central1","object":"trackUserInteraction/function-source.zip","generation":"1776822993819480"}},"environmentVariables":{"GOOGLE_NODE_RUN_SCRIPTS":""},"dockerRepository":"projects/kottage-v2/locations/us-central1/repositories/gcf-artifacts","sourceProvenance":{"resolvedStorageSource":{"bucket":"gcf-v2-sources-850162149337-us-central1","object":"trackUserInteraction/function-source.zip","generation":"1754619951073278"}},"dockerRegistry":"ARTIFACT_REGISTRY","sourceToken":"Cldwcm9qZWN0cy84NTAxNjIxNDkzMzcvbG9jYXRpb25zL3VzLWNlbnRyYWwxL2J1aWxkcy9kNjQ2NWVlYi00OGNkLTRmZDktYmNkZi03MTE0NGFmNjQ0MzISYHVzLWNlbnRyYWwxLWRvY2tlci5wa2cuZGV2L2tvdHRhZ2UtdjIvZ2NmLWFydGlmYWN0cy9rb3R0YWdlLS12Ml9fdXMtLWNlbnRyYWwxX190aWNrZXRzOnZlcnNpb25fMRjZz/OM3xgiO3Byb2plY3RzL2tvdHRhZ2UtdjIvbG9jYXRpb25zL3VzLWNlbnRyYWwxL2Z1bmN0aW9ucy90aWNrZXRzKgwIzdWgzwYQgKL9lQEyCG5vZGVqczIyOnYKI2djci5pby9nYWUtcnVudGltZXMvbm9kZWpzMjI6c3RhYmxlEk91cy1jZW50cmFsMS1kb2NrZXIucGtnLmRldi9zZXJ2ZXJsZXNzLXJ1bnRpbWVzL2dvb2dsZS0yMi1mdWxsL3J1bnRpbWVzL25vZGVqczIyQAE=","serviceAccount":"projects/kottage-v2/serviceAccounts/850162149337-compute@developer.gserviceaccount.com","automaticUpdatePolicy":{}},"serviceConfig":{"service":"projects/kottage-v2/locations/us-central1/services/trackuserinteraction","timeoutSeconds":60,"environmentVariables":{"FIREBASE_CONFIG":"{\"projectId\":\"kottage-v2\",\"databaseURL\":\"https://kottage-v2-default-rtdb.firebaseio.com\",\"storageBucket\":\"kottage-v2.appspot.com\",\"locationId\":\"us-central\"}","GCLOUD_PROJECT":"kottage-v2","EVENTARC_CLOUD_EVENT_SOURCE":"projects/kottage-v2/locations/us-central1/services/trackUserInteraction","FUNCTION_TARGET":"trackUserInteraction","LOG_EXECUTION_ID":"true","FUNCTION_SIGNATURE_TYPE":"http"},"ingressSettings":"ALLOW_ALL","uri":"https://trackuserinteraction-cxpwli2maq-uc.a.run.app","serviceAccountEmail":"850162149337-compute@developer.gserviceaccount.com","availableMemory":"256Mi","allTrafficOnLatestRevision":true,"revision":"trackuserinteraction-00001-gos","maxInstanceRequestConcurrency":80,"availableCpu":"1"},"state":"ACTIVE","labels":{"deployment-tool":"cli-firebase","deployment-callable":"true","firebase-functions-hash":"fa11e580218d160d1d29e6caa6741b69401f3cc4"},"environment":"GEN_2","url":"https://us-central1-kottage-v2.cloudfunctions.net/trackUserInteraction","satisfiesPzi":true},"stages":[{"name":"BUILD","message":"Reusing build","state":"COMPLETE","resource":"projects/850162149337/locations/us-central1/builds/d6465eeb-48cd-4fd9-bcdf-71144af64432"},{"name":"SERVICE","message":"Updating Cloud Run service","state":"IN_PROGRESS","resource":"projects/kottage-v2/locations/us-central1/services/trackuserinteraction","resourceUri":"https://console.cloud.google.com/run/detail/us-central1/trackuserinteraction?project=kottage-v2","stateMessages":[{"severity":"INFO","type":"CloudRunServiceNewRevisionTrafficInfo","message":"A new revision will be deployed serving with 100% traffic."}]}],"sourceToken":"Cldwcm9qZWN0cy84NTAxNjIxNDkzMzcvbG9jYXRpb25zL3VzLWNlbnRyYWwxL2J1aWxkcy9kNjQ2NWVlYi00OGNkLTRmZDktYmNkZi03MTE0NGFmNjQ0MzISYHVzLWNlbnRyYWwxLWRvY2tlci5wa2cuZGV2L2tvdHRhZ2UtdjIvZ2NmLWFydGlmYWN0cy9rb3R0YWdlLS12Ml9fdXMtLWNlbnRyYWwxX190aWNrZXRzOnZlcnNpb25fMRjZz/OM3xgiO3Byb2plY3RzL2tvdHRhZ2UtdjIvbG9jYXRpb25zL3VzLWNlbnRyYWwxL2Z1bmN0aW9ucy90aWNrZXRzKgwIzdWgzwYQgKL9lQEyCG5vZGVqczIyOnYKI2djci5pby9nYWUtcnVudGltZXMvbm9kZWpzMjI6c3RhYmxlEk91cy1jZW50cmFsMS1kb2NrZXIucGtnLmRldi9zZXJ2ZXJsZXNzLXJ1bnRpbWVzL2dvb2dsZS0yMi1mdWxsL3J1bnRpbWVzL25vZGVqczIyQAE=","operationType":"UPDATE_FUNCTION","buildName":"projects/850162149337/locations/us-central1/builds/d6465eeb-48cd-4fd9-bcdf-71144af64432"},"done":false}
[debug] [2026-04-22T01:56:35.359Z] Got source token Cldwcm9qZWN0cy84NTAxNjIxNDkzMzcvbG9jYXRpb25zL3VzLWNlbnRyYWwxL2J1aWxkcy9kNjQ2NWVlYi00OGNkLTRmZDktYmNkZi03MTE0NGFmNjQ0MzISYHVzLWNlbnRyYWwxLWRvY2tlci5wa2cuZGV2L2tvdHRhZ2UtdjIvZ2NmLWFydGlmYWN0cy9rb3R0YWdlLS12Ml9fdXMtLWNlbnRyYWwxX190aWNrZXRzOnZlcnNpb25fMRjZz/OM3xgiO3Byb2plY3RzL2tvdHRhZ2UtdjIvbG9jYXRpb25zL3VzLWNlbnRyYWwxL2Z1bmN0aW9ucy90aWNrZXRzKgwIzdWgzwYQgKL9lQEyCG5vZGVqczIyOnYKI2djci5pby9nYWUtcnVudGltZXMvbm9kZWpzMjI6c3RhYmxlEk91cy1jZW50cmFsMS1kb2NrZXIucGtnLmRldi9zZXJ2ZXJsZXNzLXJ1bnRpbWVzL2dvb2dsZS0yMi1mdWxsL3J1bnRpbWVzL25vZGVqczIyQAE= for region us-central1
[debug] [2026-04-22T01:56:35.359Z] <<< [apiv2][status] GET https://cloudfunctions.googleapis.com/v2/projects/kottage-v2/locations/us-central1/operations/operation-1776822993049-65002d7545637-c881caa5-1cf9ab11 200
[debug] [2026-04-22T01:56:35.359Z] <<< [apiv2][body] GET https://cloudfunctions.googleapis.com/v2/projects/kottage-v2/locations/us-central1/operations/operation-1776822993049-65002d7545637-c881caa5-1cf9ab11 {"name":"projects/kottage-v2/locations/us-central1/operations/operation-1776822993049-65002d7545637-c881caa5-1cf9ab11","metadata":{"@type":"type.googleapis.com/google.cloud.functions.v2.OperationMetadata","createTime":"2026-04-22T01:56:33.859639060Z","target":"projects/kottage-v2/locations/us-central1/functions/setHostClaims","verb":"update","cancelRequested":false,"apiVersion":"v2","requestResource":{"@type":"type.googleapis.com/google.cloud.functions.v2.Function","name":"projects/kottage-v2/locations/us-central1/functions/setHostClaims","buildConfig":{"runtime":"nodejs22","entryPoint":"setHostClaims","source":{"storageSource":{"bucket":"gcf-v2-sources-850162149337-us-central1","object":"setHostClaims/function-source.zip","generation":"1776822993815490"}},"environmentVariables":{"GOOGLE_NODE_RUN_SCRIPTS":""},"dockerRepository":"projects/kottage-v2/locations/us-central1/repositories/gcf-artifacts","sourceProvenance":{"resolvedStorageSource":{"bucket":"gcf-v2-sources-850162149337-us-central1","object":"setHostClaims/function-source.zip","generation":"1754620011183984"}},"dockerRegistry":"ARTIFACT_REGISTRY","sourceToken":"Cldwcm9qZWN0cy84NTAxNjIxNDkzMzcvbG9jYXRpb25zL3VzLWNlbnRyYWwxL2J1aWxkcy9kNjQ2NWVlYi00OGNkLTRmZDktYmNkZi03MTE0NGFmNjQ0MzISYHVzLWNlbnRyYWwxLWRvY2tlci5wa2cuZGV2L2tvdHRhZ2UtdjIvZ2NmLWFydGlmYWN0cy9rb3R0YWdlLS12Ml9fdXMtLWNlbnRyYWwxX190aWNrZXRzOnZlcnNpb25fMRjZz/OM3xgiO3Byb2plY3RzL2tvdHRhZ2UtdjIvbG9jYXRpb25zL3VzLWNlbnRyYWwxL2Z1bmN0aW9ucy90aWNrZXRzKgwIzdWgzwYQgKL9lQEyCG5vZGVqczIyOnYKI2djci5pby9nYWUtcnVudGltZXMvbm9kZWpzMjI6c3RhYmxlEk91cy1jZW50cmFsMS1kb2NrZXIucGtnLmRldi9zZXJ2ZXJsZXNzLXJ1bnRpbWVzL2dvb2dsZS0yMi1mdWxsL3J1bnRpbWVzL25vZGVqczIyQAE=","serviceAccount":"projects/kottage-v2/serviceAccounts/850162149337-compute@developer.gserviceaccount.com","automaticUpdatePolicy":{}},"serviceConfig":{"service":"projects/kottage-v2/locations/us-central1/services/sethostclaims","timeoutSeconds":60,"environmentVariables":{"FIREBASE_CONFIG":"{\"projectId\":\"kottage-v2\",\"databaseURL\":\"https://kottage-v2-default-rtdb.firebaseio.com\",\"storageBucket\":\"kottage-v2.appspot.com\",\"locationId\":\"us-central\"}","GCLOUD_PROJECT":"kottage-v2","EVENTARC_CLOUD_EVENT_SOURCE":"projects/kottage-v2/locations/us-central1/services/setHostClaims","FUNCTION_TARGET":"setHostClaims","LOG_EXECUTION_ID":"true","FUNCTION_SIGNATURE_TYPE":"http"},"maxInstanceCount":10,"ingressSettings":"ALLOW_ALL","uri":"https://sethostclaims-cxpwli2maq-uc.a.run.app","serviceAccountEmail":"850162149337-compute@developer.gserviceaccount.com","availableMemory":"256Mi","allTrafficOnLatestRevision":true,"revision":"sethostclaims-00012-jam","maxInstanceRequestConcurrency":80,"availableCpu":"1"},"state":"ACTIVE","labels":{"deployment-tool":"cli-firebase","deployment-callable":"true","firebase-functions-hash":"fa11e580218d160d1d29e6caa6741b69401f3cc4"},"environment":"GEN_2","url":"https://us-central1-kottage-v2.cloudfunctions.net/setHostClaims","satisfiesPzi":true},"stages":[{"name":"BUILD","message":"Reusing build","state":"COMPLETE","resource":"projects/850162149337/locations/us-central1/builds/d6465eeb-48cd-4fd9-bcdf-71144af64432"},{"name":"SERVICE","message":"Updating Cloud Run service","state":"IN_PROGRESS","resource":"projects/kottage-v2/locations/us-central1/services/sethostclaims","resourceUri":"https://console.cloud.google.com/run/detail/us-central1/sethostclaims?project=kottage-v2","stateMessages":[{"severity":"INFO","type":"CloudRunServiceNewRevisionTrafficInfo","message":"A new revision will be deployed serving with 100% traffic."}]}],"sourceToken":"Cldwcm9qZWN0cy84NTAxNjIxNDkzMzcvbG9jYXRpb25zL3VzLWNlbnRyYWwxL2J1aWxkcy9kNjQ2NWVlYi00OGNkLTRmZDktYmNkZi03MTE0NGFmNjQ0MzISYHVzLWNlbnRyYWwxLWRvY2tlci5wa2cuZGV2L2tvdHRhZ2UtdjIvZ2NmLWFydGlmYWN0cy9rb3R0YWdlLS12Ml9fdXMtLWNlbnRyYWwxX190aWNrZXRzOnZlcnNpb25fMRjZz/OM3xgiO3Byb2plY3RzL2tvdHRhZ2UtdjIvbG9jYXRpb25zL3VzLWNlbnRyYWwxL2Z1bmN0aW9ucy90aWNrZXRzKgwIzdWgzwYQgKL9lQEyCG5vZGVqczIyOnYKI2djci5pby9nYWUtcnVudGltZXMvbm9kZWpzMjI6c3RhYmxlEk91cy1jZW50cmFsMS1kb2NrZXIucGtnLmRldi9zZXJ2ZXJsZXNzLXJ1bnRpbWVzL2dvb2dsZS0yMi1mdWxsL3J1bnRpbWVzL25vZGVqczIyQAE=","operationType":"UPDATE_FUNCTION","buildName":"projects/850162149337/locations/us-central1/builds/d6465eeb-48cd-4fd9-bcdf-71144af64432"},"done":false}
[debug] [2026-04-22T01:56:35.359Z] Got source token Cldwcm9qZWN0cy84NTAxNjIxNDkzMzcvbG9jYXRpb25zL3VzLWNlbnRyYWwxL2J1aWxkcy9kNjQ2NWVlYi00OGNkLTRmZDktYmNkZi03MTE0NGFmNjQ0MzISYHVzLWNlbnRyYWwxLWRvY2tlci5wa2cuZGV2L2tvdHRhZ2UtdjIvZ2NmLWFydGlmYWN0cy9rb3R0YWdlLS12Ml9fdXMtLWNlbnRyYWwxX190aWNrZXRzOnZlcnNpb25fMRjZz/OM3xgiO3Byb2plY3RzL2tvdHRhZ2UtdjIvbG9jYXRpb25zL3VzLWNlbnRyYWwxL2Z1bmN0aW9ucy90aWNrZXRzKgwIzdWgzwYQgKL9lQEyCG5vZGVqczIyOnYKI2djci5pby9nYWUtcnVudGltZXMvbm9kZWpzMjI6c3RhYmxlEk91cy1jZW50cmFsMS1kb2NrZXIucGtnLmRldi9zZXJ2ZXJsZXNzLXJ1bnRpbWVzL2dvb2dsZS0yMi1mdWxsL3J1bnRpbWVzL25vZGVqczIyQAE= for region us-central1
[debug] [2026-04-22T01:56:35.361Z] <<< [apiv2][status] GET https://cloudfunctions.googleapis.com/v2/projects/kottage-v2/locations/us-central1/operations/operation-1776822993057-65002d7547879-e255cc4f-b6eca79e 200
[debug] [2026-04-22T01:56:35.362Z] <<< [apiv2][body] GET https://cloudfunctions.googleapis.com/v2/projects/kottage-v2/locations/us-central1/operations/operation-1776822993057-65002d7547879-e255cc4f-b6eca79e {"name":"projects/kottage-v2/locations/us-central1/operations/operation-1776822993057-65002d7547879-e255cc4f-b6eca79e","metadata":{"@type":"type.googleapis.com/google.cloud.functions.v2.OperationMetadata","createTime":"2026-04-22T01:56:33.851224694Z","target":"projects/kottage-v2/locations/us-central1/functions/getEmployeeById","verb":"update","cancelRequested":false,"apiVersion":"v2","requestResource":{"@type":"type.googleapis.com/google.cloud.functions.v2.Function","name":"projects/kottage-v2/locations/us-central1/functions/getEmployeeById","buildConfig":{"runtime":"nodejs22","entryPoint":"getEmployeeById","source":{"storageSource":{"bucket":"gcf-v2-sources-850162149337-us-central1","object":"getEmployeeById/function-source.zip","generation":"1776822993809838"}},"environmentVariables":{"GOOGLE_NODE_RUN_SCRIPTS":""},"dockerRepository":"projects/kottage-v2/locations/us-central1/repositories/gcf-artifacts","sourceProvenance":{"resolvedStorageSource":{"bucket":"gcf-v2-sources-850162149337-us-central1","object":"getEmployeeById/function-source.zip","generation":"1754620011367671"}},"dockerRegistry":"ARTIFACT_REGISTRY","sourceToken":"Cldwcm9qZWN0cy84NTAxNjIxNDkzMzcvbG9jYXRpb25zL3VzLWNlbnRyYWwxL2J1aWxkcy9kNjQ2NWVlYi00OGNkLTRmZDktYmNkZi03MTE0NGFmNjQ0MzISYHVzLWNlbnRyYWwxLWRvY2tlci5wa2cuZGV2L2tvdHRhZ2UtdjIvZ2NmLWFydGlmYWN0cy9rb3R0YWdlLS12Ml9fdXMtLWNlbnRyYWwxX190aWNrZXRzOnZlcnNpb25fMRjZz/OM3xgiO3Byb2plY3RzL2tvdHRhZ2UtdjIvbG9jYXRpb25zL3VzLWNlbnRyYWwxL2Z1bmN0aW9ucy90aWNrZXRzKgwIzdWgzwYQgKL9lQEyCG5vZGVqczIyOnYKI2djci5pby9nYWUtcnVudGltZXMvbm9kZWpzMjI6c3RhYmxlEk91cy1jZW50cmFsMS1kb2NrZXIucGtnLmRldi9zZXJ2ZXJsZXNzLXJ1bnRpbWVzL2dvb2dsZS0yMi1mdWxsL3J1bnRpbWVzL25vZGVqczIyQAE=","serviceAccount":"projects/kottage-v2/serviceAccounts/850162149337-compute@developer.gserviceaccount.com","automaticUpdatePolicy":{}},"serviceConfig":{"service":"projects/kottage-v2/locations/us-central1/services/getemployeebyid","timeoutSeconds":60,"environmentVariables":{"FIREBASE_CONFIG":"{\"projectId\":\"kottage-v2\",\"databaseURL\":\"https://kottage-v2-default-rtdb.firebaseio.com\",\"storageBucket\":\"kottage-v2.appspot.com\",\"locationId\":\"us-central\"}","GCLOUD_PROJECT":"kottage-v2","EVENTARC_CLOUD_EVENT_SOURCE":"projects/kottage-v2/locations/us-central1/services/getEmployeeById","FUNCTION_TARGET":"getEmployeeById","LOG_EXECUTION_ID":"true","FUNCTION_SIGNATURE_TYPE":"http"},"ingressSettings":"ALLOW_ALL","uri":"https://getemployeebyid-cxpwli2maq-uc.a.run.app","serviceAccountEmail":"850162149337-compute@developer.gserviceaccount.com","availableMemory":"256Mi","allTrafficOnLatestRevision":true,"revision":"getemployeebyid-00016-bov","maxInstanceRequestConcurrency":80,"availableCpu":"1"},"state":"ACTIVE","labels":{"deployment-tool":"cli-firebase","deployment-callable":"true","firebase-functions-hash":"fa11e580218d160d1d29e6caa6741b69401f3cc4"},"environment":"GEN_2","url":"https://us-central1-kottage-v2.cloudfunctions.net/getEmployeeById","satisfiesPzi":true},"stages":[{"name":"BUILD","message":"Reusing build","state":"COMPLETE","resource":"projects/850162149337/locations/us-central1/builds/d6465eeb-48cd-4fd9-bcdf-71144af64432"},{"name":"SERVICE","message":"Updating Cloud Run service","state":"IN_PROGRESS","resource":"projects/kottage-v2/locations/us-central1/services/getemployeebyid","resourceUri":"https://console.cloud.google.com/run/detail/us-central1/getemployeebyid?project=kottage-v2","stateMessages":[{"severity":"INFO","type":"CloudRunServiceNewRevisionTrafficInfo","message":"A new revision will be deployed serving with 100% traffic."}]}],"sourceToken":"Cldwcm9qZWN0cy84NTAxNjIxNDkzMzcvbG9jYXRpb25zL3VzLWNlbnRyYWwxL2J1aWxkcy9kNjQ2NWVlYi00OGNkLTRmZDktYmNkZi03MTE0NGFmNjQ0MzISYHVzLWNlbnRyYWwxLWRvY2tlci5wa2cuZGV2L2tvdHRhZ2UtdjIvZ2NmLWFydGlmYWN0cy9rb3R0YWdlLS12Ml9fdXMtLWNlbnRyYWwxX190aWNrZXRzOnZlcnNpb25fMRjZz/OM3xgiO3Byb2plY3RzL2tvdHRhZ2UtdjIvbG9jYXRpb25zL3VzLWNlbnRyYWwxL2Z1bmN0aW9ucy90aWNrZXRzKgwIzdWgzwYQgKL9lQEyCG5vZGVqczIyOnYKI2djci5pby9nYWUtcnVudGltZXMvbm9kZWpzMjI6c3RhYmxlEk91cy1jZW50cmFsMS1kb2NrZXIucGtnLmRldi9zZXJ2ZXJsZXNzLXJ1bnRpbWVzL2dvb2dsZS0yMi1mdWxsL3J1bnRpbWVzL25vZGVqczIyQAE=","operationType":"UPDATE_FUNCTION","buildName":"projects/850162149337/locations/us-central1/builds/d6465eeb-48cd-4fd9-bcdf-71144af64432"},"done":false}
[debug] [2026-04-22T01:56:35.362Z] Got source token Cldwcm9qZWN0cy84NTAxNjIxNDkzMzcvbG9jYXRpb25zL3VzLWNlbnRyYWwxL2J1aWxkcy9kNjQ2NWVlYi00OGNkLTRmZDktYmNkZi03MTE0NGFmNjQ0MzISYHVzLWNlbnRyYWwxLWRvY2tlci5wa2cuZGV2L2tvdHRhZ2UtdjIvZ2NmLWFydGlmYWN0cy9rb3R0YWdlLS12Ml9fdXMtLWNlbnRyYWwxX190aWNrZXRzOnZlcnNpb25fMRjZz/OM3xgiO3Byb2plY3RzL2tvdHRhZ2UtdjIvbG9jYXRpb25zL3VzLWNlbnRyYWwxL2Z1bmN0aW9ucy90aWNrZXRzKgwIzdWgzwYQgKL9lQEyCG5vZGVqczIyOnYKI2djci5pby9nYWUtcnVudGltZXMvbm9kZWpzMjI6c3RhYmxlEk91cy1jZW50cmFsMS1kb2NrZXIucGtnLmRldi9zZXJ2ZXJsZXNzLXJ1bnRpbWVzL2dvb2dsZS0yMi1mdWxsL3J1bnRpbWVzL25vZGVqczIyQAE= for region us-central1
[debug] [2026-04-22T01:56:35.385Z] <<< [apiv2][status] GET https://cloudfunctions.googleapis.com/v2/projects/kottage-v2/locations/us-central1/operations/operation-1776822993093-65002d75502e7-709a6f82-39581ff4 200
[debug] [2026-04-22T01:56:35.386Z] <<< [apiv2][body] GET https://cloudfunctions.googleapis.com/v2/projects/kottage-v2/locations/us-central1/operations/operation-1776822993093-65002d75502e7-709a6f82-39581ff4 {"name":"projects/kottage-v2/locations/us-central1/operations/operation-1776822993093-65002d75502e7-709a6f82-39581ff4","metadata":{"@type":"type.googleapis.com/google.cloud.functions.v2.OperationMetadata","createTime":"2026-04-22T01:56:33.888680515Z","target":"projects/kottage-v2/locations/us-central1/functions/searchEmployees","verb":"update","cancelRequested":false,"apiVersion":"v2","requestResource":{"@type":"type.googleapis.com/google.cloud.functions.v2.Function","name":"projects/kottage-v2/locations/us-central1/functions/searchEmployees","buildConfig":{"runtime":"nodejs22","entryPoint":"searchEmployees","source":{"storageSource":{"bucket":"gcf-v2-sources-850162149337-us-central1","object":"searchEmployees/function-source.zip","generation":"1776822993838652"}},"environmentVariables":{"GOOGLE_NODE_RUN_SCRIPTS":""},"dockerRepository":"projects/kottage-v2/locations/us-central1/repositories/gcf-artifacts","sourceProvenance":{"resolvedStorageSource":{"bucket":"gcf-v2-sources-850162149337-us-central1","object":"searchEmployees/function-source.zip","generation":"1754620011383725"}},"dockerRegistry":"ARTIFACT_REGISTRY","sourceToken":"Cldwcm9qZWN0cy84NTAxNjIxNDkzMzcvbG9jYXRpb25zL3VzLWNlbnRyYWwxL2J1aWxkcy9kNjQ2NWVlYi00OGNkLTRmZDktYmNkZi03MTE0NGFmNjQ0MzISYHVzLWNlbnRyYWwxLWRvY2tlci5wa2cuZGV2L2tvdHRhZ2UtdjIvZ2NmLWFydGlmYWN0cy9rb3R0YWdlLS12Ml9fdXMtLWNlbnRyYWwxX190aWNrZXRzOnZlcnNpb25fMRjZz/OM3xgiO3Byb2plY3RzL2tvdHRhZ2UtdjIvbG9jYXRpb25zL3VzLWNlbnRyYWwxL2Z1bmN0aW9ucy90aWNrZXRzKgwIzdWgzwYQgKL9lQEyCG5vZGVqczIyOnYKI2djci5pby9nYWUtcnVudGltZXMvbm9kZWpzMjI6c3RhYmxlEk91cy1jZW50cmFsMS1kb2NrZXIucGtnLmRldi9zZXJ2ZXJsZXNzLXJ1bnRpbWVzL2dvb2dsZS0yMi1mdWxsL3J1bnRpbWVzL25vZGVqczIyQAE=","serviceAccount":"projects/kottage-v2/serviceAccounts/850162149337-compute@developer.gserviceaccount.com","automaticUpdatePolicy":{}},"serviceConfig":{"service":"projects/kottage-v2/locations/us-central1/services/searchemployees","timeoutSeconds":60,"environmentVariables":{"FIREBASE_CONFIG":"{\"projectId\":\"kottage-v2\",\"databaseURL\":\"https://kottage-v2-default-rtdb.firebaseio.com\",\"storageBucket\":\"kottage-v2.appspot.com\",\"locationId\":\"us-central\"}","GCLOUD_PROJECT":"kottage-v2","EVENTARC_CLOUD_EVENT_SOURCE":"projects/kottage-v2/locations/us-central1/services/searchEmployees","FUNCTION_TARGET":"searchEmployees","LOG_EXECUTION_ID":"true","FUNCTION_SIGNATURE_TYPE":"http"},"ingressSettings":"ALLOW_ALL","uri":"https://searchemployees-cxpwli2maq-uc.a.run.app","serviceAccountEmail":"850162149337-compute@developer.gserviceaccount.com","availableMemory":"256Mi","allTrafficOnLatestRevision":true,"revision":"searchemployees-00016-xaz","maxInstanceRequestConcurrency":80,"availableCpu":"1"},"state":"ACTIVE","labels":{"deployment-tool":"cli-firebase","deployment-callable":"true","firebase-functions-hash":"fa11e580218d160d1d29e6caa6741b69401f3cc4"},"environment":"GEN_2","url":"https://us-central1-kottage-v2.cloudfunctions.net/searchEmployees","satisfiesPzi":true},"stages":[{"name":"BUILD","message":"Reusing build","state":"COMPLETE","resource":"projects/850162149337/locations/us-central1/builds/d6465eeb-48cd-4fd9-bcdf-71144af64432"},{"name":"SERVICE","message":"Updating Cloud Run service","state":"IN_PROGRESS","resource":"projects/kottage-v2/locations/us-central1/services/searchemployees","resourceUri":"https://console.cloud.google.com/run/detail/us-central1/searchemployees?project=kottage-v2","stateMessages":[{"severity":"INFO","type":"CloudRunServiceNewRevisionTrafficInfo","message":"A new revision will be deployed serving with 100% traffic."}]}],"sourceToken":"Cldwcm9qZWN0cy84NTAxNjIxNDkzMzcvbG9jYXRpb25zL3VzLWNlbnRyYWwxL2J1aWxkcy9kNjQ2NWVlYi00OGNkLTRmZDktYmNkZi03MTE0NGFmNjQ0MzISYHVzLWNlbnRyYWwxLWRvY2tlci5wa2cuZGV2L2tvdHRhZ2UtdjIvZ2NmLWFydGlmYWN0cy9rb3R0YWdlLS12Ml9fdXMtLWNlbnRyYWwxX190aWNrZXRzOnZlcnNpb25fMRjZz/OM3xgiO3Byb2plY3RzL2tvdHRhZ2UtdjIvbG9jYXRpb25zL3VzLWNlbnRyYWwxL2Z1bmN0aW9ucy90aWNrZXRzKgwIzdWgzwYQgKL9lQEyCG5vZGVqczIyOnYKI2djci5pby9nYWUtcnVudGltZXMvbm9kZWpzMjI6c3RhYmxlEk91cy1jZW50cmFsMS1kb2NrZXIucGtnLmRldi9zZXJ2ZXJsZXNzLXJ1bnRpbWVzL2dvb2dsZS0yMi1mdWxsL3J1bnRpbWVzL25vZGVqczIyQAE=","operationType":"UPDATE_FUNCTION","buildName":"projects/850162149337/locations/us-central1/builds/d6465eeb-48cd-4fd9-bcdf-71144af64432"},"done":false}
[debug] [2026-04-22T01:56:35.386Z] Got source token Cldwcm9qZWN0cy84NTAxNjIxNDkzMzcvbG9jYXRpb25zL3VzLWNlbnRyYWwxL2J1aWxkcy9kNjQ2NWVlYi00OGNkLTRmZDktYmNkZi03MTE0NGFmNjQ0MzISYHVzLWNlbnRyYWwxLWRvY2tlci5wa2cuZGV2L2tvdHRhZ2UtdjIvZ2NmLWFydGlmYWN0cy9rb3R0YWdlLS12Ml9fdXMtLWNlbnRyYWwxX190aWNrZXRzOnZlcnNpb25fMRjZz/OM3xgiO3Byb2plY3RzL2tvdHRhZ2UtdjIvbG9jYXRpb25zL3VzLWNlbnRyYWwxL2Z1bmN0aW9ucy90aWNrZXRzKgwIzdWgzwYQgKL9lQEyCG5vZGVqczIyOnYKI2djci5pby9nYWUtcnVudGltZXMvbm9kZWpzMjI6c3RhYmxlEk91cy1jZW50cmFsMS1kb2NrZXIucGtnLmRldi9zZXJ2ZXJsZXNzLXJ1bnRpbWVzL2dvb2dsZS0yMi1mdWxsL3J1bnRpbWVzL25vZGVqczIyQAE= for region us-central1
[debug] [2026-04-22T01:56:36.238Z] [update-default-us-central1-setEmployeeClaims] Retrying task index 0
[debug] [2026-04-22T01:56:36.239Z] Checked if tokens are valid: true, expires at: 1776826494244
[debug] [2026-04-22T01:56:36.239Z] Checked if tokens are valid: true, expires at: 1776826494244
[debug] [2026-04-22T01:56:36.239Z] >>> [apiv2][query] GET https://cloudfunctions.googleapis.com/v2/projects/kottage-v2/locations/us-central1/operations/operation-1776822993017-65002d753d8d9-47114c5b-41fc17fe [none]
[debug] [2026-04-22T01:56:36.257Z] [update-default-us-central1-updatePropertyRating] Retrying task index 0
[debug] [2026-04-22T01:56:36.258Z] Checked if tokens are valid: true, expires at: 1776826494244
[debug] [2026-04-22T01:56:36.258Z] Checked if tokens are valid: true, expires at: 1776826494244
[debug] [2026-04-22T01:56:36.258Z] >>> [apiv2][query] GET https://cloudfunctions.googleapis.com/v2/projects/kottage-v2/locations/us-central1/operations/operation-1776822992970-65002d7532437-29d0f30f-a358d1f8 [none]
[debug] [2026-04-22T01:56:36.285Z] [update-default-us-central1-getEmployeeStats] Retrying task index 0
[debug] [2026-04-22T01:56:36.287Z] Checked if tokens are valid: true, expires at: 1776826494244
[debug] [2026-04-22T01:56:36.287Z] Checked if tokens are valid: true, expires at: 1776826494244
[debug] [2026-04-22T01:56:36.287Z] >>> [apiv2][query] GET https://cloudfunctions.googleapis.com/v2/projects/kottage-v2/locations/us-central1/operations/operation-1776822993048-65002d75452bb-e69a4cc0-491b197b [none]
[debug] [2026-04-22T01:56:36.290Z] [update-default-us-central1-updatePopularityScores] Retrying task index 0
[debug] [2026-04-22T01:56:36.290Z] Checked if tokens are valid: true, expires at: 1776826494244
[debug] [2026-04-22T01:56:36.291Z] Checked if tokens are valid: true, expires at: 1776826494244
[debug] [2026-04-22T01:56:36.292Z] >>> [apiv2][query] GET https://cloudfunctions.googleapis.com/v2/projects/kottage-v2/locations/us-central1/operations/operation-1776822993049-65002d7545635-eb1d6eec-499ea77e [none]
[debug] [2026-04-22T01:56:36.294Z] [update-default-us-central1-getEmployees] Retrying task index 0
[debug] [2026-04-22T01:56:36.294Z] Checked if tokens are valid: true, expires at: 1776826494244
[debug] [2026-04-22T01:56:36.294Z] Checked if tokens are valid: true, expires at: 1776826494244
[debug] [2026-04-22T01:56:36.294Z] >>> [apiv2][query] GET https://cloudfunctions.googleapis.com/v2/projects/kottage-v2/locations/us-central1/operations/operation-1776822993042-65002d7543db2-deba3334-ad85e91c [none]
[debug] [2026-04-22T01:56:36.303Z] [update-default-us-central1-createEmployee] Retrying task index 0
[debug] [2026-04-22T01:56:36.304Z] Checked if tokens are valid: true, expires at: 1776826494244
[debug] [2026-04-22T01:56:36.304Z] Checked if tokens are valid: true, expires at: 1776826494244
[debug] [2026-04-22T01:56:36.304Z] >>> [apiv2][query] GET https://cloudfunctions.googleapis.com/v2/projects/kottage-v2/locations/us-central1/operations/operation-1776822993048-65002d75452c7-712c74eb-64ef21c3 [none]
[debug] [2026-04-22T01:56:36.312Z] [update-default-us-central1-getPropertyAnalytics] Retrying task index 0
[debug] [2026-04-22T01:56:36.312Z] Checked if tokens are valid: true, expires at: 1776826494244
[debug] [2026-04-22T01:56:36.312Z] Checked if tokens are valid: true, expires at: 1776826494244
[debug] [2026-04-22T01:56:36.312Z] >>> [apiv2][query] GET https://cloudfunctions.googleapis.com/v2/projects/kottage-v2/locations/us-central1/operations/operation-1776822992940-65002d752acde-62e70fde-ad7adde3 [none]
[debug] [2026-04-22T01:56:36.346Z] [update-default-us-central1-onBookingCreated] Retrying task index 0
[debug] [2026-04-22T01:56:36.346Z] Checked if tokens are valid: true, expires at: 1776826494244
[debug] [2026-04-22T01:56:36.346Z] Checked if tokens are valid: true, expires at: 1776826494244
[debug] [2026-04-22T01:56:36.349Z] >>> [apiv2][query] GET https://cloudfunctions.googleapis.com/v2/projects/kottage-v2/locations/us-central1/operations/operation-1776822993057-65002d75478c1-6bbcce2c-580a70d2 [none]
[debug] [2026-04-22T01:56:36.360Z] [update-default-us-central1-trackUserInteraction] Retrying task index 0
[debug] [2026-04-22T01:56:36.360Z] Checked if tokens are valid: true, expires at: 1776826494244
[debug] [2026-04-22T01:56:36.361Z] Checked if tokens are valid: true, expires at: 1776826494244
[debug] [2026-04-22T01:56:36.361Z] >>> [apiv2][query] GET https://cloudfunctions.googleapis.com/v2/projects/kottage-v2/locations/us-central1/operations/operation-1776822993062-65002d7548bcf-671d4a50-aa290b30 [none]
[debug] [2026-04-22T01:56:36.365Z] [update-default-us-central1-setHostClaims] Retrying task index 0
[debug] [2026-04-22T01:56:36.366Z] Checked if tokens are valid: true, expires at: 1776826494244
[debug] [2026-04-22T01:56:36.366Z] Checked if tokens are valid: true, expires at: 1776826494244
[debug] [2026-04-22T01:56:36.367Z] >>> [apiv2][query] GET https://cloudfunctions.googleapis.com/v2/projects/kottage-v2/locations/us-central1/operations/operation-1776822993049-65002d7545637-c881caa5-1cf9ab11 [none]
[debug] [2026-04-22T01:56:36.369Z] [update-default-us-central1-getEmployeeById] Retrying task index 0
[debug] [2026-04-22T01:56:36.370Z] Checked if tokens are valid: true, expires at: 1776826494244
[debug] [2026-04-22T01:56:36.370Z] Checked if tokens are valid: true, expires at: 1776826494244
[debug] [2026-04-22T01:56:36.370Z] >>> [apiv2][query] GET https://cloudfunctions.googleapis.com/v2/projects/kottage-v2/locations/us-central1/operations/operation-1776822993057-65002d7547879-e255cc4f-b6eca79e [none]
[debug] [2026-04-22T01:56:36.386Z] [update-default-us-central1-searchEmployees] Retrying task index 0
[debug] [2026-04-22T01:56:36.387Z] Checked if tokens are valid: true, expires at: 1776826494244
[debug] [2026-04-22T01:56:36.387Z] Checked if tokens are valid: true, expires at: 1776826494244
[debug] [2026-04-22T01:56:36.387Z] >>> [apiv2][query] GET https://cloudfunctions.googleapis.com/v2/projects/kottage-v2/locations/us-central1/operations/operation-1776822993093-65002d75502e7-709a6f82-39581ff4 [none]
[debug] [2026-04-22T01:56:36.486Z] <<< [apiv2][status] GET https://cloudfunctions.googleapis.com/v2/projects/kottage-v2/locations/us-central1/operations/operation-1776822992970-65002d7532437-29d0f30f-a358d1f8 200
[debug] [2026-04-22T01:56:36.486Z] <<< [apiv2][body] GET https://cloudfunctions.googleapis.com/v2/projects/kottage-v2/locations/us-central1/operations/operation-1776822992970-65002d7532437-29d0f30f-a358d1f8 {"name":"projects/kottage-v2/locations/us-central1/operations/operation-1776822992970-65002d7532437-29d0f30f-a358d1f8","metadata":{"@type":"type.googleapis.com/google.cloud.functions.v2.OperationMetadata","createTime":"2026-04-22T01:56:33.801746641Z","target":"projects/kottage-v2/locations/us-central1/functions/updatePropertyRating","verb":"update","cancelRequested":false,"apiVersion":"v2","requestResource":{"@type":"type.googleapis.com/google.cloud.functions.v2.Function","name":"projects/kottage-v2/locations/us-central1/functions/updatePropertyRating","buildConfig":{"runtime":"nodejs22","entryPoint":"updatePropertyRating","source":{"storageSource":{"bucket":"gcf-v2-sources-850162149337-us-central1","object":"updatePropertyRating/function-source.zip","generation":"1776822993755279"}},"environmentVariables":{"GOOGLE_NODE_RUN_SCRIPTS":""},"dockerRepository":"projects/kottage-v2/locations/us-central1/repositories/gcf-artifacts","sourceProvenance":{"resolvedStorageSource":{"bucket":"gcf-v2-sources-850162149337-us-central1","object":"updatePropertyRating/function-source.zip","generation":"1754620011456143"}},"dockerRegistry":"ARTIFACT_REGISTRY","sourceToken":"Cldwcm9qZWN0cy84NTAxNjIxNDkzMzcvbG9jYXRpb25zL3VzLWNlbnRyYWwxL2J1aWxkcy9kNjQ2NWVlYi00OGNkLTRmZDktYmNkZi03MTE0NGFmNjQ0MzISYHVzLWNlbnRyYWwxLWRvY2tlci5wa2cuZGV2L2tvdHRhZ2UtdjIvZ2NmLWFydGlmYWN0cy9rb3R0YWdlLS12Ml9fdXMtLWNlbnRyYWwxX190aWNrZXRzOnZlcnNpb25fMRjZz/OM3xgiO3Byb2plY3RzL2tvdHRhZ2UtdjIvbG9jYXRpb25zL3VzLWNlbnRyYWwxL2Z1bmN0aW9ucy90aWNrZXRzKgwIzdWgzwYQgKL9lQEyCG5vZGVqczIyOnYKI2djci5pby9nYWUtcnVudGltZXMvbm9kZWpzMjI6c3RhYmxlEk91cy1jZW50cmFsMS1kb2NrZXIucGtnLmRldi9zZXJ2ZXJsZXNzLXJ1bnRpbWVzL2dvb2dsZS0yMi1mdWxsL3J1bnRpbWVzL25vZGVqczIyQAE=","serviceAccount":"projects/kottage-v2/serviceAccounts/850162149337-compute@developer.gserviceaccount.com","automaticUpdatePolicy":{}},"serviceConfig":{"service":"projects/kottage-v2/locations/us-central1/services/updatepropertyrating","timeoutSeconds":60,"environmentVariables":{"FIREBASE_CONFIG":"{\"projectId\":\"kottage-v2\",\"databaseURL\":\"https://kottage-v2-default-rtdb.firebaseio.com\",\"storageBucket\":\"kottage-v2.appspot.com\",\"locationId\":\"us-central\"}","GCLOUD_PROJECT":"kottage-v2","EVENTARC_CLOUD_EVENT_SOURCE":"projects/kottage-v2/locations/us-central1/services/updatePropertyRating","FUNCTION_SIGNATURE_TYPE":"cloudevent","FUNCTION_TARGET":"updatePropertyRating","LOG_EXECUTION_ID":"true"},"maxInstanceCount":10,"ingressSettings":"ALLOW_ALL","uri":"https://updatepropertyrating-cxpwli2maq-uc.a.run.app","serviceAccountEmail":"850162149337-compute@developer.gserviceaccount.com","availableMemory":"256Mi","allTrafficOnLatestRevision":true,"revision":"updatepropertyrating-00015-fit","maxInstanceRequestConcurrency":80,"availableCpu":"1"},"eventTrigger":{"trigger":"projects/kottage-v2/locations/us-central1/triggers/updatepropertyrating-618190","triggerRegion":"us-central1","eventType":"google.firebase.database.ref.v1.written","eventFilters":[{"attribute":"ref","value":"reviews/{propertyId}/{reviewId}","operator":"match-path-pattern"},{"attribute":"instance","value":"*","operator":"match-path-pattern"}],"pubsubTopic":"projects/kottage-v2/topics/eventarc-us-central1-updatepropertyrating-618190-439","serviceAccountEmail":"850162149337-compute@developer.gserviceaccount.com","retryPolicy":"RETRY_POLICY_DO_NOT_RETRY"},"state":"ACTIVE","labels":{"deployment-tool":"cli-firebase","firebase-functions-hash":"fa11e580218d160d1d29e6caa6741b69401f3cc4"},"environment":"GEN_2","url":"https://us-central1-kottage-v2.cloudfunctions.net/updatePropertyRating","satisfiesPzi":true},"stages":[{"name":"BUILD","message":"Reusing build","state":"COMPLETE","resource":"projects/850162149337/locations/us-central1/builds/d6465eeb-48cd-4fd9-bcdf-71144af64432"},{"name":"SERVICE","message":"Updating Cloud Run service","state":"IN_PROGRESS","resource":"projects/kottage-v2/locations/us-central1/services/updatepropertyrating","resourceUri":"https://console.cloud.google.com/run/detail/us-central1/updatepropertyrating?project=kottage-v2","stateMessages":[{"severity":"INFO","type":"CloudRunServiceNewRevisionTrafficInfo","message":"A new revision will be deployed serving with 100% traffic."}]},{"name":"TRIGGER","state":"NOT_STARTED"}],"sourceToken":"Cldwcm9qZWN0cy84NTAxNjIxNDkzMzcvbG9jYXRpb25zL3VzLWNlbnRyYWwxL2J1aWxkcy9kNjQ2NWVlYi00OGNkLTRmZDktYmNkZi03MTE0NGFmNjQ0MzISYHVzLWNlbnRyYWwxLWRvY2tlci5wa2cuZGV2L2tvdHRhZ2UtdjIvZ2NmLWFydGlmYWN0cy9rb3R0YWdlLS12Ml9fdXMtLWNlbnRyYWwxX190aWNrZXRzOnZlcnNpb25fMRjZz/OM3xgiO3Byb2plY3RzL2tvdHRhZ2UtdjIvbG9jYXRpb25zL3VzLWNlbnRyYWwxL2Z1bmN0aW9ucy90aWNrZXRzKgwIzdWgzwYQgKL9lQEyCG5vZGVqczIyOnYKI2djci5pby9nYWUtcnVudGltZXMvbm9kZWpzMjI6c3RhYmxlEk91cy1jZW50cmFsMS1kb2NrZXIucGtnLmRldi9zZXJ2ZXJsZXNzLXJ1bnRpbWVzL2dvb2dsZS0yMi1mdWxsL3J1bnRpbWVzL25vZGVqczIyQAE=","operationType":"UPDATE_FUNCTION","buildName":"projects/850162149337/locations/us-central1/builds/d6465eeb-48cd-4fd9-bcdf-71144af64432"},"done":false}
[debug] [2026-04-22T01:56:36.486Z] Got source token Cldwcm9qZWN0cy84NTAxNjIxNDkzMzcvbG9jYXRpb25zL3VzLWNlbnRyYWwxL2J1aWxkcy9kNjQ2NWVlYi00OGNkLTRmZDktYmNkZi03MTE0NGFmNjQ0MzISYHVzLWNlbnRyYWwxLWRvY2tlci5wa2cuZGV2L2tvdHRhZ2UtdjIvZ2NmLWFydGlmYWN0cy9rb3R0YWdlLS12Ml9fdXMtLWNlbnRyYWwxX190aWNrZXRzOnZlcnNpb25fMRjZz/OM3xgiO3Byb2plY3RzL2tvdHRhZ2UtdjIvbG9jYXRpb25zL3VzLWNlbnRyYWwxL2Z1bmN0aW9ucy90aWNrZXRzKgwIzdWgzwYQgKL9lQEyCG5vZGVqczIyOnYKI2djci5pby9nYWUtcnVudGltZXMvbm9kZWpzMjI6c3RhYmxlEk91cy1jZW50cmFsMS1kb2NrZXIucGtnLmRldi9zZXJ2ZXJsZXNzLXJ1bnRpbWVzL2dvb2dsZS0yMi1mdWxsL3J1bnRpbWVzL25vZGVqczIyQAE= for region us-central1
[debug] [2026-04-22T01:56:36.510Z] <<< [apiv2][status] GET https://cloudfunctions.googleapis.com/v2/projects/kottage-v2/locations/us-central1/operations/operation-1776822993017-65002d753d8d9-47114c5b-41fc17fe 200
[debug] [2026-04-22T01:56:36.511Z] <<< [apiv2][body] GET https://cloudfunctions.googleapis.com/v2/projects/kottage-v2/locations/us-central1/operations/operation-1776822993017-65002d753d8d9-47114c5b-41fc17fe {"name":"projects/kottage-v2/locations/us-central1/operations/operation-1776822993017-65002d753d8d9-47114c5b-41fc17fe","metadata":{"@type":"type.googleapis.com/google.cloud.functions.v2.OperationMetadata","createTime":"2026-04-22T01:56:33.821078317Z","target":"projects/kottage-v2/locations/us-central1/functions/setEmployeeClaims","verb":"update","cancelRequested":false,"apiVersion":"v2","requestResource":{"@type":"type.googleapis.com/google.cloud.functions.v2.Function","name":"projects/kottage-v2/locations/us-central1/functions/setEmployeeClaims","buildConfig":{"runtime":"nodejs22","entryPoint":"setEmployeeClaims","source":{"storageSource":{"bucket":"gcf-v2-sources-850162149337-us-central1","object":"setEmployeeClaims/function-source.zip","generation":"1776822993777397"}},"environmentVariables":{"GOOGLE_NODE_RUN_SCRIPTS":""},"dockerRepository":"projects/kottage-v2/locations/us-central1/repositories/gcf-artifacts","sourceProvenance":{"resolvedStorageSource":{"bucket":"gcf-v2-sources-850162149337-us-central1","object":"setEmployeeClaims/function-source.zip","generation":"1754620011393899"}},"dockerRegistry":"ARTIFACT_REGISTRY","sourceToken":"Cldwcm9qZWN0cy84NTAxNjIxNDkzMzcvbG9jYXRpb25zL3VzLWNlbnRyYWwxL2J1aWxkcy9kNjQ2NWVlYi00OGNkLTRmZDktYmNkZi03MTE0NGFmNjQ0MzISYHVzLWNlbnRyYWwxLWRvY2tlci5wa2cuZGV2L2tvdHRhZ2UtdjIvZ2NmLWFydGlmYWN0cy9rb3R0YWdlLS12Ml9fdXMtLWNlbnRyYWwxX190aWNrZXRzOnZlcnNpb25fMRjZz/OM3xgiO3Byb2plY3RzL2tvdHRhZ2UtdjIvbG9jYXRpb25zL3VzLWNlbnRyYWwxL2Z1bmN0aW9ucy90aWNrZXRzKgwIzdWgzwYQgKL9lQEyCG5vZGVqczIyOnYKI2djci5pby9nYWUtcnVudGltZXMvbm9kZWpzMjI6c3RhYmxlEk91cy1jZW50cmFsMS1kb2NrZXIucGtnLmRldi9zZXJ2ZXJsZXNzLXJ1bnRpbWVzL2dvb2dsZS0yMi1mdWxsL3J1bnRpbWVzL25vZGVqczIyQAE=","serviceAccount":"projects/kottage-v2/serviceAccounts/850162149337-compute@developer.gserviceaccount.com","automaticUpdatePolicy":{}},"serviceConfig":{"service":"projects/kottage-v2/locations/us-central1/services/setemployeeclaims","timeoutSeconds":60,"environmentVariables":{"FIREBASE_CONFIG":"{\"projectId\":\"kottage-v2\",\"databaseURL\":\"https://kottage-v2-default-rtdb.firebaseio.com\",\"storageBucket\":\"kottage-v2.appspot.com\",\"locationId\":\"us-central\"}","GCLOUD_PROJECT":"kottage-v2","EVENTARC_CLOUD_EVENT_SOURCE":"projects/kottage-v2/locations/us-central1/services/setEmployeeClaims","FUNCTION_TARGET":"setEmployeeClaims","LOG_EXECUTION_ID":"true","FUNCTION_SIGNATURE_TYPE":"http"},"maxInstanceCount":10,"ingressSettings":"ALLOW_ALL","uri":"https://setemployeeclaims-cxpwli2maq-uc.a.run.app","serviceAccountEmail":"850162149337-compute@developer.gserviceaccount.com","availableMemory":"256Mi","allTrafficOnLatestRevision":true,"revision":"setemployeeclaims-00006-xic","maxInstanceRequestConcurrency":80,"availableCpu":"1"},"state":"ACTIVE","labels":{"deployment-tool":"cli-firebase","deployment-callable":"true","firebase-functions-hash":"fa11e580218d160d1d29e6caa6741b69401f3cc4"},"environment":"GEN_2","url":"https://us-central1-kottage-v2.cloudfunctions.net/setEmployeeClaims","satisfiesPzi":true},"stages":[{"name":"BUILD","message":"Reusing build","state":"COMPLETE","resource":"projects/850162149337/locations/us-central1/builds/d6465eeb-48cd-4fd9-bcdf-71144af64432"},{"name":"SERVICE","message":"Updating Cloud Run service","state":"IN_PROGRESS","resource":"projects/kottage-v2/locations/us-central1/services/setemployeeclaims","resourceUri":"https://console.cloud.google.com/run/detail/us-central1/setemployeeclaims?project=kottage-v2","stateMessages":[{"severity":"INFO","type":"CloudRunServiceNewRevisionTrafficInfo","message":"A new revision will be deployed serving with 100% traffic."}]}],"sourceToken":"Cldwcm9qZWN0cy84NTAxNjIxNDkzMzcvbG9jYXRpb25zL3VzLWNlbnRyYWwxL2J1aWxkcy9kNjQ2NWVlYi00OGNkLTRmZDktYmNkZi03MTE0NGFmNjQ0MzISYHVzLWNlbnRyYWwxLWRvY2tlci5wa2cuZGV2L2tvdHRhZ2UtdjIvZ2NmLWFydGlmYWN0cy9rb3R0YWdlLS12Ml9fdXMtLWNlbnRyYWwxX190aWNrZXRzOnZlcnNpb25fMRjZz/OM3xgiO3Byb2plY3RzL2tvdHRhZ2UtdjIvbG9jYXRpb25zL3VzLWNlbnRyYWwxL2Z1bmN0aW9ucy90aWNrZXRzKgwIzdWgzwYQgKL9lQEyCG5vZGVqczIyOnYKI2djci5pby9nYWUtcnVudGltZXMvbm9kZWpzMjI6c3RhYmxlEk91cy1jZW50cmFsMS1kb2NrZXIucGtnLmRldi9zZXJ2ZXJsZXNzLXJ1bnRpbWVzL2dvb2dsZS0yMi1mdWxsL3J1bnRpbWVzL25vZGVqczIyQAE=","operationType":"UPDATE_FUNCTION","buildName":"projects/850162149337/locations/us-central1/builds/d6465eeb-48cd-4fd9-bcdf-71144af64432"},"done":false}
[debug] [2026-04-22T01:56:36.511Z] Got source token Cldwcm9qZWN0cy84NTAxNjIxNDkzMzcvbG9jYXRpb25zL3VzLWNlbnRyYWwxL2J1aWxkcy9kNjQ2NWVlYi00OGNkLTRmZDktYmNkZi03MTE0NGFmNjQ0MzISYHVzLWNlbnRyYWwxLWRvY2tlci5wa2cuZGV2L2tvdHRhZ2UtdjIvZ2NmLWFydGlmYWN0cy9rb3R0YWdlLS12Ml9fdXMtLWNlbnRyYWwxX190aWNrZXRzOnZlcnNpb25fMRjZz/OM3xgiO3Byb2plY3RzL2tvdHRhZ2UtdjIvbG9jYXRpb25zL3VzLWNlbnRyYWwxL2Z1bmN0aW9ucy90aWNrZXRzKgwIzdWgzwYQgKL9lQEyCG5vZGVqczIyOnYKI2djci5pby9nYWUtcnVudGltZXMvbm9kZWpzMjI6c3RhYmxlEk91cy1jZW50cmFsMS1kb2NrZXIucGtnLmRldi9zZXJ2ZXJsZXNzLXJ1bnRpbWVzL2dvb2dsZS0yMi1mdWxsL3J1bnRpbWVzL25vZGVqczIyQAE= for region us-central1
[debug] [2026-04-22T01:56:36.538Z] <<< [apiv2][status] GET https://cloudfunctions.googleapis.com/v2/projects/kottage-v2/locations/us-central1/operations/operation-1776822993048-65002d75452bb-e69a4cc0-491b197b 200
[debug] [2026-04-22T01:56:36.538Z] <<< [apiv2][body] GET https://cloudfunctions.googleapis.com/v2/projects/kottage-v2/locations/us-central1/operations/operation-1776822993048-65002d75452bb-e69a4cc0-491b197b {"name":"projects/kottage-v2/locations/us-central1/operations/operation-1776822993048-65002d75452bb-e69a4cc0-491b197b","metadata":{"@type":"type.googleapis.com/google.cloud.functions.v2.OperationMetadata","createTime":"2026-04-22T01:56:33.834425971Z","target":"projects/kottage-v2/locations/us-central1/functions/getEmployeeStats","verb":"update","cancelRequested":false,"apiVersion":"v2","requestResource":{"@type":"type.googleapis.com/google.cloud.functions.v2.Function","name":"projects/kottage-v2/locations/us-central1/functions/getEmployeeStats","buildConfig":{"runtime":"nodejs22","entryPoint":"getEmployeeStats","source":{"storageSource":{"bucket":"gcf-v2-sources-850162149337-us-central1","object":"getEmployeeStats/function-source.zip","generation":"1776822993786836"}},"environmentVariables":{"GOOGLE_NODE_RUN_SCRIPTS":""},"dockerRepository":"projects/kottage-v2/locations/us-central1/repositories/gcf-artifacts","sourceProvenance":{"resolvedStorageSource":{"bucket":"gcf-v2-sources-850162149337-us-central1","object":"getEmployeeStats/function-source.zip","generation":"1754620011302274"}},"dockerRegistry":"ARTIFACT_REGISTRY","sourceToken":"Cldwcm9qZWN0cy84NTAxNjIxNDkzMzcvbG9jYXRpb25zL3VzLWNlbnRyYWwxL2J1aWxkcy9kNjQ2NWVlYi00OGNkLTRmZDktYmNkZi03MTE0NGFmNjQ0MzISYHVzLWNlbnRyYWwxLWRvY2tlci5wa2cuZGV2L2tvdHRhZ2UtdjIvZ2NmLWFydGlmYWN0cy9rb3R0YWdlLS12Ml9fdXMtLWNlbnRyYWwxX190aWNrZXRzOnZlcnNpb25fMRjZz/OM3xgiO3Byb2plY3RzL2tvdHRhZ2UtdjIvbG9jYXRpb25zL3VzLWNlbnRyYWwxL2Z1bmN0aW9ucy90aWNrZXRzKgwIzdWgzwYQgKL9lQEyCG5vZGVqczIyOnYKI2djci5pby9nYWUtcnVudGltZXMvbm9kZWpzMjI6c3RhYmxlEk91cy1jZW50cmFsMS1kb2NrZXIucGtnLmRldi9zZXJ2ZXJsZXNzLXJ1bnRpbWVzL2dvb2dsZS0yMi1mdWxsL3J1bnRpbWVzL25vZGVqczIyQAE=","serviceAccount":"projects/kottage-v2/serviceAccounts/850162149337-compute@developer.gserviceaccount.com","automaticUpdatePolicy":{}},"serviceConfig":{"service":"projects/kottage-v2/locations/us-central1/services/getemployeestats","timeoutSeconds":60,"environmentVariables":{"FIREBASE_CONFIG":"{\"projectId\":\"kottage-v2\",\"databaseURL\":\"https://kottage-v2-default-rtdb.firebaseio.com\",\"storageBucket\":\"kottage-v2.appspot.com\",\"locationId\":\"us-central\"}","GCLOUD_PROJECT":"kottage-v2","EVENTARC_CLOUD_EVENT_SOURCE":"projects/kottage-v2/locations/us-central1/services/getEmployeeStats","FUNCTION_TARGET":"getEmployeeStats","LOG_EXECUTION_ID":"true","FUNCTION_SIGNATURE_TYPE":"http"},"ingressSettings":"ALLOW_ALL","uri":"https://getemployeestats-cxpwli2maq-uc.a.run.app","serviceAccountEmail":"850162149337-compute@developer.gserviceaccount.com","availableMemory":"256Mi","allTrafficOnLatestRevision":true,"revision":"getemployeestats-00016-xox","maxInstanceRequestConcurrency":80,"availableCpu":"1"},"state":"ACTIVE","labels":{"deployment-tool":"cli-firebase","deployment-callable":"true","firebase-functions-hash":"fa11e580218d160d1d29e6caa6741b69401f3cc4"},"environment":"GEN_2","url":"https://us-central1-kottage-v2.cloudfunctions.net/getEmployeeStats","satisfiesPzi":true},"stages":[{"name":"BUILD","message":"Reusing build","state":"COMPLETE","resource":"projects/850162149337/locations/us-central1/builds/d6465eeb-48cd-4fd9-bcdf-71144af64432"},{"name":"SERVICE","message":"Updating Cloud Run service","state":"IN_PROGRESS","resource":"projects/kottage-v2/locations/us-central1/services/getemployeestats","resourceUri":"https://console.cloud.google.com/run/detail/us-central1/getemployeestats?project=kottage-v2","stateMessages":[{"severity":"INFO","type":"CloudRunServiceNewRevisionTrafficInfo","message":"A new revision will be deployed serving with 100% traffic."}]}],"sourceToken":"Cldwcm9qZWN0cy84NTAxNjIxNDkzMzcvbG9jYXRpb25zL3VzLWNlbnRyYWwxL2J1aWxkcy9kNjQ2NWVlYi00OGNkLTRmZDktYmNkZi03MTE0NGFmNjQ0MzISYHVzLWNlbnRyYWwxLWRvY2tlci5wa2cuZGV2L2tvdHRhZ2UtdjIvZ2NmLWFydGlmYWN0cy9rb3R0YWdlLS12Ml9fdXMtLWNlbnRyYWwxX190aWNrZXRzOnZlcnNpb25fMRjZz/OM3xgiO3Byb2plY3RzL2tvdHRhZ2UtdjIvbG9jYXRpb25zL3VzLWNlbnRyYWwxL2Z1bmN0aW9ucy90aWNrZXRzKgwIzdWgzwYQgKL9lQEyCG5vZGVqczIyOnYKI2djci5pby9nYWUtcnVudGltZXMvbm9kZWpzMjI6c3RhYmxlEk91cy1jZW50cmFsMS1kb2NrZXIucGtnLmRldi9zZXJ2ZXJsZXNzLXJ1bnRpbWVzL2dvb2dsZS0yMi1mdWxsL3J1bnRpbWVzL25vZGVqczIyQAE=","operationType":"UPDATE_FUNCTION","buildName":"projects/850162149337/locations/us-central1/builds/d6465eeb-48cd-4fd9-bcdf-71144af64432"},"done":false}
[debug] [2026-04-22T01:56:36.538Z] Got source token Cldwcm9qZWN0cy84NTAxNjIxNDkzMzcvbG9jYXRpb25zL3VzLWNlbnRyYWwxL2J1aWxkcy9kNjQ2NWVlYi00OGNkLTRmZDktYmNkZi03MTE0NGFmNjQ0MzISYHVzLWNlbnRyYWwxLWRvY2tlci5wa2cuZGV2L2tvdHRhZ2UtdjIvZ2NmLWFydGlmYWN0cy9rb3R0YWdlLS12Ml9fdXMtLWNlbnRyYWwxX190aWNrZXRzOnZlcnNpb25fMRjZz/OM3xgiO3Byb2plY3RzL2tvdHRhZ2UtdjIvbG9jYXRpb25zL3VzLWNlbnRyYWwxL2Z1bmN0aW9ucy90aWNrZXRzKgwIzdWgzwYQgKL9lQEyCG5vZGVqczIyOnYKI2djci5pby9nYWUtcnVudGltZXMvbm9kZWpzMjI6c3RhYmxlEk91cy1jZW50cmFsMS1kb2NrZXIucGtnLmRldi9zZXJ2ZXJsZXNzLXJ1bnRpbWVzL2dvb2dsZS0yMi1mdWxsL3J1bnRpbWVzL25vZGVqczIyQAE= for region us-central1
[debug] [2026-04-22T01:56:36.551Z] <<< [apiv2][status] GET https://cloudfunctions.googleapis.com/v2/projects/kottage-v2/locations/us-central1/operations/operation-1776822993049-65002d7545635-eb1d6eec-499ea77e 200
[debug] [2026-04-22T01:56:36.551Z] <<< [apiv2][body] GET https://cloudfunctions.googleapis.com/v2/projects/kottage-v2/locations/us-central1/operations/operation-1776822993049-65002d7545635-eb1d6eec-499ea77e {"name":"projects/kottage-v2/locations/us-central1/operations/operation-1776822993049-65002d7545635-eb1d6eec-499ea77e","metadata":{"@type":"type.googleapis.com/google.cloud.functions.v2.OperationMetadata","createTime":"2026-04-22T01:56:33.805351255Z","target":"projects/kottage-v2/locations/us-central1/functions/updatePopularityScores","verb":"update","cancelRequested":false,"apiVersion":"v2","requestResource":{"@type":"type.googleapis.com/google.cloud.functions.v2.Function","name":"projects/kottage-v2/locations/us-central1/functions/updatePopularityScores","buildConfig":{"runtime":"nodejs22","entryPoint":"updatePopularityScores","source":{"storageSource":{"bucket":"gcf-v2-sources-850162149337-us-central1","object":"updatePopularityScores/function-source.zip","generation":"1776822993754052"}},"environmentVariables":{"GOOGLE_NODE_RUN_SCRIPTS":""},"dockerRepository":"projects/kottage-v2/locations/us-central1/repositories/gcf-artifacts","sourceProvenance":{"resolvedStorageSource":{"bucket":"gcf-v2-sources-850162149337-us-central1","object":"updatePopularityScores/function-source.zip","generation":"1754620010804676"}},"dockerRegistry":"ARTIFACT_REGISTRY","sourceToken":"Cldwcm9qZWN0cy84NTAxNjIxNDkzMzcvbG9jYXRpb25zL3VzLWNlbnRyYWwxL2J1aWxkcy9kNjQ2NWVlYi00OGNkLTRmZDktYmNkZi03MTE0NGFmNjQ0MzISYHVzLWNlbnRyYWwxLWRvY2tlci5wa2cuZGV2L2tvdHRhZ2UtdjIvZ2NmLWFydGlmYWN0cy9rb3R0YWdlLS12Ml9fdXMtLWNlbnRyYWwxX190aWNrZXRzOnZlcnNpb25fMRjZz/OM3xgiO3Byb2plY3RzL2tvdHRhZ2UtdjIvbG9jYXRpb25zL3VzLWNlbnRyYWwxL2Z1bmN0aW9ucy90aWNrZXRzKgwIzdWgzwYQgKL9lQEyCG5vZGVqczIyOnYKI2djci5pby9nYWUtcnVudGltZXMvbm9kZWpzMjI6c3RhYmxlEk91cy1jZW50cmFsMS1kb2NrZXIucGtnLmRldi9zZXJ2ZXJsZXNzLXJ1bnRpbWVzL2dvb2dsZS0yMi1mdWxsL3J1bnRpbWVzL25vZGVqczIyQAE=","serviceAccount":"projects/kottage-v2/serviceAccounts/850162149337-compute@developer.gserviceaccount.com","automaticUpdatePolicy":{}},"serviceConfig":{"service":"projects/kottage-v2/locations/us-central1/services/updatepopularityscores","timeoutSeconds":60,"environmentVariables":{"FIREBASE_CONFIG":"{\"projectId\":\"kottage-v2\",\"databaseURL\":\"https://kottage-v2-default-rtdb.firebaseio.com\",\"storageBucket\":\"kottage-v2.appspot.com\",\"locationId\":\"us-central\"}","GCLOUD_PROJECT":"kottage-v2","EVENTARC_CLOUD_EVENT_SOURCE":"projects/kottage-v2/locations/us-central1/services/updatePopularityScores","FUNCTION_TARGET":"updatePopularityScores","LOG_EXECUTION_ID":"true","FUNCTION_SIGNATURE_TYPE":"http"},"ingressSettings":"ALLOW_ALL","uri":"https://updatepopularityscores-cxpwli2maq-uc.a.run.app","serviceAccountEmail":"850162149337-compute@developer.gserviceaccount.com","availableMemory":"256Mi","allTrafficOnLatestRevision":true,"revision":"updatepopularityscores-00001-yif","maxInstanceRequestConcurrency":80,"availableCpu":"1"},"state":"ACTIVE","labels":{"deployment-tool":"cli-firebase","deployment-scheduled":"true","firebase-functions-hash":"fa11e580218d160d1d29e6caa6741b69401f3cc4"},"environment":"GEN_2","url":"https://us-central1-kottage-v2.cloudfunctions.net/updatePopularityScores","satisfiesPzi":true},"stages":[{"name":"BUILD","message":"Reusing build","state":"COMPLETE","resource":"projects/850162149337/locations/us-central1/builds/d6465eeb-48cd-4fd9-bcdf-71144af64432"},{"name":"SERVICE","message":"Updating Cloud Run service","state":"IN_PROGRESS","resource":"projects/kottage-v2/locations/us-central1/services/updatepopularityscores","resourceUri":"https://console.cloud.google.com/run/detail/us-central1/updatepopularityscores?project=kottage-v2","stateMessages":[{"severity":"INFO","type":"CloudRunServiceNewRevisionTrafficInfo","message":"A new revision will be deployed serving with 100% traffic."}]}],"sourceToken":"Cldwcm9qZWN0cy84NTAxNjIxNDkzMzcvbG9jYXRpb25zL3VzLWNlbnRyYWwxL2J1aWxkcy9kNjQ2NWVlYi00OGNkLTRmZDktYmNkZi03MTE0NGFmNjQ0MzISYHVzLWNlbnRyYWwxLWRvY2tlci5wa2cuZGV2L2tvdHRhZ2UtdjIvZ2NmLWFydGlmYWN0cy9rb3R0YWdlLS12Ml9fdXMtLWNlbnRyYWwxX190aWNrZXRzOnZlcnNpb25fMRjZz/OM3xgiO3Byb2plY3RzL2tvdHRhZ2UtdjIvbG9jYXRpb25zL3VzLWNlbnRyYWwxL2Z1bmN0aW9ucy90aWNrZXRzKgwIzdWgzwYQgKL9lQEyCG5vZGVqczIyOnYKI2djci5pby9nYWUtcnVudGltZXMvbm9kZWpzMjI6c3RhYmxlEk91cy1jZW50cmFsMS1kb2NrZXIucGtnLmRldi9zZXJ2ZXJsZXNzLXJ1bnRpbWVzL2dvb2dsZS0yMi1mdWxsL3J1bnRpbWVzL25vZGVqczIyQAE=","operationType":"UPDATE_FUNCTION","buildName":"projects/850162149337/locations/us-central1/builds/d6465eeb-48cd-4fd9-bcdf-71144af64432"},"done":false}
[debug] [2026-04-22T01:56:36.551Z] Got source token Cldwcm9qZWN0cy84NTAxNjIxNDkzMzcvbG9jYXRpb25zL3VzLWNlbnRyYWwxL2J1aWxkcy9kNjQ2NWVlYi00OGNkLTRmZDktYmNkZi03MTE0NGFmNjQ0MzISYHVzLWNlbnRyYWwxLWRvY2tlci5wa2cuZGV2L2tvdHRhZ2UtdjIvZ2NmLWFydGlmYWN0cy9rb3R0YWdlLS12Ml9fdXMtLWNlbnRyYWwxX190aWNrZXRzOnZlcnNpb25fMRjZz/OM3xgiO3Byb2plY3RzL2tvdHRhZ2UtdjIvbG9jYXRpb25zL3VzLWNlbnRyYWwxL2Z1bmN0aW9ucy90aWNrZXRzKgwIzdWgzwYQgKL9lQEyCG5vZGVqczIyOnYKI2djci5pby9nYWUtcnVudGltZXMvbm9kZWpzMjI6c3RhYmxlEk91cy1jZW50cmFsMS1kb2NrZXIucGtnLmRldi9zZXJ2ZXJsZXNzLXJ1bnRpbWVzL2dvb2dsZS0yMi1mdWxsL3J1bnRpbWVzL25vZGVqczIyQAE= for region us-central1
[debug] [2026-04-22T01:56:36.555Z] <<< [apiv2][status] GET https://cloudfunctions.googleapis.com/v2/projects/kottage-v2/locations/us-central1/operations/operation-1776822993042-65002d7543db2-deba3334-ad85e91c 200
[debug] [2026-04-22T01:56:36.555Z] <<< [apiv2][body] GET https://cloudfunctions.googleapis.com/v2/projects/kottage-v2/locations/us-central1/operations/operation-1776822993042-65002d7543db2-deba3334-ad85e91c {"name":"projects/kottage-v2/locations/us-central1/operations/operation-1776822993042-65002d7543db2-deba3334-ad85e91c","metadata":{"@type":"type.googleapis.com/google.cloud.functions.v2.OperationMetadata","createTime":"2026-04-22T01:56:33.805214706Z","target":"projects/kottage-v2/locations/us-central1/functions/getEmployees","verb":"update","cancelRequested":false,"apiVersion":"v2","requestResource":{"@type":"type.googleapis.com/google.cloud.functions.v2.Function","name":"projects/kottage-v2/locations/us-central1/functions/getEmployees","buildConfig":{"runtime":"nodejs22","entryPoint":"getEmployees","source":{"storageSource":{"bucket":"gcf-v2-sources-850162149337-us-central1","object":"getEmployees/function-source.zip","generation":"1776822993752759"}},"environmentVariables":{"GOOGLE_NODE_RUN_SCRIPTS":""},"dockerRepository":"projects/kottage-v2/locations/us-central1/repositories/gcf-artifacts","sourceProvenance":{"resolvedStorageSource":{"bucket":"gcf-v2-sources-850162149337-us-central1","object":"getEmployees/function-source.zip","generation":"1754620011408213"}},"dockerRegistry":"ARTIFACT_REGISTRY","sourceToken":"Cldwcm9qZWN0cy84NTAxNjIxNDkzMzcvbG9jYXRpb25zL3VzLWNlbnRyYWwxL2J1aWxkcy9kNjQ2NWVlYi00OGNkLTRmZDktYmNkZi03MTE0NGFmNjQ0MzISYHVzLWNlbnRyYWwxLWRvY2tlci5wa2cuZGV2L2tvdHRhZ2UtdjIvZ2NmLWFydGlmYWN0cy9rb3R0YWdlLS12Ml9fdXMtLWNlbnRyYWwxX190aWNrZXRzOnZlcnNpb25fMRjZz/OM3xgiO3Byb2plY3RzL2tvdHRhZ2UtdjIvbG9jYXRpb25zL3VzLWNlbnRyYWwxL2Z1bmN0aW9ucy90aWNrZXRzKgwIzdWgzwYQgKL9lQEyCG5vZGVqczIyOnYKI2djci5pby9nYWUtcnVudGltZXMvbm9kZWpzMjI6c3RhYmxlEk91cy1jZW50cmFsMS1kb2NrZXIucGtnLmRldi9zZXJ2ZXJsZXNzLXJ1bnRpbWVzL2dvb2dsZS0yMi1mdWxsL3J1bnRpbWVzL25vZGVqczIyQAE=","serviceAccount":"projects/kottage-v2/serviceAccounts/850162149337-compute@developer.gserviceaccount.com","automaticUpdatePolicy":{}},"serviceConfig":{"service":"projects/kottage-v2/locations/us-central1/services/getemployees","timeoutSeconds":60,"environmentVariables":{"FIREBASE_CONFIG":"{\"projectId\":\"kottage-v2\",\"databaseURL\":\"https://kottage-v2-default-rtdb.firebaseio.com\",\"storageBucket\":\"kottage-v2.appspot.com\",\"locationId\":\"us-central\"}","GCLOUD_PROJECT":"kottage-v2","EVENTARC_CLOUD_EVENT_SOURCE":"projects/kottage-v2/locations/us-central1/services/getEmployees","FUNCTION_TARGET":"getEmployees","LOG_EXECUTION_ID":"true","FUNCTION_SIGNATURE_TYPE":"http"},"ingressSettings":"ALLOW_ALL","uri":"https://getemployees-cxpwli2maq-uc.a.run.app","serviceAccountEmail":"850162149337-compute@developer.gserviceaccount.com","availableMemory":"256Mi","allTrafficOnLatestRevision":true,"revision":"getemployees-00024-zey","maxInstanceRequestConcurrency":80,"availableCpu":"1"},"state":"ACTIVE","labels":{"deployment-tool":"cli-firebase","deployment-callable":"true","firebase-functions-hash":"fa11e580218d160d1d29e6caa6741b69401f3cc4"},"environment":"GEN_2","url":"https://us-central1-kottage-v2.cloudfunctions.net/getEmployees","satisfiesPzi":true},"stages":[{"name":"BUILD","message":"Reusing build","state":"COMPLETE","resource":"projects/850162149337/locations/us-central1/builds/d6465eeb-48cd-4fd9-bcdf-71144af64432"},{"name":"SERVICE","message":"Updating Cloud Run service","state":"IN_PROGRESS","resource":"projects/kottage-v2/locations/us-central1/services/getemployees","resourceUri":"https://console.cloud.google.com/run/detail/us-central1/getemployees?project=kottage-v2","stateMessages":[{"severity":"INFO","type":"CloudRunServiceNewRevisionTrafficInfo","message":"A new revision will be deployed serving with 100% traffic."}]}],"sourceToken":"Cldwcm9qZWN0cy84NTAxNjIxNDkzMzcvbG9jYXRpb25zL3VzLWNlbnRyYWwxL2J1aWxkcy9kNjQ2NWVlYi00OGNkLTRmZDktYmNkZi03MTE0NGFmNjQ0MzISYHVzLWNlbnRyYWwxLWRvY2tlci5wa2cuZGV2L2tvdHRhZ2UtdjIvZ2NmLWFydGlmYWN0cy9rb3R0YWdlLS12Ml9fdXMtLWNlbnRyYWwxX190aWNrZXRzOnZlcnNpb25fMRjZz/OM3xgiO3Byb2plY3RzL2tvdHRhZ2UtdjIvbG9jYXRpb25zL3VzLWNlbnRyYWwxL2Z1bmN0aW9ucy90aWNrZXRzKgwIzdWgzwYQgKL9lQEyCG5vZGVqczIyOnYKI2djci5pby9nYWUtcnVudGltZXMvbm9kZWpzMjI6c3RhYmxlEk91cy1jZW50cmFsMS1kb2NrZXIucGtnLmRldi9zZXJ2ZXJsZXNzLXJ1bnRpbWVzL2dvb2dsZS0yMi1mdWxsL3J1bnRpbWVzL25vZGVqczIyQAE=","operationType":"UPDATE_FUNCTION","buildName":"projects/850162149337/locations/us-central1/builds/d6465eeb-48cd-4fd9-bcdf-71144af64432"},"done":false}
[debug] [2026-04-22T01:56:36.555Z] Got source token Cldwcm9qZWN0cy84NTAxNjIxNDkzMzcvbG9jYXRpb25zL3VzLWNlbnRyYWwxL2J1aWxkcy9kNjQ2NWVlYi00OGNkLTRmZDktYmNkZi03MTE0NGFmNjQ0MzISYHVzLWNlbnRyYWwxLWRvY2tlci5wa2cuZGV2L2tvdHRhZ2UtdjIvZ2NmLWFydGlmYWN0cy9rb3R0YWdlLS12Ml9fdXMtLWNlbnRyYWwxX190aWNrZXRzOnZlcnNpb25fMRjZz/OM3xgiO3Byb2plY3RzL2tvdHRhZ2UtdjIvbG9jYXRpb25zL3VzLWNlbnRyYWwxL2Z1bmN0aW9ucy90aWNrZXRzKgwIzdWgzwYQgKL9lQEyCG5vZGVqczIyOnYKI2djci5pby9nYWUtcnVudGltZXMvbm9kZWpzMjI6c3RhYmxlEk91cy1jZW50cmFsMS1kb2NrZXIucGtnLmRldi9zZXJ2ZXJsZXNzLXJ1bnRpbWVzL2dvb2dsZS0yMi1mdWxsL3J1bnRpbWVzL25vZGVqczIyQAE= for region us-central1
[debug] [2026-04-22T01:56:36.556Z] <<< [apiv2][status] GET https://cloudfunctions.googleapis.com/v2/projects/kottage-v2/locations/us-central1/operations/operation-1776822993048-65002d75452c7-712c74eb-64ef21c3 200
[debug] [2026-04-22T01:56:36.556Z] <<< [apiv2][body] GET https://cloudfunctions.googleapis.com/v2/projects/kottage-v2/locations/us-central1/operations/operation-1776822993048-65002d75452c7-712c74eb-64ef21c3 {"name":"projects/kottage-v2/locations/us-central1/operations/operation-1776822993048-65002d75452c7-712c74eb-64ef21c3","metadata":{"@type":"type.googleapis.com/google.cloud.functions.v2.OperationMetadata","createTime":"2026-04-22T01:56:33.808348017Z","target":"projects/kottage-v2/locations/us-central1/functions/createEmployee","verb":"update","cancelRequested":false,"apiVersion":"v2","requestResource":{"@type":"type.googleapis.com/google.cloud.functions.v2.Function","name":"projects/kottage-v2/locations/us-central1/functions/createEmployee","buildConfig":{"runtime":"nodejs22","entryPoint":"createEmployee","source":{"storageSource":{"bucket":"gcf-v2-sources-850162149337-us-central1","object":"createEmployee/function-source.zip","generation":"1776822993763739"}},"environmentVariables":{"GOOGLE_NODE_RUN_SCRIPTS":""},"dockerRepository":"projects/kottage-v2/locations/us-central1/repositories/gcf-artifacts","sourceProvenance":{"resolvedStorageSource":{"bucket":"gcf-v2-sources-850162149337-us-central1","object":"createEmployee/function-source.zip","generation":"1754620011424395"}},"dockerRegistry":"ARTIFACT_REGISTRY","sourceToken":"Cldwcm9qZWN0cy84NTAxNjIxNDkzMzcvbG9jYXRpb25zL3VzLWNlbnRyYWwxL2J1aWxkcy9kNjQ2NWVlYi00OGNkLTRmZDktYmNkZi03MTE0NGFmNjQ0MzISYHVzLWNlbnRyYWwxLWRvY2tlci5wa2cuZGV2L2tvdHRhZ2UtdjIvZ2NmLWFydGlmYWN0cy9rb3R0YWdlLS12Ml9fdXMtLWNlbnRyYWwxX190aWNrZXRzOnZlcnNpb25fMRjZz/OM3xgiO3Byb2plY3RzL2tvdHRhZ2UtdjIvbG9jYXRpb25zL3VzLWNlbnRyYWwxL2Z1bmN0aW9ucy90aWNrZXRzKgwIzdWgzwYQgKL9lQEyCG5vZGVqczIyOnYKI2djci5pby9nYWUtcnVudGltZXMvbm9kZWpzMjI6c3RhYmxlEk91cy1jZW50cmFsMS1kb2NrZXIucGtnLmRldi9zZXJ2ZXJsZXNzLXJ1bnRpbWVzL2dvb2dsZS0yMi1mdWxsL3J1bnRpbWVzL25vZGVqczIyQAE=","serviceAccount":"projects/kottage-v2/serviceAccounts/850162149337-compute@developer.gserviceaccount.com","automaticUpdatePolicy":{}},"serviceConfig":{"service":"projects/kottage-v2/locations/us-central1/services/createemployee","timeoutSeconds":60,"environmentVariables":{"FIREBASE_CONFIG":"{\"projectId\":\"kottage-v2\",\"databaseURL\":\"https://kottage-v2-default-rtdb.firebaseio.com\",\"storageBucket\":\"kottage-v2.appspot.com\",\"locationId\":\"us-central\"}","GCLOUD_PROJECT":"kottage-v2","EVENTARC_CLOUD_EVENT_SOURCE":"projects/kottage-v2/locations/us-central1/services/createEmployee","FUNCTION_TARGET":"createEmployee","LOG_EXECUTION_ID":"true","FUNCTION_SIGNATURE_TYPE":"http"},"ingressSettings":"ALLOW_ALL","uri":"https://createemployee-cxpwli2maq-uc.a.run.app","serviceAccountEmail":"850162149337-compute@developer.gserviceaccount.com","availableMemory":"256Mi","allTrafficOnLatestRevision":true,"revision":"createemployee-00021-baw","maxInstanceRequestConcurrency":80,"availableCpu":"1"},"state":"ACTIVE","labels":{"deployment-tool":"cli-firebase","deployment-callable":"true","firebase-functions-hash":"fa11e580218d160d1d29e6caa6741b69401f3cc4"},"environment":"GEN_2","url":"https://us-central1-kottage-v2.cloudfunctions.net/createEmployee","satisfiesPzi":true},"stages":[{"name":"BUILD","message":"Reusing build","state":"COMPLETE","resource":"projects/850162149337/locations/us-central1/builds/d6465eeb-48cd-4fd9-bcdf-71144af64432"},{"name":"SERVICE","message":"Updating Cloud Run service","state":"IN_PROGRESS","resource":"projects/kottage-v2/locations/us-central1/services/createemployee","resourceUri":"https://console.cloud.google.com/run/detail/us-central1/createemployee?project=kottage-v2","stateMessages":[{"severity":"INFO","type":"CloudRunServiceNewRevisionTrafficInfo","message":"A new revision will be deployed serving with 100% traffic."}]}],"sourceToken":"Cldwcm9qZWN0cy84NTAxNjIxNDkzMzcvbG9jYXRpb25zL3VzLWNlbnRyYWwxL2J1aWxkcy9kNjQ2NWVlYi00OGNkLTRmZDktYmNkZi03MTE0NGFmNjQ0MzISYHVzLWNlbnRyYWwxLWRvY2tlci5wa2cuZGV2L2tvdHRhZ2UtdjIvZ2NmLWFydGlmYWN0cy9rb3R0YWdlLS12Ml9fdXMtLWNlbnRyYWwxX190aWNrZXRzOnZlcnNpb25fMRjZz/OM3xgiO3Byb2plY3RzL2tvdHRhZ2UtdjIvbG9jYXRpb25zL3VzLWNlbnRyYWwxL2Z1bmN0aW9ucy90aWNrZXRzKgwIzdWgzwYQgKL9lQEyCG5vZGVqczIyOnYKI2djci5pby9nYWUtcnVudGltZXMvbm9kZWpzMjI6c3RhYmxlEk91cy1jZW50cmFsMS1kb2NrZXIucGtnLmRldi9zZXJ2ZXJsZXNzLXJ1bnRpbWVzL2dvb2dsZS0yMi1mdWxsL3J1bnRpbWVzL25vZGVqczIyQAE=","operationType":"UPDATE_FUNCTION","buildName":"projects/850162149337/locations/us-central1/builds/d6465eeb-48cd-4fd9-bcdf-71144af64432"},"done":false}
[debug] [2026-04-22T01:56:36.556Z] Got source token Cldwcm9qZWN0cy84NTAxNjIxNDkzMzcvbG9jYXRpb25zL3VzLWNlbnRyYWwxL2J1aWxkcy9kNjQ2NWVlYi00OGNkLTRmZDktYmNkZi03MTE0NGFmNjQ0MzISYHVzLWNlbnRyYWwxLWRvY2tlci5wa2cuZGV2L2tvdHRhZ2UtdjIvZ2NmLWFydGlmYWN0cy9rb3R0YWdlLS12Ml9fdXMtLWNlbnRyYWwxX190aWNrZXRzOnZlcnNpb25fMRjZz/OM3xgiO3Byb2plY3RzL2tvdHRhZ2UtdjIvbG9jYXRpb25zL3VzLWNlbnRyYWwxL2Z1bmN0aW9ucy90aWNrZXRzKgwIzdWgzwYQgKL9lQEyCG5vZGVqczIyOnYKI2djci5pby9nYWUtcnVudGltZXMvbm9kZWpzMjI6c3RhYmxlEk91cy1jZW50cmFsMS1kb2NrZXIucGtnLmRldi9zZXJ2ZXJsZXNzLXJ1bnRpbWVzL2dvb2dsZS0yMi1mdWxsL3J1bnRpbWVzL25vZGVqczIyQAE= for region us-central1
[debug] [2026-04-22T01:56:36.594Z] <<< [apiv2][status] GET https://cloudfunctions.googleapis.com/v2/projects/kottage-v2/locations/us-central1/operations/operation-1776822993057-65002d7547879-e255cc4f-b6eca79e 200
[debug] [2026-04-22T01:56:36.594Z] <<< [apiv2][body] GET https://cloudfunctions.googleapis.com/v2/projects/kottage-v2/locations/us-central1/operations/operation-1776822993057-65002d7547879-e255cc4f-b6eca79e {"name":"projects/kottage-v2/locations/us-central1/operations/operation-1776822993057-65002d7547879-e255cc4f-b6eca79e","metadata":{"@type":"type.googleapis.com/google.cloud.functions.v2.OperationMetadata","createTime":"2026-04-22T01:56:33.851224694Z","target":"projects/kottage-v2/locations/us-central1/functions/getEmployeeById","verb":"update","cancelRequested":false,"apiVersion":"v2","requestResource":{"@type":"type.googleapis.com/google.cloud.functions.v2.Function","name":"projects/kottage-v2/locations/us-central1/functions/getEmployeeById","buildConfig":{"runtime":"nodejs22","entryPoint":"getEmployeeById","source":{"storageSource":{"bucket":"gcf-v2-sources-850162149337-us-central1","object":"getEmployeeById/function-source.zip","generation":"1776822993809838"}},"environmentVariables":{"GOOGLE_NODE_RUN_SCRIPTS":""},"dockerRepository":"projects/kottage-v2/locations/us-central1/repositories/gcf-artifacts","sourceProvenance":{"resolvedStorageSource":{"bucket":"gcf-v2-sources-850162149337-us-central1","object":"getEmployeeById/function-source.zip","generation":"1754620011367671"}},"dockerRegistry":"ARTIFACT_REGISTRY","sourceToken":"Cldwcm9qZWN0cy84NTAxNjIxNDkzMzcvbG9jYXRpb25zL3VzLWNlbnRyYWwxL2J1aWxkcy9kNjQ2NWVlYi00OGNkLTRmZDktYmNkZi03MTE0NGFmNjQ0MzISYHVzLWNlbnRyYWwxLWRvY2tlci5wa2cuZGV2L2tvdHRhZ2UtdjIvZ2NmLWFydGlmYWN0cy9rb3R0YWdlLS12Ml9fdXMtLWNlbnRyYWwxX190aWNrZXRzOnZlcnNpb25fMRjZz/OM3xgiO3Byb2plY3RzL2tvdHRhZ2UtdjIvbG9jYXRpb25zL3VzLWNlbnRyYWwxL2Z1bmN0aW9ucy90aWNrZXRzKgwIzdWgzwYQgKL9lQEyCG5vZGVqczIyOnYKI2djci5pby9nYWUtcnVudGltZXMvbm9kZWpzMjI6c3RhYmxlEk91cy1jZW50cmFsMS1kb2NrZXIucGtnLmRldi9zZXJ2ZXJsZXNzLXJ1bnRpbWVzL2dvb2dsZS0yMi1mdWxsL3J1bnRpbWVzL25vZGVqczIyQAE=","serviceAccount":"projects/kottage-v2/serviceAccounts/850162149337-compute@developer.gserviceaccount.com","automaticUpdatePolicy":{}},"serviceConfig":{"service":"projects/kottage-v2/locations/us-central1/services/getemployeebyid","timeoutSeconds":60,"environmentVariables":{"FIREBASE_CONFIG":"{\"projectId\":\"kottage-v2\",\"databaseURL\":\"https://kottage-v2-default-rtdb.firebaseio.com\",\"storageBucket\":\"kottage-v2.appspot.com\",\"locationId\":\"us-central\"}","GCLOUD_PROJECT":"kottage-v2","EVENTARC_CLOUD_EVENT_SOURCE":"projects/kottage-v2/locations/us-central1/services/getEmployeeById","FUNCTION_TARGET":"getEmployeeById","LOG_EXECUTION_ID":"true","FUNCTION_SIGNATURE_TYPE":"http"},"ingressSettings":"ALLOW_ALL","uri":"https://getemployeebyid-cxpwli2maq-uc.a.run.app","serviceAccountEmail":"850162149337-compute@developer.gserviceaccount.com","availableMemory":"256Mi","allTrafficOnLatestRevision":true,"revision":"getemployeebyid-00016-bov","maxInstanceRequestConcurrency":80,"availableCpu":"1"},"state":"ACTIVE","labels":{"deployment-tool":"cli-firebase","deployment-callable":"true","firebase-functions-hash":"fa11e580218d160d1d29e6caa6741b69401f3cc4"},"environment":"GEN_2","url":"https://us-central1-kottage-v2.cloudfunctions.net/getEmployeeById","satisfiesPzi":true},"stages":[{"name":"BUILD","message":"Reusing build","state":"COMPLETE","resource":"projects/850162149337/locations/us-central1/builds/d6465eeb-48cd-4fd9-bcdf-71144af64432"},{"name":"SERVICE","message":"Updating Cloud Run service","state":"IN_PROGRESS","resource":"projects/kottage-v2/locations/us-central1/services/getemployeebyid","resourceUri":"https://console.cloud.google.com/run/detail/us-central1/getemployeebyid?project=kottage-v2","stateMessages":[{"severity":"INFO","type":"CloudRunServiceNewRevisionTrafficInfo","message":"A new revision will be deployed serving with 100% traffic."}]}],"sourceToken":"Cldwcm9qZWN0cy84NTAxNjIxNDkzMzcvbG9jYXRpb25zL3VzLWNlbnRyYWwxL2J1aWxkcy9kNjQ2NWVlYi00OGNkLTRmZDktYmNkZi03MTE0NGFmNjQ0MzISYHVzLWNlbnRyYWwxLWRvY2tlci5wa2cuZGV2L2tvdHRhZ2UtdjIvZ2NmLWFydGlmYWN0cy9rb3R0YWdlLS12Ml9fdXMtLWNlbnRyYWwxX190aWNrZXRzOnZlcnNpb25fMRjZz/OM3xgiO3Byb2plY3RzL2tvdHRhZ2UtdjIvbG9jYXRpb25zL3VzLWNlbnRyYWwxL2Z1bmN0aW9ucy90aWNrZXRzKgwIzdWgzwYQgKL9lQEyCG5vZGVqczIyOnYKI2djci5pby9nYWUtcnVudGltZXMvbm9kZWpzMjI6c3RhYmxlEk91cy1jZW50cmFsMS1kb2NrZXIucGtnLmRldi9zZXJ2ZXJsZXNzLXJ1bnRpbWVzL2dvb2dsZS0yMi1mdWxsL3J1bnRpbWVzL25vZGVqczIyQAE=","operationType":"UPDATE_FUNCTION","buildName":"projects/850162149337/locations/us-central1/builds/d6465eeb-48cd-4fd9-bcdf-71144af64432"},"done":false}
[debug] [2026-04-22T01:56:36.595Z] Got source token Cldwcm9qZWN0cy84NTAxNjIxNDkzMzcvbG9jYXRpb25zL3VzLWNlbnRyYWwxL2J1aWxkcy9kNjQ2NWVlYi00OGNkLTRmZDktYmNkZi03MTE0NGFmNjQ0MzISYHVzLWNlbnRyYWwxLWRvY2tlci5wa2cuZGV2L2tvdHRhZ2UtdjIvZ2NmLWFydGlmYWN0cy9rb3R0YWdlLS12Ml9fdXMtLWNlbnRyYWwxX190aWNrZXRzOnZlcnNpb25fMRjZz/OM3xgiO3Byb2plY3RzL2tvdHRhZ2UtdjIvbG9jYXRpb25zL3VzLWNlbnRyYWwxL2Z1bmN0aW9ucy90aWNrZXRzKgwIzdWgzwYQgKL9lQEyCG5vZGVqczIyOnYKI2djci5pby9nYWUtcnVudGltZXMvbm9kZWpzMjI6c3RhYmxlEk91cy1jZW50cmFsMS1kb2NrZXIucGtnLmRldi9zZXJ2ZXJsZXNzLXJ1bnRpbWVzL2dvb2dsZS0yMi1mdWxsL3J1bnRpbWVzL25vZGVqczIyQAE= for region us-central1
[debug] [2026-04-22T01:56:36.596Z] <<< [apiv2][status] GET https://cloudfunctions.googleapis.com/v2/projects/kottage-v2/locations/us-central1/operations/operation-1776822992940-65002d752acde-62e70fde-ad7adde3 200
[debug] [2026-04-22T01:56:36.596Z] <<< [apiv2][body] GET https://cloudfunctions.googleapis.com/v2/projects/kottage-v2/locations/us-central1/operations/operation-1776822992940-65002d752acde-62e70fde-ad7adde3 {"name":"projects/kottage-v2/locations/us-central1/operations/operation-1776822992940-65002d752acde-62e70fde-ad7adde3","metadata":{"@type":"type.googleapis.com/google.cloud.functions.v2.OperationMetadata","createTime":"2026-04-22T01:56:33.826376321Z","target":"projects/kottage-v2/locations/us-central1/functions/getPropertyAnalytics","verb":"update","cancelRequested":false,"apiVersion":"v2","requestResource":{"@type":"type.googleapis.com/google.cloud.functions.v2.Function","name":"projects/kottage-v2/locations/us-central1/functions/getPropertyAnalytics","buildConfig":{"runtime":"nodejs22","entryPoint":"getPropertyAnalytics","source":{"storageSource":{"bucket":"gcf-v2-sources-850162149337-us-central1","object":"getPropertyAnalytics/function-source.zip","generation":"1776822993777522"}},"environmentVariables":{"GOOGLE_NODE_RUN_SCRIPTS":""},"dockerRepository":"projects/kottage-v2/locations/us-central1/repositories/gcf-artifacts","sourceProvenance":{"resolvedStorageSource":{"bucket":"gcf-v2-sources-850162149337-us-central1","object":"getPropertyAnalytics/function-source.zip","generation":"1754620010962634"}},"dockerRegistry":"ARTIFACT_REGISTRY","sourceToken":"Cldwcm9qZWN0cy84NTAxNjIxNDkzMzcvbG9jYXRpb25zL3VzLWNlbnRyYWwxL2J1aWxkcy9kNjQ2NWVlYi00OGNkLTRmZDktYmNkZi03MTE0NGFmNjQ0MzISYHVzLWNlbnRyYWwxLWRvY2tlci5wa2cuZGV2L2tvdHRhZ2UtdjIvZ2NmLWFydGlmYWN0cy9rb3R0YWdlLS12Ml9fdXMtLWNlbnRyYWwxX190aWNrZXRzOnZlcnNpb25fMRjZz/OM3xgiO3Byb2plY3RzL2tvdHRhZ2UtdjIvbG9jYXRpb25zL3VzLWNlbnRyYWwxL2Z1bmN0aW9ucy90aWNrZXRzKgwIzdWgzwYQgKL9lQEyCG5vZGVqczIyOnYKI2djci5pby9nYWUtcnVudGltZXMvbm9kZWpzMjI6c3RhYmxlEk91cy1jZW50cmFsMS1kb2NrZXIucGtnLmRldi9zZXJ2ZXJsZXNzLXJ1bnRpbWVzL2dvb2dsZS0yMi1mdWxsL3J1bnRpbWVzL25vZGVqczIyQAE=","serviceAccount":"projects/kottage-v2/serviceAccounts/850162149337-compute@developer.gserviceaccount.com","automaticUpdatePolicy":{}},"serviceConfig":{"service":"projects/kottage-v2/locations/us-central1/services/getpropertyanalytics","timeoutSeconds":60,"environmentVariables":{"FIREBASE_CONFIG":"{\"projectId\":\"kottage-v2\",\"databaseURL\":\"https://kottage-v2-default-rtdb.firebaseio.com\",\"storageBucket\":\"kottage-v2.appspot.com\",\"locationId\":\"us-central\"}","GCLOUD_PROJECT":"kottage-v2","EVENTARC_CLOUD_EVENT_SOURCE":"projects/kottage-v2/locations/us-central1/services/getPropertyAnalytics","FUNCTION_TARGET":"getPropertyAnalytics","LOG_EXECUTION_ID":"true","FUNCTION_SIGNATURE_TYPE":"http"},"ingressSettings":"ALLOW_ALL","uri":"https://getpropertyanalytics-cxpwli2maq-uc.a.run.app","serviceAccountEmail":"850162149337-compute@developer.gserviceaccount.com","availableMemory":"256Mi","allTrafficOnLatestRevision":true,"revision":"getpropertyanalytics-00001-fol","maxInstanceRequestConcurrency":80,"availableCpu":"1"},"state":"ACTIVE","labels":{"deployment-tool":"cli-firebase","deployment-callable":"true","firebase-functions-hash":"fa11e580218d160d1d29e6caa6741b69401f3cc4"},"environment":"GEN_2","url":"https://us-central1-kottage-v2.cloudfunctions.net/getPropertyAnalytics","satisfiesPzi":true},"stages":[{"name":"BUILD","message":"Reusing build","state":"COMPLETE","resource":"projects/850162149337/locations/us-central1/builds/d6465eeb-48cd-4fd9-bcdf-71144af64432"},{"name":"SERVICE","message":"Updating Cloud Run service","state":"IN_PROGRESS","resource":"projects/kottage-v2/locations/us-central1/services/getpropertyanalytics","resourceUri":"https://console.cloud.google.com/run/detail/us-central1/getpropertyanalytics?project=kottage-v2","stateMessages":[{"severity":"INFO","type":"CloudRunServiceNewRevisionTrafficInfo","message":"A new revision will be deployed serving with 100% traffic."}]}],"sourceToken":"Cldwcm9qZWN0cy84NTAxNjIxNDkzMzcvbG9jYXRpb25zL3VzLWNlbnRyYWwxL2J1aWxkcy9kNjQ2NWVlYi00OGNkLTRmZDktYmNkZi03MTE0NGFmNjQ0MzISYHVzLWNlbnRyYWwxLWRvY2tlci5wa2cuZGV2L2tvdHRhZ2UtdjIvZ2NmLWFydGlmYWN0cy9rb3R0YWdlLS12Ml9fdXMtLWNlbnRyYWwxX190aWNrZXRzOnZlcnNpb25fMRjZz/OM3xgiO3Byb2plY3RzL2tvdHRhZ2UtdjIvbG9jYXRpb25zL3VzLWNlbnRyYWwxL2Z1bmN0aW9ucy90aWNrZXRzKgwIzdWgzwYQgKL9lQEyCG5vZGVqczIyOnYKI2djci5pby9nYWUtcnVudGltZXMvbm9kZWpzMjI6c3RhYmxlEk91cy1jZW50cmFsMS1kb2NrZXIucGtnLmRldi9zZXJ2ZXJsZXNzLXJ1bnRpbWVzL2dvb2dsZS0yMi1mdWxsL3J1bnRpbWVzL25vZGVqczIyQAE=","operationType":"UPDATE_FUNCTION","buildName":"projects/850162149337/locations/us-central1/builds/d6465eeb-48cd-4fd9-bcdf-71144af64432"},"done":false}
[debug] [2026-04-22T01:56:36.596Z] Got source token Cldwcm9qZWN0cy84NTAxNjIxNDkzMzcvbG9jYXRpb25zL3VzLWNlbnRyYWwxL2J1aWxkcy9kNjQ2NWVlYi00OGNkLTRmZDktYmNkZi03MTE0NGFmNjQ0MzISYHVzLWNlbnRyYWwxLWRvY2tlci5wa2cuZGV2L2tvdHRhZ2UtdjIvZ2NmLWFydGlmYWN0cy9rb3R0YWdlLS12Ml9fdXMtLWNlbnRyYWwxX190aWNrZXRzOnZlcnNpb25fMRjZz/OM3xgiO3Byb2plY3RzL2tvdHRhZ2UtdjIvbG9jYXRpb25zL3VzLWNlbnRyYWwxL2Z1bmN0aW9ucy90aWNrZXRzKgwIzdWgzwYQgKL9lQEyCG5vZGVqczIyOnYKI2djci5pby9nYWUtcnVudGltZXMvbm9kZWpzMjI6c3RhYmxlEk91cy1jZW50cmFsMS1kb2NrZXIucGtnLmRldi9zZXJ2ZXJsZXNzLXJ1bnRpbWVzL2dvb2dsZS0yMi1mdWxsL3J1bnRpbWVzL25vZGVqczIyQAE= for region us-central1
[debug] [2026-04-22T01:56:36.600Z] <<< [apiv2][status] GET https://cloudfunctions.googleapis.com/v2/projects/kottage-v2/locations/us-central1/operations/operation-1776822993057-65002d75478c1-6bbcce2c-580a70d2 200
[debug] [2026-04-22T01:56:36.600Z] <<< [apiv2][body] GET https://cloudfunctions.googleapis.com/v2/projects/kottage-v2/locations/us-central1/operations/operation-1776822993057-65002d75478c1-6bbcce2c-580a70d2 {"name":"projects/kottage-v2/locations/us-central1/operations/operation-1776822993057-65002d75478c1-6bbcce2c-580a70d2","metadata":{"@type":"type.googleapis.com/google.cloud.functions.v2.OperationMetadata","createTime":"2026-04-22T01:56:33.853604287Z","target":"projects/kottage-v2/locations/us-central1/functions/onBookingCreated","verb":"update","cancelRequested":false,"apiVersion":"v2","requestResource":{"@type":"type.googleapis.com/google.cloud.functions.v2.Function","name":"projects/kottage-v2/locations/us-central1/functions/onBookingCreated","buildConfig":{"runtime":"nodejs22","entryPoint":"onBookingCreated","source":{"storageSource":{"bucket":"gcf-v2-sources-850162149337-us-central1","object":"onBookingCreated/function-source.zip","generation":"1776822993804841"}},"environmentVariables":{"GOOGLE_NODE_RUN_SCRIPTS":""},"dockerRepository":"projects/kottage-v2/locations/us-central1/repositories/gcf-artifacts","sourceProvenance":{"resolvedStorageSource":{"bucket":"gcf-v2-sources-850162149337-us-central1","object":"onBookingCreated/function-source.zip","generation":"1754620010959722"}},"dockerRegistry":"ARTIFACT_REGISTRY","sourceToken":"Cldwcm9qZWN0cy84NTAxNjIxNDkzMzcvbG9jYXRpb25zL3VzLWNlbnRyYWwxL2J1aWxkcy9kNjQ2NWVlYi00OGNkLTRmZDktYmNkZi03MTE0NGFmNjQ0MzISYHVzLWNlbnRyYWwxLWRvY2tlci5wa2cuZGV2L2tvdHRhZ2UtdjIvZ2NmLWFydGlmYWN0cy9rb3R0YWdlLS12Ml9fdXMtLWNlbnRyYWwxX190aWNrZXRzOnZlcnNpb25fMRjZz/OM3xgiO3Byb2plY3RzL2tvdHRhZ2UtdjIvbG9jYXRpb25zL3VzLWNlbnRyYWwxL2Z1bmN0aW9ucy90aWNrZXRzKgwIzdWgzwYQgKL9lQEyCG5vZGVqczIyOnYKI2djci5pby9nYWUtcnVudGltZXMvbm9kZWpzMjI6c3RhYmxlEk91cy1jZW50cmFsMS1kb2NrZXIucGtnLmRldi9zZXJ2ZXJsZXNzLXJ1bnRpbWVzL2dvb2dsZS0yMi1mdWxsL3J1bnRpbWVzL25vZGVqczIyQAE=","serviceAccount":"projects/kottage-v2/serviceAccounts/850162149337-compute@developer.gserviceaccount.com","automaticUpdatePolicy":{}},"serviceConfig":{"service":"projects/kottage-v2/locations/us-central1/services/onbookingcreated","timeoutSeconds":60,"environmentVariables":{"FIREBASE_CONFIG":"{\"projectId\":\"kottage-v2\",\"databaseURL\":\"https://kottage-v2-default-rtdb.firebaseio.com\",\"storageBucket\":\"kottage-v2.appspot.com\",\"locationId\":\"us-central\"}","GCLOUD_PROJECT":"kottage-v2","EVENTARC_CLOUD_EVENT_SOURCE":"projects/kottage-v2/locations/us-central1/services/onBookingCreated","FUNCTION_SIGNATURE_TYPE":"cloudevent","FUNCTION_TARGET":"onBookingCreated","LOG_EXECUTION_ID":"true"},"ingressSettings":"ALLOW_ALL","uri":"https://onbookingcreated-cxpwli2maq-uc.a.run.app","serviceAccountEmail":"850162149337-compute@developer.gserviceaccount.com","availableMemory":"256Mi","allTrafficOnLatestRevision":true,"revision":"onbookingcreated-00001-bap","maxInstanceRequestConcurrency":80,"availableCpu":"1"},"eventTrigger":{"trigger":"projects/kottage-v2/locations/us-central1/triggers/onbookingcreated-452417","triggerRegion":"us-central1","eventType":"google.firebase.database.ref.v1.written","eventFilters":[{"attribute":"ref","value":"bookings/{bookingId}","operator":"match-path-pattern"},{"attribute":"instance","value":"*","operator":"match-path-pattern"}],"pubsubTopic":"projects/kottage-v2/topics/eventarc-us-central1-onbookingcreated-452417-558","serviceAccountEmail":"850162149337-compute@developer.gserviceaccount.com","retryPolicy":"RETRY_POLICY_DO_NOT_RETRY"},"state":"ACTIVE","labels":{"deployment-tool":"cli-firebase","firebase-functions-hash":"fa11e580218d160d1d29e6caa6741b69401f3cc4"},"environment":"GEN_2","url":"https://us-central1-kottage-v2.cloudfunctions.net/onBookingCreated","satisfiesPzi":true},"stages":[{"name":"BUILD","message":"Reusing build","state":"COMPLETE","resource":"projects/850162149337/locations/us-central1/builds/d6465eeb-48cd-4fd9-bcdf-71144af64432"},{"name":"SERVICE","message":"Updating Cloud Run service","state":"IN_PROGRESS","resource":"projects/kottage-v2/locations/us-central1/services/onbookingcreated","resourceUri":"https://console.cloud.google.com/run/detail/us-central1/onbookingcreated?project=kottage-v2","stateMessages":[{"severity":"INFO","type":"CloudRunServiceNewRevisionTrafficInfo","message":"A new revision will be deployed serving with 100% traffic."}]},{"name":"TRIGGER","state":"NOT_STARTED"}],"sourceToken":"Cldwcm9qZWN0cy84NTAxNjIxNDkzMzcvbG9jYXRpb25zL3VzLWNlbnRyYWwxL2J1aWxkcy9kNjQ2NWVlYi00OGNkLTRmZDktYmNkZi03MTE0NGFmNjQ0MzISYHVzLWNlbnRyYWwxLWRvY2tlci5wa2cuZGV2L2tvdHRhZ2UtdjIvZ2NmLWFydGlmYWN0cy9rb3R0YWdlLS12Ml9fdXMtLWNlbnRyYWwxX190aWNrZXRzOnZlcnNpb25fMRjZz/OM3xgiO3Byb2plY3RzL2tvdHRhZ2UtdjIvbG9jYXRpb25zL3VzLWNlbnRyYWwxL2Z1bmN0aW9ucy90aWNrZXRzKgwIzdWgzwYQgKL9lQEyCG5vZGVqczIyOnYKI2djci5pby9nYWUtcnVudGltZXMvbm9kZWpzMjI6c3RhYmxlEk91cy1jZW50cmFsMS1kb2NrZXIucGtnLmRldi9zZXJ2ZXJsZXNzLXJ1bnRpbWVzL2dvb2dsZS0yMi1mdWxsL3J1bnRpbWVzL25vZGVqczIyQAE=","operationType":"UPDATE_FUNCTION","buildName":"projects/850162149337/locations/us-central1/builds/d6465eeb-48cd-4fd9-bcdf-71144af64432"},"done":false}
[debug] [2026-04-22T01:56:36.600Z] Got source token Cldwcm9qZWN0cy84NTAxNjIxNDkzMzcvbG9jYXRpb25zL3VzLWNlbnRyYWwxL2J1aWxkcy9kNjQ2NWVlYi00OGNkLTRmZDktYmNkZi03MTE0NGFmNjQ0MzISYHVzLWNlbnRyYWwxLWRvY2tlci5wa2cuZGV2L2tvdHRhZ2UtdjIvZ2NmLWFydGlmYWN0cy9rb3R0YWdlLS12Ml9fdXMtLWNlbnRyYWwxX190aWNrZXRzOnZlcnNpb25fMRjZz/OM3xgiO3Byb2plY3RzL2tvdHRhZ2UtdjIvbG9jYXRpb25zL3VzLWNlbnRyYWwxL2Z1bmN0aW9ucy90aWNrZXRzKgwIzdWgzwYQgKL9lQEyCG5vZGVqczIyOnYKI2djci5pby9nYWUtcnVudGltZXMvbm9kZWpzMjI6c3RhYmxlEk91cy1jZW50cmFsMS1kb2NrZXIucGtnLmRldi9zZXJ2ZXJsZXNzLXJ1bnRpbWVzL2dvb2dsZS0yMi1mdWxsL3J1bnRpbWVzL25vZGVqczIyQAE= for region us-central1
[debug] [2026-04-22T01:56:36.615Z] <<< [apiv2][status] GET https://cloudfunctions.googleapis.com/v2/projects/kottage-v2/locations/us-central1/operations/operation-1776822993049-65002d7545637-c881caa5-1cf9ab11 200
[debug] [2026-04-22T01:56:36.616Z] <<< [apiv2][body] GET https://cloudfunctions.googleapis.com/v2/projects/kottage-v2/locations/us-central1/operations/operation-1776822993049-65002d7545637-c881caa5-1cf9ab11 {"name":"projects/kottage-v2/locations/us-central1/operations/operation-1776822993049-65002d7545637-c881caa5-1cf9ab11","metadata":{"@type":"type.googleapis.com/google.cloud.functions.v2.OperationMetadata","createTime":"2026-04-22T01:56:33.859639060Z","target":"projects/kottage-v2/locations/us-central1/functions/setHostClaims","verb":"update","cancelRequested":false,"apiVersion":"v2","requestResource":{"@type":"type.googleapis.com/google.cloud.functions.v2.Function","name":"projects/kottage-v2/locations/us-central1/functions/setHostClaims","buildConfig":{"runtime":"nodejs22","entryPoint":"setHostClaims","source":{"storageSource":{"bucket":"gcf-v2-sources-850162149337-us-central1","object":"setHostClaims/function-source.zip","generation":"1776822993815490"}},"environmentVariables":{"GOOGLE_NODE_RUN_SCRIPTS":""},"dockerRepository":"projects/kottage-v2/locations/us-central1/repositories/gcf-artifacts","sourceProvenance":{"resolvedStorageSource":{"bucket":"gcf-v2-sources-850162149337-us-central1","object":"setHostClaims/function-source.zip","generation":"1754620011183984"}},"dockerRegistry":"ARTIFACT_REGISTRY","sourceToken":"Cldwcm9qZWN0cy84NTAxNjIxNDkzMzcvbG9jYXRpb25zL3VzLWNlbnRyYWwxL2J1aWxkcy9kNjQ2NWVlYi00OGNkLTRmZDktYmNkZi03MTE0NGFmNjQ0MzISYHVzLWNlbnRyYWwxLWRvY2tlci5wa2cuZGV2L2tvdHRhZ2UtdjIvZ2NmLWFydGlmYWN0cy9rb3R0YWdlLS12Ml9fdXMtLWNlbnRyYWwxX190aWNrZXRzOnZlcnNpb25fMRjZz/OM3xgiO3Byb2plY3RzL2tvdHRhZ2UtdjIvbG9jYXRpb25zL3VzLWNlbnRyYWwxL2Z1bmN0aW9ucy90aWNrZXRzKgwIzdWgzwYQgKL9lQEyCG5vZGVqczIyOnYKI2djci5pby9nYWUtcnVudGltZXMvbm9kZWpzMjI6c3RhYmxlEk91cy1jZW50cmFsMS1kb2NrZXIucGtnLmRldi9zZXJ2ZXJsZXNzLXJ1bnRpbWVzL2dvb2dsZS0yMi1mdWxsL3J1bnRpbWVzL25vZGVqczIyQAE=","serviceAccount":"projects/kottage-v2/serviceAccounts/850162149337-compute@developer.gserviceaccount.com","automaticUpdatePolicy":{}},"serviceConfig":{"service":"projects/kottage-v2/locations/us-central1/services/sethostclaims","timeoutSeconds":60,"environmentVariables":{"FIREBASE_CONFIG":"{\"projectId\":\"kottage-v2\",\"databaseURL\":\"https://kottage-v2-default-rtdb.firebaseio.com\",\"storageBucket\":\"kottage-v2.appspot.com\",\"locationId\":\"us-central\"}","GCLOUD_PROJECT":"kottage-v2","EVENTARC_CLOUD_EVENT_SOURCE":"projects/kottage-v2/locations/us-central1/services/setHostClaims","FUNCTION_TARGET":"setHostClaims","LOG_EXECUTION_ID":"true","FUNCTION_SIGNATURE_TYPE":"http"},"maxInstanceCount":10,"ingressSettings":"ALLOW_ALL","uri":"https://sethostclaims-cxpwli2maq-uc.a.run.app","serviceAccountEmail":"850162149337-compute@developer.gserviceaccount.com","availableMemory":"256Mi","allTrafficOnLatestRevision":true,"revision":"sethostclaims-00012-jam","maxInstanceRequestConcurrency":80,"availableCpu":"1"},"state":"ACTIVE","labels":{"deployment-tool":"cli-firebase","deployment-callable":"true","firebase-functions-hash":"fa11e580218d160d1d29e6caa6741b69401f3cc4"},"environment":"GEN_2","url":"https://us-central1-kottage-v2.cloudfunctions.net/setHostClaims","satisfiesPzi":true},"stages":[{"name":"BUILD","message":"Reusing build","state":"COMPLETE","resource":"projects/850162149337/locations/us-central1/builds/d6465eeb-48cd-4fd9-bcdf-71144af64432"},{"name":"SERVICE","message":"Updating Cloud Run service","state":"IN_PROGRESS","resource":"projects/kottage-v2/locations/us-central1/services/sethostclaims","resourceUri":"https://console.cloud.google.com/run/detail/us-central1/sethostclaims?project=kottage-v2","stateMessages":[{"severity":"INFO","type":"CloudRunServiceNewRevisionTrafficInfo","message":"A new revision will be deployed serving with 100% traffic."}]}],"sourceToken":"Cldwcm9qZWN0cy84NTAxNjIxNDkzMzcvbG9jYXRpb25zL3VzLWNlbnRyYWwxL2J1aWxkcy9kNjQ2NWVlYi00OGNkLTRmZDktYmNkZi03MTE0NGFmNjQ0MzISYHVzLWNlbnRyYWwxLWRvY2tlci5wa2cuZGV2L2tvdHRhZ2UtdjIvZ2NmLWFydGlmYWN0cy9rb3R0YWdlLS12Ml9fdXMtLWNlbnRyYWwxX190aWNrZXRzOnZlcnNpb25fMRjZz/OM3xgiO3Byb2plY3RzL2tvdHRhZ2UtdjIvbG9jYXRpb25zL3VzLWNlbnRyYWwxL2Z1bmN0aW9ucy90aWNrZXRzKgwIzdWgzwYQgKL9lQEyCG5vZGVqczIyOnYKI2djci5pby9nYWUtcnVudGltZXMvbm9kZWpzMjI6c3RhYmxlEk91cy1jZW50cmFsMS1kb2NrZXIucGtnLmRldi9zZXJ2ZXJsZXNzLXJ1bnRpbWVzL2dvb2dsZS0yMi1mdWxsL3J1bnRpbWVzL25vZGVqczIyQAE=","operationType":"UPDATE_FUNCTION","buildName":"projects/850162149337/locations/us-central1/builds/d6465eeb-48cd-4fd9-bcdf-71144af64432"},"done":false}
[debug] [2026-04-22T01:56:36.616Z] Got source token Cldwcm9qZWN0cy84NTAxNjIxNDkzMzcvbG9jYXRpb25zL3VzLWNlbnRyYWwxL2J1aWxkcy9kNjQ2NWVlYi00OGNkLTRmZDktYmNkZi03MTE0NGFmNjQ0MzISYHVzLWNlbnRyYWwxLWRvY2tlci5wa2cuZGV2L2tvdHRhZ2UtdjIvZ2NmLWFydGlmYWN0cy9rb3R0YWdlLS12Ml9fdXMtLWNlbnRyYWwxX190aWNrZXRzOnZlcnNpb25fMRjZz/OM3xgiO3Byb2plY3RzL2tvdHRhZ2UtdjIvbG9jYXRpb25zL3VzLWNlbnRyYWwxL2Z1bmN0aW9ucy90aWNrZXRzKgwIzdWgzwYQgKL9lQEyCG5vZGVqczIyOnYKI2djci5pby9nYWUtcnVudGltZXMvbm9kZWpzMjI6c3RhYmxlEk91cy1jZW50cmFsMS1kb2NrZXIucGtnLmRldi9zZXJ2ZXJsZXNzLXJ1bnRpbWVzL2dvb2dsZS0yMi1mdWxsL3J1bnRpbWVzL25vZGVqczIyQAE= for region us-central1
[debug] [2026-04-22T01:56:36.633Z] <<< [apiv2][status] GET https://cloudfunctions.googleapis.com/v2/projects/kottage-v2/locations/us-central1/operations/operation-1776822993062-65002d7548bcf-671d4a50-aa290b30 200
[debug] [2026-04-22T01:56:36.633Z] <<< [apiv2][body] GET https://cloudfunctions.googleapis.com/v2/projects/kottage-v2/locations/us-central1/operations/operation-1776822993062-65002d7548bcf-671d4a50-aa290b30 {"name":"projects/kottage-v2/locations/us-central1/operations/operation-1776822993062-65002d7548bcf-671d4a50-aa290b30","metadata":{"@type":"type.googleapis.com/google.cloud.functions.v2.OperationMetadata","createTime":"2026-04-22T01:56:33.871616479Z","target":"projects/kottage-v2/locations/us-central1/functions/trackUserInteraction","verb":"update","cancelRequested":false,"apiVersion":"v2","requestResource":{"@type":"type.googleapis.com/google.cloud.functions.v2.Function","name":"projects/kottage-v2/locations/us-central1/functions/trackUserInteraction","buildConfig":{"runtime":"nodejs22","entryPoint":"trackUserInteraction","source":{"storageSource":{"bucket":"gcf-v2-sources-850162149337-us-central1","object":"trackUserInteraction/function-source.zip","generation":"1776822993819480"}},"environmentVariables":{"GOOGLE_NODE_RUN_SCRIPTS":""},"dockerRepository":"projects/kottage-v2/locations/us-central1/repositories/gcf-artifacts","sourceProvenance":{"resolvedStorageSource":{"bucket":"gcf-v2-sources-850162149337-us-central1","object":"trackUserInteraction/function-source.zip","generation":"1754619951073278"}},"dockerRegistry":"ARTIFACT_REGISTRY","sourceToken":"Cldwcm9qZWN0cy84NTAxNjIxNDkzMzcvbG9jYXRpb25zL3VzLWNlbnRyYWwxL2J1aWxkcy9kNjQ2NWVlYi00OGNkLTRmZDktYmNkZi03MTE0NGFmNjQ0MzISYHVzLWNlbnRyYWwxLWRvY2tlci5wa2cuZGV2L2tvdHRhZ2UtdjIvZ2NmLWFydGlmYWN0cy9rb3R0YWdlLS12Ml9fdXMtLWNlbnRyYWwxX190aWNrZXRzOnZlcnNpb25fMRjZz/OM3xgiO3Byb2plY3RzL2tvdHRhZ2UtdjIvbG9jYXRpb25zL3VzLWNlbnRyYWwxL2Z1bmN0aW9ucy90aWNrZXRzKgwIzdWgzwYQgKL9lQEyCG5vZGVqczIyOnYKI2djci5pby9nYWUtcnVudGltZXMvbm9kZWpzMjI6c3RhYmxlEk91cy1jZW50cmFsMS1kb2NrZXIucGtnLmRldi9zZXJ2ZXJsZXNzLXJ1bnRpbWVzL2dvb2dsZS0yMi1mdWxsL3J1bnRpbWVzL25vZGVqczIyQAE=","serviceAccount":"projects/kottage-v2/serviceAccounts/850162149337-compute@developer.gserviceaccount.com","automaticUpdatePolicy":{}},"serviceConfig":{"service":"projects/kottage-v2/locations/us-central1/services/trackuserinteraction","timeoutSeconds":60,"environmentVariables":{"FIREBASE_CONFIG":"{\"projectId\":\"kottage-v2\",\"databaseURL\":\"https://kottage-v2-default-rtdb.firebaseio.com\",\"storageBucket\":\"kottage-v2.appspot.com\",\"locationId\":\"us-central\"}","GCLOUD_PROJECT":"kottage-v2","EVENTARC_CLOUD_EVENT_SOURCE":"projects/kottage-v2/locations/us-central1/services/trackUserInteraction","FUNCTION_TARGET":"trackUserInteraction","LOG_EXECUTION_ID":"true","FUNCTION_SIGNATURE_TYPE":"http"},"ingressSettings":"ALLOW_ALL","uri":"https://trackuserinteraction-cxpwli2maq-uc.a.run.app","serviceAccountEmail":"850162149337-compute@developer.gserviceaccount.com","availableMemory":"256Mi","allTrafficOnLatestRevision":true,"revision":"trackuserinteraction-00001-gos","maxInstanceRequestConcurrency":80,"availableCpu":"1"},"state":"ACTIVE","labels":{"deployment-tool":"cli-firebase","deployment-callable":"true","firebase-functions-hash":"fa11e580218d160d1d29e6caa6741b69401f3cc4"},"environment":"GEN_2","url":"https://us-central1-kottage-v2.cloudfunctions.net/trackUserInteraction","satisfiesPzi":true},"stages":[{"name":"BUILD","message":"Reusing build","state":"COMPLETE","resource":"projects/850162149337/locations/us-central1/builds/d6465eeb-48cd-4fd9-bcdf-71144af64432"},{"name":"SERVICE","message":"Updating Cloud Run service","state":"IN_PROGRESS","resource":"projects/kottage-v2/locations/us-central1/services/trackuserinteraction","resourceUri":"https://console.cloud.google.com/run/detail/us-central1/trackuserinteraction?project=kottage-v2","stateMessages":[{"severity":"INFO","type":"CloudRunServiceNewRevisionTrafficInfo","message":"A new revision will be deployed serving with 100% traffic."}]}],"sourceToken":"Cldwcm9qZWN0cy84NTAxNjIxNDkzMzcvbG9jYXRpb25zL3VzLWNlbnRyYWwxL2J1aWxkcy9kNjQ2NWVlYi00OGNkLTRmZDktYmNkZi03MTE0NGFmNjQ0MzISYHVzLWNlbnRyYWwxLWRvY2tlci5wa2cuZGV2L2tvdHRhZ2UtdjIvZ2NmLWFydGlmYWN0cy9rb3R0YWdlLS12Ml9fdXMtLWNlbnRyYWwxX190aWNrZXRzOnZlcnNpb25fMRjZz/OM3xgiO3Byb2plY3RzL2tvdHRhZ2UtdjIvbG9jYXRpb25zL3VzLWNlbnRyYWwxL2Z1bmN0aW9ucy90aWNrZXRzKgwIzdWgzwYQgKL9lQEyCG5vZGVqczIyOnYKI2djci5pby9nYWUtcnVudGltZXMvbm9kZWpzMjI6c3RhYmxlEk91cy1jZW50cmFsMS1kb2NrZXIucGtnLmRldi9zZXJ2ZXJsZXNzLXJ1bnRpbWVzL2dvb2dsZS0yMi1mdWxsL3J1bnRpbWVzL25vZGVqczIyQAE=","operationType":"UPDATE_FUNCTION","buildName":"projects/850162149337/locations/us-central1/builds/d6465eeb-48cd-4fd9-bcdf-71144af64432"},"done":false}
[debug] [2026-04-22T01:56:36.634Z] Got source token Cldwcm9qZWN0cy84NTAxNjIxNDkzMzcvbG9jYXRpb25zL3VzLWNlbnRyYWwxL2J1aWxkcy9kNjQ2NWVlYi00OGNkLTRmZDktYmNkZi03MTE0NGFmNjQ0MzISYHVzLWNlbnRyYWwxLWRvY2tlci5wa2cuZGV2L2tvdHRhZ2UtdjIvZ2NmLWFydGlmYWN0cy9rb3R0YWdlLS12Ml9fdXMtLWNlbnRyYWwxX190aWNrZXRzOnZlcnNpb25fMRjZz/OM3xgiO3Byb2plY3RzL2tvdHRhZ2UtdjIvbG9jYXRpb25zL3VzLWNlbnRyYWwxL2Z1bmN0aW9ucy90aWNrZXRzKgwIzdWgzwYQgKL9lQEyCG5vZGVqczIyOnYKI2djci5pby9nYWUtcnVudGltZXMvbm9kZWpzMjI6c3RhYmxlEk91cy1jZW50cmFsMS1kb2NrZXIucGtnLmRldi9zZXJ2ZXJsZXNzLXJ1bnRpbWVzL2dvb2dsZS0yMi1mdWxsL3J1bnRpbWVzL25vZGVqczIyQAE= for region us-central1
[debug] [2026-04-22T01:56:36.651Z] <<< [apiv2][status] GET https://cloudfunctions.googleapis.com/v2/projects/kottage-v2/locations/us-central1/operations/operation-1776822993093-65002d75502e7-709a6f82-39581ff4 200
[debug] [2026-04-22T01:56:36.651Z] <<< [apiv2][body] GET https://cloudfunctions.googleapis.com/v2/projects/kottage-v2/locations/us-central1/operations/operation-1776822993093-65002d75502e7-709a6f82-39581ff4 {"name":"projects/kottage-v2/locations/us-central1/operations/operation-1776822993093-65002d75502e7-709a6f82-39581ff4","metadata":{"@type":"type.googleapis.com/google.cloud.functions.v2.OperationMetadata","createTime":"2026-04-22T01:56:33.888680515Z","target":"projects/kottage-v2/locations/us-central1/functions/searchEmployees","verb":"update","cancelRequested":false,"apiVersion":"v2","requestResource":{"@type":"type.googleapis.com/google.cloud.functions.v2.Function","name":"projects/kottage-v2/locations/us-central1/functions/searchEmployees","buildConfig":{"runtime":"nodejs22","entryPoint":"searchEmployees","source":{"storageSource":{"bucket":"gcf-v2-sources-850162149337-us-central1","object":"searchEmployees/function-source.zip","generation":"1776822993838652"}},"environmentVariables":{"GOOGLE_NODE_RUN_SCRIPTS":""},"dockerRepository":"projects/kottage-v2/locations/us-central1/repositories/gcf-artifacts","sourceProvenance":{"resolvedStorageSource":{"bucket":"gcf-v2-sources-850162149337-us-central1","object":"searchEmployees/function-source.zip","generation":"1754620011383725"}},"dockerRegistry":"ARTIFACT_REGISTRY","sourceToken":"Cldwcm9qZWN0cy84NTAxNjIxNDkzMzcvbG9jYXRpb25zL3VzLWNlbnRyYWwxL2J1aWxkcy9kNjQ2NWVlYi00OGNkLTRmZDktYmNkZi03MTE0NGFmNjQ0MzISYHVzLWNlbnRyYWwxLWRvY2tlci5wa2cuZGV2L2tvdHRhZ2UtdjIvZ2NmLWFydGlmYWN0cy9rb3R0YWdlLS12Ml9fdXMtLWNlbnRyYWwxX190aWNrZXRzOnZlcnNpb25fMRjZz/OM3xgiO3Byb2plY3RzL2tvdHRhZ2UtdjIvbG9jYXRpb25zL3VzLWNlbnRyYWwxL2Z1bmN0aW9ucy90aWNrZXRzKgwIzdWgzwYQgKL9lQEyCG5vZGVqczIyOnYKI2djci5pby9nYWUtcnVudGltZXMvbm9kZWpzMjI6c3RhYmxlEk91cy1jZW50cmFsMS1kb2NrZXIucGtnLmRldi9zZXJ2ZXJsZXNzLXJ1bnRpbWVzL2dvb2dsZS0yMi1mdWxsL3J1bnRpbWVzL25vZGVqczIyQAE=","serviceAccount":"projects/kottage-v2/serviceAccounts/850162149337-compute@developer.gserviceaccount.com","automaticUpdatePolicy":{}},"serviceConfig":{"service":"projects/kottage-v2/locations/us-central1/services/searchemployees","timeoutSeconds":60,"environmentVariables":{"FIREBASE_CONFIG":"{\"projectId\":\"kottage-v2\",\"databaseURL\":\"https://kottage-v2-default-rtdb.firebaseio.com\",\"storageBucket\":\"kottage-v2.appspot.com\",\"locationId\":\"us-central\"}","GCLOUD_PROJECT":"kottage-v2","EVENTARC_CLOUD_EVENT_SOURCE":"projects/kottage-v2/locations/us-central1/services/searchEmployees","FUNCTION_TARGET":"searchEmployees","LOG_EXECUTION_ID":"true","FUNCTION_SIGNATURE_TYPE":"http"},"ingressSettings":"ALLOW_ALL","uri":"https://searchemployees-cxpwli2maq-uc.a.run.app","serviceAccountEmail":"850162149337-compute@developer.gserviceaccount.com","availableMemory":"256Mi","allTrafficOnLatestRevision":true,"revision":"searchemployees-00016-xaz","maxInstanceRequestConcurrency":80,"availableCpu":"1"},"state":"ACTIVE","labels":{"deployment-tool":"cli-firebase","deployment-callable":"true","firebase-functions-hash":"fa11e580218d160d1d29e6caa6741b69401f3cc4"},"environment":"GEN_2","url":"https://us-central1-kottage-v2.cloudfunctions.net/searchEmployees","satisfiesPzi":true},"stages":[{"name":"BUILD","message":"Reusing build","state":"COMPLETE","resource":"projects/850162149337/locations/us-central1/builds/d6465eeb-48cd-4fd9-bcdf-71144af64432"},{"name":"SERVICE","message":"Updating Cloud Run service","state":"IN_PROGRESS","resource":"projects/kottage-v2/locations/us-central1/services/searchemployees","resourceUri":"https://console.cloud.google.com/run/detail/us-central1/searchemployees?project=kottage-v2","stateMessages":[{"severity":"INFO","type":"CloudRunServiceNewRevisionTrafficInfo","message":"A new revision will be deployed serving with 100% traffic."}]}],"sourceToken":"Cldwcm9qZWN0cy84NTAxNjIxNDkzMzcvbG9jYXRpb25zL3VzLWNlbnRyYWwxL2J1aWxkcy9kNjQ2NWVlYi00OGNkLTRmZDktYmNkZi03MTE0NGFmNjQ0MzISYHVzLWNlbnRyYWwxLWRvY2tlci5wa2cuZGV2L2tvdHRhZ2UtdjIvZ2NmLWFydGlmYWN0cy9rb3R0YWdlLS12Ml9fdXMtLWNlbnRyYWwxX190aWNrZXRzOnZlcnNpb25fMRjZz/OM3xgiO3Byb2plY3RzL2tvdHRhZ2UtdjIvbG9jYXRpb25zL3VzLWNlbnRyYWwxL2Z1bmN0aW9ucy90aWNrZXRzKgwIzdWgzwYQgKL9lQEyCG5vZGVqczIyOnYKI2djci5pby9nYWUtcnVudGltZXMvbm9kZWpzMjI6c3RhYmxlEk91cy1jZW50cmFsMS1kb2NrZXIucGtnLmRldi9zZXJ2ZXJsZXNzLXJ1bnRpbWVzL2dvb2dsZS0yMi1mdWxsL3J1bnRpbWVzL25vZGVqczIyQAE=","operationType":"UPDATE_FUNCTION","buildName":"projects/850162149337/locations/us-central1/builds/d6465eeb-48cd-4fd9-bcdf-71144af64432"},"done":false}
[debug] [2026-04-22T01:56:36.651Z] Got source token Cldwcm9qZWN0cy84NTAxNjIxNDkzMzcvbG9jYXRpb25zL3VzLWNlbnRyYWwxL2J1aWxkcy9kNjQ2NWVlYi00OGNkLTRmZDktYmNkZi03MTE0NGFmNjQ0MzISYHVzLWNlbnRyYWwxLWRvY2tlci5wa2cuZGV2L2tvdHRhZ2UtdjIvZ2NmLWFydGlmYWN0cy9rb3R0YWdlLS12Ml9fdXMtLWNlbnRyYWwxX190aWNrZXRzOnZlcnNpb25fMRjZz/OM3xgiO3Byb2plY3RzL2tvdHRhZ2UtdjIvbG9jYXRpb25zL3VzLWNlbnRyYWwxL2Z1bmN0aW9ucy90aWNrZXRzKgwIzdWgzwYQgKL9lQEyCG5vZGVqczIyOnYKI2djci5pby9nYWUtcnVudGltZXMvbm9kZWpzMjI6c3RhYmxlEk91cy1jZW50cmFsMS1kb2NrZXIucGtnLmRldi9zZXJ2ZXJsZXNzLXJ1bnRpbWVzL2dvb2dsZS0yMi1mdWxsL3J1bnRpbWVzL25vZGVqczIyQAE= for region us-central1
[debug] [2026-04-22T01:56:38.486Z] [update-default-us-central1-updatePropertyRating] Retrying task index 0
[debug] [2026-04-22T01:56:38.486Z] Checked if tokens are valid: true, expires at: 1776826494244
[debug] [2026-04-22T01:56:38.486Z] Checked if tokens are valid: true, expires at: 1776826494244
[debug] [2026-04-22T01:56:38.487Z] >>> [apiv2][query] GET https://cloudfunctions.googleapis.com/v2/projects/kottage-v2/locations/us-central1/operations/operation-1776822992970-65002d7532437-29d0f30f-a358d1f8 [none]
[debug] [2026-04-22T01:56:38.511Z] [update-default-us-central1-setEmployeeClaims] Retrying task index 0
[debug] [2026-04-22T01:56:38.511Z] Checked if tokens are valid: true, expires at: 1776826494244
[debug] [2026-04-22T01:56:38.512Z] Checked if tokens are valid: true, expires at: 1776826494244
[debug] [2026-04-22T01:56:38.512Z] >>> [apiv2][query] GET https://cloudfunctions.googleapis.com/v2/projects/kottage-v2/locations/us-central1/operations/operation-1776822993017-65002d753d8d9-47114c5b-41fc17fe [none]
[debug] [2026-04-22T01:56:38.538Z] [update-default-us-central1-getEmployeeStats] Retrying task index 0
[debug] [2026-04-22T01:56:38.539Z] Checked if tokens are valid: true, expires at: 1776826494244
[debug] [2026-04-22T01:56:38.539Z] Checked if tokens are valid: true, expires at: 1776826494244
[debug] [2026-04-22T01:56:38.539Z] >>> [apiv2][query] GET https://cloudfunctions.googleapis.com/v2/projects/kottage-v2/locations/us-central1/operations/operation-1776822993048-65002d75452bb-e69a4cc0-491b197b [none]
[debug] [2026-04-22T01:56:38.552Z] [update-default-us-central1-updatePopularityScores] Retrying task index 0
[debug] [2026-04-22T01:56:38.555Z] Checked if tokens are valid: true, expires at: 1776826494244
[debug] [2026-04-22T01:56:38.555Z] Checked if tokens are valid: true, expires at: 1776826494244
[debug] [2026-04-22T01:56:38.555Z] >>> [apiv2][query] GET https://cloudfunctions.googleapis.com/v2/projects/kottage-v2/locations/us-central1/operations/operation-1776822993049-65002d7545635-eb1d6eec-499ea77e [none]
[debug] [2026-04-22T01:56:38.556Z] [update-default-us-central1-getEmployees] Retrying task index 0
[debug] [2026-04-22T01:56:38.556Z] Checked if tokens are valid: true, expires at: 1776826494244
[debug] [2026-04-22T01:56:38.556Z] Checked if tokens are valid: true, expires at: 1776826494244
[debug] [2026-04-22T01:56:38.557Z] >>> [apiv2][query] GET https://cloudfunctions.googleapis.com/v2/projects/kottage-v2/locations/us-central1/operations/operation-1776822993042-65002d7543db2-deba3334-ad85e91c [none]
[debug] [2026-04-22T01:56:38.558Z] [update-default-us-central1-createEmployee] Retrying task index 0
[debug] [2026-04-22T01:56:38.558Z] Checked if tokens are valid: true, expires at: 1776826494244
[debug] [2026-04-22T01:56:38.558Z] Checked if tokens are valid: true, expires at: 1776826494244
[debug] [2026-04-22T01:56:38.558Z] >>> [apiv2][query] GET https://cloudfunctions.googleapis.com/v2/projects/kottage-v2/locations/us-central1/operations/operation-1776822993048-65002d75452c7-712c74eb-64ef21c3 [none]
[debug] [2026-04-22T01:56:38.595Z] [update-default-us-central1-getEmployeeById] Retrying task index 0
[debug] [2026-04-22T01:56:38.595Z] Checked if tokens are valid: true, expires at: 1776826494244
[debug] [2026-04-22T01:56:38.595Z] Checked if tokens are valid: true, expires at: 1776826494244
[debug] [2026-04-22T01:56:38.598Z] >>> [apiv2][query] GET https://cloudfunctions.googleapis.com/v2/projects/kottage-v2/locations/us-central1/operations/operation-1776822993057-65002d7547879-e255cc4f-b6eca79e [none]
[debug] [2026-04-22T01:56:38.600Z] [update-default-us-central1-getPropertyAnalytics] Retrying task index 0
[debug] [2026-04-22T01:56:38.600Z] Checked if tokens are valid: true, expires at: 1776826494244
[debug] [2026-04-22T01:56:38.601Z] Checked if tokens are valid: true, expires at: 1776826494244
[debug] [2026-04-22T01:56:38.601Z] >>> [apiv2][query] GET https://cloudfunctions.googleapis.com/v2/projects/kottage-v2/locations/us-central1/operations/operation-1776822992940-65002d752acde-62e70fde-ad7adde3 [none]
[debug] [2026-04-22T01:56:38.602Z] [update-default-us-central1-onBookingCreated] Retrying task index 0
[debug] [2026-04-22T01:56:38.602Z] Checked if tokens are valid: true, expires at: 1776826494244
[debug] [2026-04-22T01:56:38.602Z] Checked if tokens are valid: true, expires at: 1776826494244
[debug] [2026-04-22T01:56:38.603Z] >>> [apiv2][query] GET https://cloudfunctions.googleapis.com/v2/projects/kottage-v2/locations/us-central1/operations/operation-1776822993057-65002d75478c1-6bbcce2c-580a70d2 [none]
[debug] [2026-04-22T01:56:38.616Z] [update-default-us-central1-setHostClaims] Retrying task index 0
[debug] [2026-04-22T01:56:38.617Z] Checked if tokens are valid: true, expires at: 1776826494244
[debug] [2026-04-22T01:56:38.617Z] Checked if tokens are valid: true, expires at: 1776826494244
[debug] [2026-04-22T01:56:38.618Z] >>> [apiv2][query] GET https://cloudfunctions.googleapis.com/v2/projects/kottage-v2/locations/us-central1/operations/operation-1776822993049-65002d7545637-c881caa5-1cf9ab11 [none]
[debug] [2026-04-22T01:56:38.634Z] [update-default-us-central1-trackUserInteraction] Retrying task index 0
[debug] [2026-04-22T01:56:38.634Z] Checked if tokens are valid: true, expires at: 1776826494244
[debug] [2026-04-22T01:56:38.635Z] Checked if tokens are valid: true, expires at: 1776826494244
[debug] [2026-04-22T01:56:38.635Z] >>> [apiv2][query] GET https://cloudfunctions.googleapis.com/v2/projects/kottage-v2/locations/us-central1/operations/operation-1776822993062-65002d7548bcf-671d4a50-aa290b30 [none]
[debug] [2026-04-22T01:56:38.651Z] [update-default-us-central1-searchEmployees] Retrying task index 0
[debug] [2026-04-22T01:56:38.652Z] Checked if tokens are valid: true, expires at: 1776826494244
[debug] [2026-04-22T01:56:38.652Z] Checked if tokens are valid: true, expires at: 1776826494244
[debug] [2026-04-22T01:56:38.652Z] >>> [apiv2][query] GET https://cloudfunctions.googleapis.com/v2/projects/kottage-v2/locations/us-central1/operations/operation-1776822993093-65002d75502e7-709a6f82-39581ff4 [none]
[debug] [2026-04-22T01:56:38.738Z] <<< [apiv2][status] GET https://cloudfunctions.googleapis.com/v2/projects/kottage-v2/locations/us-central1/operations/operation-1776822993017-65002d753d8d9-47114c5b-41fc17fe 200
[debug] [2026-04-22T01:56:38.738Z] <<< [apiv2][body] GET https://cloudfunctions.googleapis.com/v2/projects/kottage-v2/locations/us-central1/operations/operation-1776822993017-65002d753d8d9-47114c5b-41fc17fe {"name":"projects/kottage-v2/locations/us-central1/operations/operation-1776822993017-65002d753d8d9-47114c5b-41fc17fe","metadata":{"@type":"type.googleapis.com/google.cloud.functions.v2.OperationMetadata","createTime":"2026-04-22T01:56:33.821078317Z","target":"projects/kottage-v2/locations/us-central1/functions/setEmployeeClaims","verb":"update","cancelRequested":false,"apiVersion":"v2","requestResource":{"@type":"type.googleapis.com/google.cloud.functions.v2.Function","name":"projects/kottage-v2/locations/us-central1/functions/setEmployeeClaims","buildConfig":{"runtime":"nodejs22","entryPoint":"setEmployeeClaims","source":{"storageSource":{"bucket":"gcf-v2-sources-850162149337-us-central1","object":"setEmployeeClaims/function-source.zip","generation":"1776822993777397"}},"environmentVariables":{"GOOGLE_NODE_RUN_SCRIPTS":""},"dockerRepository":"projects/kottage-v2/locations/us-central1/repositories/gcf-artifacts","sourceProvenance":{"resolvedStorageSource":{"bucket":"gcf-v2-sources-850162149337-us-central1","object":"setEmployeeClaims/function-source.zip","generation":"1754620011393899"}},"dockerRegistry":"ARTIFACT_REGISTRY","sourceToken":"Cldwcm9qZWN0cy84NTAxNjIxNDkzMzcvbG9jYXRpb25zL3VzLWNlbnRyYWwxL2J1aWxkcy9kNjQ2NWVlYi00OGNkLTRmZDktYmNkZi03MTE0NGFmNjQ0MzISYHVzLWNlbnRyYWwxLWRvY2tlci5wa2cuZGV2L2tvdHRhZ2UtdjIvZ2NmLWFydGlmYWN0cy9rb3R0YWdlLS12Ml9fdXMtLWNlbnRyYWwxX190aWNrZXRzOnZlcnNpb25fMRjZz/OM3xgiO3Byb2plY3RzL2tvdHRhZ2UtdjIvbG9jYXRpb25zL3VzLWNlbnRyYWwxL2Z1bmN0aW9ucy90aWNrZXRzKgwIzdWgzwYQgKL9lQEyCG5vZGVqczIyOnYKI2djci5pby9nYWUtcnVudGltZXMvbm9kZWpzMjI6c3RhYmxlEk91cy1jZW50cmFsMS1kb2NrZXIucGtnLmRldi9zZXJ2ZXJsZXNzLXJ1bnRpbWVzL2dvb2dsZS0yMi1mdWxsL3J1bnRpbWVzL25vZGVqczIyQAE=","serviceAccount":"projects/kottage-v2/serviceAccounts/850162149337-compute@developer.gserviceaccount.com","automaticUpdatePolicy":{}},"serviceConfig":{"service":"projects/kottage-v2/locations/us-central1/services/setemployeeclaims","timeoutSeconds":60,"environmentVariables":{"FIREBASE_CONFIG":"{\"projectId\":\"kottage-v2\",\"databaseURL\":\"https://kottage-v2-default-rtdb.firebaseio.com\",\"storageBucket\":\"kottage-v2.appspot.com\",\"locationId\":\"us-central\"}","GCLOUD_PROJECT":"kottage-v2","EVENTARC_CLOUD_EVENT_SOURCE":"projects/kottage-v2/locations/us-central1/services/setEmployeeClaims","FUNCTION_TARGET":"setEmployeeClaims","LOG_EXECUTION_ID":"true","FUNCTION_SIGNATURE_TYPE":"http"},"maxInstanceCount":10,"ingressSettings":"ALLOW_ALL","uri":"https://setemployeeclaims-cxpwli2maq-uc.a.run.app","serviceAccountEmail":"850162149337-compute@developer.gserviceaccount.com","availableMemory":"256Mi","allTrafficOnLatestRevision":true,"revision":"setemployeeclaims-00006-xic","maxInstanceRequestConcurrency":80,"availableCpu":"1"},"state":"ACTIVE","labels":{"deployment-tool":"cli-firebase","deployment-callable":"true","firebase-functions-hash":"fa11e580218d160d1d29e6caa6741b69401f3cc4"},"environment":"GEN_2","url":"https://us-central1-kottage-v2.cloudfunctions.net/setEmployeeClaims","satisfiesPzi":true},"stages":[{"name":"BUILD","message":"Reusing build","state":"COMPLETE","resource":"projects/850162149337/locations/us-central1/builds/d6465eeb-48cd-4fd9-bcdf-71144af64432"},{"name":"SERVICE","message":"Updating Cloud Run service","state":"IN_PROGRESS","resource":"projects/kottage-v2/locations/us-central1/services/setemployeeclaims","resourceUri":"https://console.cloud.google.com/run/detail/us-central1/setemployeeclaims?project=kottage-v2","stateMessages":[{"severity":"INFO","type":"CloudRunServiceNewRevisionTrafficInfo","message":"A new revision will be deployed serving with 100% traffic."}]}],"sourceToken":"Cldwcm9qZWN0cy84NTAxNjIxNDkzMzcvbG9jYXRpb25zL3VzLWNlbnRyYWwxL2J1aWxkcy9kNjQ2NWVlYi00OGNkLTRmZDktYmNkZi03MTE0NGFmNjQ0MzISYHVzLWNlbnRyYWwxLWRvY2tlci5wa2cuZGV2L2tvdHRhZ2UtdjIvZ2NmLWFydGlmYWN0cy9rb3R0YWdlLS12Ml9fdXMtLWNlbnRyYWwxX190aWNrZXRzOnZlcnNpb25fMRjZz/OM3xgiO3Byb2plY3RzL2tvdHRhZ2UtdjIvbG9jYXRpb25zL3VzLWNlbnRyYWwxL2Z1bmN0aW9ucy90aWNrZXRzKgwIzdWgzwYQgKL9lQEyCG5vZGVqczIyOnYKI2djci5pby9nYWUtcnVudGltZXMvbm9kZWpzMjI6c3RhYmxlEk91cy1jZW50cmFsMS1kb2NrZXIucGtnLmRldi9zZXJ2ZXJsZXNzLXJ1bnRpbWVzL2dvb2dsZS0yMi1mdWxsL3J1bnRpbWVzL25vZGVqczIyQAE=","operationType":"UPDATE_FUNCTION","buildName":"projects/850162149337/locations/us-central1/builds/d6465eeb-48cd-4fd9-bcdf-71144af64432"},"done":false}
[debug] [2026-04-22T01:56:38.738Z] Got source token Cldwcm9qZWN0cy84NTAxNjIxNDkzMzcvbG9jYXRpb25zL3VzLWNlbnRyYWwxL2J1aWxkcy9kNjQ2NWVlYi00OGNkLTRmZDktYmNkZi03MTE0NGFmNjQ0MzISYHVzLWNlbnRyYWwxLWRvY2tlci5wa2cuZGV2L2tvdHRhZ2UtdjIvZ2NmLWFydGlmYWN0cy9rb3R0YWdlLS12Ml9fdXMtLWNlbnRyYWwxX190aWNrZXRzOnZlcnNpb25fMRjZz/OM3xgiO3Byb2plY3RzL2tvdHRhZ2UtdjIvbG9jYXRpb25zL3VzLWNlbnRyYWwxL2Z1bmN0aW9ucy90aWNrZXRzKgwIzdWgzwYQgKL9lQEyCG5vZGVqczIyOnYKI2djci5pby9nYWUtcnVudGltZXMvbm9kZWpzMjI6c3RhYmxlEk91cy1jZW50cmFsMS1kb2NrZXIucGtnLmRldi9zZXJ2ZXJsZXNzLXJ1bnRpbWVzL2dvb2dsZS0yMi1mdWxsL3J1bnRpbWVzL25vZGVqczIyQAE= for region us-central1
[debug] [2026-04-22T01:56:38.750Z] <<< [apiv2][status] GET https://cloudfunctions.googleapis.com/v2/projects/kottage-v2/locations/us-central1/operations/operation-1776822992970-65002d7532437-29d0f30f-a358d1f8 200
[debug] [2026-04-22T01:56:38.750Z] <<< [apiv2][body] GET https://cloudfunctions.googleapis.com/v2/projects/kottage-v2/locations/us-central1/operations/operation-1776822992970-65002d7532437-29d0f30f-a358d1f8 {"name":"projects/kottage-v2/locations/us-central1/operations/operation-1776822992970-65002d7532437-29d0f30f-a358d1f8","metadata":{"@type":"type.googleapis.com/google.cloud.functions.v2.OperationMetadata","createTime":"2026-04-22T01:56:33.801746641Z","target":"projects/kottage-v2/locations/us-central1/functions/updatePropertyRating","verb":"update","cancelRequested":false,"apiVersion":"v2","requestResource":{"@type":"type.googleapis.com/google.cloud.functions.v2.Function","name":"projects/kottage-v2/locations/us-central1/functions/updatePropertyRating","buildConfig":{"runtime":"nodejs22","entryPoint":"updatePropertyRating","source":{"storageSource":{"bucket":"gcf-v2-sources-850162149337-us-central1","object":"updatePropertyRating/function-source.zip","generation":"1776822993755279"}},"environmentVariables":{"GOOGLE_NODE_RUN_SCRIPTS":""},"dockerRepository":"projects/kottage-v2/locations/us-central1/repositories/gcf-artifacts","sourceProvenance":{"resolvedStorageSource":{"bucket":"gcf-v2-sources-850162149337-us-central1","object":"updatePropertyRating/function-source.zip","generation":"1754620011456143"}},"dockerRegistry":"ARTIFACT_REGISTRY","sourceToken":"Cldwcm9qZWN0cy84NTAxNjIxNDkzMzcvbG9jYXRpb25zL3VzLWNlbnRyYWwxL2J1aWxkcy9kNjQ2NWVlYi00OGNkLTRmZDktYmNkZi03MTE0NGFmNjQ0MzISYHVzLWNlbnRyYWwxLWRvY2tlci5wa2cuZGV2L2tvdHRhZ2UtdjIvZ2NmLWFydGlmYWN0cy9rb3R0YWdlLS12Ml9fdXMtLWNlbnRyYWwxX190aWNrZXRzOnZlcnNpb25fMRjZz/OM3xgiO3Byb2plY3RzL2tvdHRhZ2UtdjIvbG9jYXRpb25zL3VzLWNlbnRyYWwxL2Z1bmN0aW9ucy90aWNrZXRzKgwIzdWgzwYQgKL9lQEyCG5vZGVqczIyOnYKI2djci5pby9nYWUtcnVudGltZXMvbm9kZWpzMjI6c3RhYmxlEk91cy1jZW50cmFsMS1kb2NrZXIucGtnLmRldi9zZXJ2ZXJsZXNzLXJ1bnRpbWVzL2dvb2dsZS0yMi1mdWxsL3J1bnRpbWVzL25vZGVqczIyQAE=","serviceAccount":"projects/kottage-v2/serviceAccounts/850162149337-compute@developer.gserviceaccount.com","automaticUpdatePolicy":{}},"serviceConfig":{"service":"projects/kottage-v2/locations/us-central1/services/updatepropertyrating","timeoutSeconds":60,"environmentVariables":{"FIREBASE_CONFIG":"{\"projectId\":\"kottage-v2\",\"databaseURL\":\"https://kottage-v2-default-rtdb.firebaseio.com\",\"storageBucket\":\"kottage-v2.appspot.com\",\"locationId\":\"us-central\"}","GCLOUD_PROJECT":"kottage-v2","EVENTARC_CLOUD_EVENT_SOURCE":"projects/kottage-v2/locations/us-central1/services/updatePropertyRating","FUNCTION_SIGNATURE_TYPE":"cloudevent","FUNCTION_TARGET":"updatePropertyRating","LOG_EXECUTION_ID":"true"},"maxInstanceCount":10,"ingressSettings":"ALLOW_ALL","uri":"https://updatepropertyrating-cxpwli2maq-uc.a.run.app","serviceAccountEmail":"850162149337-compute@developer.gserviceaccount.com","availableMemory":"256Mi","allTrafficOnLatestRevision":true,"revision":"updatepropertyrating-00015-fit","maxInstanceRequestConcurrency":80,"availableCpu":"1"},"eventTrigger":{"trigger":"projects/kottage-v2/locations/us-central1/triggers/updatepropertyrating-618190","triggerRegion":"us-central1","eventType":"google.firebase.database.ref.v1.written","eventFilters":[{"attribute":"ref","value":"reviews/{propertyId}/{reviewId}","operator":"match-path-pattern"},{"attribute":"instance","value":"*","operator":"match-path-pattern"}],"pubsubTopic":"projects/kottage-v2/topics/eventarc-us-central1-updatepropertyrating-618190-439","serviceAccountEmail":"850162149337-compute@developer.gserviceaccount.com","retryPolicy":"RETRY_POLICY_DO_NOT_RETRY"},"state":"ACTIVE","labels":{"deployment-tool":"cli-firebase","firebase-functions-hash":"fa11e580218d160d1d29e6caa6741b69401f3cc4"},"environment":"GEN_2","url":"https://us-central1-kottage-v2.cloudfunctions.net/updatePropertyRating","satisfiesPzi":true},"stages":[{"name":"BUILD","message":"Reusing build","state":"COMPLETE","resource":"projects/850162149337/locations/us-central1/builds/d6465eeb-48cd-4fd9-bcdf-71144af64432"},{"name":"SERVICE","message":"Updating Cloud Run service","state":"IN_PROGRESS","resource":"projects/kottage-v2/locations/us-central1/services/updatepropertyrating","resourceUri":"https://console.cloud.google.com/run/detail/us-central1/updatepropertyrating?project=kottage-v2","stateMessages":[{"severity":"INFO","type":"CloudRunServiceNewRevisionTrafficInfo","message":"A new revision will be deployed serving with 100% traffic."}]},{"name":"TRIGGER","state":"NOT_STARTED"}],"sourceToken":"Cldwcm9qZWN0cy84NTAxNjIxNDkzMzcvbG9jYXRpb25zL3VzLWNlbnRyYWwxL2J1aWxkcy9kNjQ2NWVlYi00OGNkLTRmZDktYmNkZi03MTE0NGFmNjQ0MzISYHVzLWNlbnRyYWwxLWRvY2tlci5wa2cuZGV2L2tvdHRhZ2UtdjIvZ2NmLWFydGlmYWN0cy9rb3R0YWdlLS12Ml9fdXMtLWNlbnRyYWwxX190aWNrZXRzOnZlcnNpb25fMRjZz/OM3xgiO3Byb2plY3RzL2tvdHRhZ2UtdjIvbG9jYXRpb25zL3VzLWNlbnRyYWwxL2Z1bmN0aW9ucy90aWNrZXRzKgwIzdWgzwYQgKL9lQEyCG5vZGVqczIyOnYKI2djci5pby9nYWUtcnVudGltZXMvbm9kZWpzMjI6c3RhYmxlEk91cy1jZW50cmFsMS1kb2NrZXIucGtnLmRldi9zZXJ2ZXJsZXNzLXJ1bnRpbWVzL2dvb2dsZS0yMi1mdWxsL3J1bnRpbWVzL25vZGVqczIyQAE=","operationType":"UPDATE_FUNCTION","buildName":"projects/850162149337/locations/us-central1/builds/d6465eeb-48cd-4fd9-bcdf-71144af64432"},"done":false}
[debug] [2026-04-22T01:56:38.750Z] Got source token Cldwcm9qZWN0cy84NTAxNjIxNDkzMzcvbG9jYXRpb25zL3VzLWNlbnRyYWwxL2J1aWxkcy9kNjQ2NWVlYi00OGNkLTRmZDktYmNkZi03MTE0NGFmNjQ0MzISYHVzLWNlbnRyYWwxLWRvY2tlci5wa2cuZGV2L2tvdHRhZ2UtdjIvZ2NmLWFydGlmYWN0cy9rb3R0YWdlLS12Ml9fdXMtLWNlbnRyYWwxX190aWNrZXRzOnZlcnNpb25fMRjZz/OM3xgiO3Byb2plY3RzL2tvdHRhZ2UtdjIvbG9jYXRpb25zL3VzLWNlbnRyYWwxL2Z1bmN0aW9ucy90aWNrZXRzKgwIzdWgzwYQgKL9lQEyCG5vZGVqczIyOnYKI2djci5pby9nYWUtcnVudGltZXMvbm9kZWpzMjI6c3RhYmxlEk91cy1jZW50cmFsMS1kb2NrZXIucGtnLmRldi9zZXJ2ZXJsZXNzLXJ1bnRpbWVzL2dvb2dsZS0yMi1mdWxsL3J1bnRpbWVzL25vZGVqczIyQAE= for region us-central1
[debug] [2026-04-22T01:56:38.782Z] <<< [apiv2][status] GET https://cloudfunctions.googleapis.com/v2/projects/kottage-v2/locations/us-central1/operations/operation-1776822993049-65002d7545637-c881caa5-1cf9ab11 200
[debug] [2026-04-22T01:56:38.782Z] <<< [apiv2][body] GET https://cloudfunctions.googleapis.com/v2/projects/kottage-v2/locations/us-central1/operations/operation-1776822993049-65002d7545637-c881caa5-1cf9ab11 {"name":"projects/kottage-v2/locations/us-central1/operations/operation-1776822993049-65002d7545637-c881caa5-1cf9ab11","metadata":{"@type":"type.googleapis.com/google.cloud.functions.v2.OperationMetadata","createTime":"2026-04-22T01:56:33.859639060Z","target":"projects/kottage-v2/locations/us-central1/functions/setHostClaims","verb":"update","cancelRequested":false,"apiVersion":"v2","requestResource":{"@type":"type.googleapis.com/google.cloud.functions.v2.Function","name":"projects/kottage-v2/locations/us-central1/functions/setHostClaims","buildConfig":{"runtime":"nodejs22","entryPoint":"setHostClaims","source":{"storageSource":{"bucket":"gcf-v2-sources-850162149337-us-central1","object":"setHostClaims/function-source.zip","generation":"1776822993815490"}},"environmentVariables":{"GOOGLE_NODE_RUN_SCRIPTS":""},"dockerRepository":"projects/kottage-v2/locations/us-central1/repositories/gcf-artifacts","sourceProvenance":{"resolvedStorageSource":{"bucket":"gcf-v2-sources-850162149337-us-central1","object":"setHostClaims/function-source.zip","generation":"1754620011183984"}},"dockerRegistry":"ARTIFACT_REGISTRY","sourceToken":"Cldwcm9qZWN0cy84NTAxNjIxNDkzMzcvbG9jYXRpb25zL3VzLWNlbnRyYWwxL2J1aWxkcy9kNjQ2NWVlYi00OGNkLTRmZDktYmNkZi03MTE0NGFmNjQ0MzISYHVzLWNlbnRyYWwxLWRvY2tlci5wa2cuZGV2L2tvdHRhZ2UtdjIvZ2NmLWFydGlmYWN0cy9rb3R0YWdlLS12Ml9fdXMtLWNlbnRyYWwxX190aWNrZXRzOnZlcnNpb25fMRjZz/OM3xgiO3Byb2plY3RzL2tvdHRhZ2UtdjIvbG9jYXRpb25zL3VzLWNlbnRyYWwxL2Z1bmN0aW9ucy90aWNrZXRzKgwIzdWgzwYQgKL9lQEyCG5vZGVqczIyOnYKI2djci5pby9nYWUtcnVudGltZXMvbm9kZWpzMjI6c3RhYmxlEk91cy1jZW50cmFsMS1kb2NrZXIucGtnLmRldi9zZXJ2ZXJsZXNzLXJ1bnRpbWVzL2dvb2dsZS0yMi1mdWxsL3J1bnRpbWVzL25vZGVqczIyQAE=","serviceAccount":"projects/kottage-v2/serviceAccounts/850162149337-compute@developer.gserviceaccount.com","automaticUpdatePolicy":{}},"serviceConfig":{"service":"projects/kottage-v2/locations/us-central1/services/sethostclaims","timeoutSeconds":60,"environmentVariables":{"FIREBASE_CONFIG":"{\"projectId\":\"kottage-v2\",\"databaseURL\":\"https://kottage-v2-default-rtdb.firebaseio.com\",\"storageBucket\":\"kottage-v2.appspot.com\",\"locationId\":\"us-central\"}","GCLOUD_PROJECT":"kottage-v2","EVENTARC_CLOUD_EVENT_SOURCE":"projects/kottage-v2/locations/us-central1/services/setHostClaims","FUNCTION_TARGET":"setHostClaims","LOG_EXECUTION_ID":"true","FUNCTION_SIGNATURE_TYPE":"http"},"maxInstanceCount":10,"ingressSettings":"ALLOW_ALL","uri":"https://sethostclaims-cxpwli2maq-uc.a.run.app","serviceAccountEmail":"850162149337-compute@developer.gserviceaccount.com","availableMemory":"256Mi","allTrafficOnLatestRevision":true,"revision":"sethostclaims-00012-jam","maxInstanceRequestConcurrency":80,"availableCpu":"1"},"state":"ACTIVE","labels":{"deployment-tool":"cli-firebase","deployment-callable":"true","firebase-functions-hash":"fa11e580218d160d1d29e6caa6741b69401f3cc4"},"environment":"GEN_2","url":"https://us-central1-kottage-v2.cloudfunctions.net/setHostClaims","satisfiesPzi":true},"stages":[{"name":"BUILD","message":"Reusing build","state":"COMPLETE","resource":"projects/850162149337/locations/us-central1/builds/d6465eeb-48cd-4fd9-bcdf-71144af64432"},{"name":"SERVICE","message":"Updating Cloud Run service","state":"IN_PROGRESS","resource":"projects/kottage-v2/locations/us-central1/services/sethostclaims","resourceUri":"https://console.cloud.google.com/run/detail/us-central1/sethostclaims?project=kottage-v2","stateMessages":[{"severity":"INFO","type":"CloudRunServiceNewRevisionTrafficInfo","message":"A new revision will be deployed serving with 100% traffic."}]}],"sourceToken":"Cldwcm9qZWN0cy84NTAxNjIxNDkzMzcvbG9jYXRpb25zL3VzLWNlbnRyYWwxL2J1aWxkcy9kNjQ2NWVlYi00OGNkLTRmZDktYmNkZi03MTE0NGFmNjQ0MzISYHVzLWNlbnRyYWwxLWRvY2tlci5wa2cuZGV2L2tvdHRhZ2UtdjIvZ2NmLWFydGlmYWN0cy9rb3R0YWdlLS12Ml9fdXMtLWNlbnRyYWwxX190aWNrZXRzOnZlcnNpb25fMRjZz/OM3xgiO3Byb2plY3RzL2tvdHRhZ2UtdjIvbG9jYXRpb25zL3VzLWNlbnRyYWwxL2Z1bmN0aW9ucy90aWNrZXRzKgwIzdWgzwYQgKL9lQEyCG5vZGVqczIyOnYKI2djci5pby9nYWUtcnVudGltZXMvbm9kZWpzMjI6c3RhYmxlEk91cy1jZW50cmFsMS1kb2NrZXIucGtnLmRldi9zZXJ2ZXJsZXNzLXJ1bnRpbWVzL2dvb2dsZS0yMi1mdWxsL3J1bnRpbWVzL25vZGVqczIyQAE=","operationType":"UPDATE_FUNCTION","buildName":"projects/850162149337/locations/us-central1/builds/d6465eeb-48cd-4fd9-bcdf-71144af64432"},"done":false}
[debug] [2026-04-22T01:56:38.782Z] Got source token Cldwcm9qZWN0cy84NTAxNjIxNDkzMzcvbG9jYXRpb25zL3VzLWNlbnRyYWwxL2J1aWxkcy9kNjQ2NWVlYi00OGNkLTRmZDktYmNkZi03MTE0NGFmNjQ0MzISYHVzLWNlbnRyYWwxLWRvY2tlci5wa2cuZGV2L2tvdHRhZ2UtdjIvZ2NmLWFydGlmYWN0cy9rb3R0YWdlLS12Ml9fdXMtLWNlbnRyYWwxX190aWNrZXRzOnZlcnNpb25fMRjZz/OM3xgiO3Byb2plY3RzL2tvdHRhZ2UtdjIvbG9jYXRpb25zL3VzLWNlbnRyYWwxL2Z1bmN0aW9ucy90aWNrZXRzKgwIzdWgzwYQgKL9lQEyCG5vZGVqczIyOnYKI2djci5pby9nYWUtcnVudGltZXMvbm9kZWpzMjI6c3RhYmxlEk91cy1jZW50cmFsMS1kb2NrZXIucGtnLmRldi9zZXJ2ZXJsZXNzLXJ1bnRpbWVzL2dvb2dsZS0yMi1mdWxsL3J1bnRpbWVzL25vZGVqczIyQAE= for region us-central1
[debug] [2026-04-22T01:56:38.791Z] <<< [apiv2][status] GET https://cloudfunctions.googleapis.com/v2/projects/kottage-v2/locations/us-central1/operations/operation-1776822993062-65002d7548bcf-671d4a50-aa290b30 200
[debug] [2026-04-22T01:56:38.791Z] <<< [apiv2][body] GET https://cloudfunctions.googleapis.com/v2/projects/kottage-v2/locations/us-central1/operations/operation-1776822993062-65002d7548bcf-671d4a50-aa290b30 {"name":"projects/kottage-v2/locations/us-central1/operations/operation-1776822993062-65002d7548bcf-671d4a50-aa290b30","metadata":{"@type":"type.googleapis.com/google.cloud.functions.v2.OperationMetadata","createTime":"2026-04-22T01:56:33.871616479Z","target":"projects/kottage-v2/locations/us-central1/functions/trackUserInteraction","verb":"update","cancelRequested":false,"apiVersion":"v2","requestResource":{"@type":"type.googleapis.com/google.cloud.functions.v2.Function","name":"projects/kottage-v2/locations/us-central1/functions/trackUserInteraction","buildConfig":{"runtime":"nodejs22","entryPoint":"trackUserInteraction","source":{"storageSource":{"bucket":"gcf-v2-sources-850162149337-us-central1","object":"trackUserInteraction/function-source.zip","generation":"1776822993819480"}},"environmentVariables":{"GOOGLE_NODE_RUN_SCRIPTS":""},"dockerRepository":"projects/kottage-v2/locations/us-central1/repositories/gcf-artifacts","sourceProvenance":{"resolvedStorageSource":{"bucket":"gcf-v2-sources-850162149337-us-central1","object":"trackUserInteraction/function-source.zip","generation":"1754619951073278"}},"dockerRegistry":"ARTIFACT_REGISTRY","sourceToken":"Cldwcm9qZWN0cy84NTAxNjIxNDkzMzcvbG9jYXRpb25zL3VzLWNlbnRyYWwxL2J1aWxkcy9kNjQ2NWVlYi00OGNkLTRmZDktYmNkZi03MTE0NGFmNjQ0MzISYHVzLWNlbnRyYWwxLWRvY2tlci5wa2cuZGV2L2tvdHRhZ2UtdjIvZ2NmLWFydGlmYWN0cy9rb3R0YWdlLS12Ml9fdXMtLWNlbnRyYWwxX190aWNrZXRzOnZlcnNpb25fMRjZz/OM3xgiO3Byb2plY3RzL2tvdHRhZ2UtdjIvbG9jYXRpb25zL3VzLWNlbnRyYWwxL2Z1bmN0aW9ucy90aWNrZXRzKgwIzdWgzwYQgKL9lQEyCG5vZGVqczIyOnYKI2djci5pby9nYWUtcnVudGltZXMvbm9kZWpzMjI6c3RhYmxlEk91cy1jZW50cmFsMS1kb2NrZXIucGtnLmRldi9zZXJ2ZXJsZXNzLXJ1bnRpbWVzL2dvb2dsZS0yMi1mdWxsL3J1bnRpbWVzL25vZGVqczIyQAE=","serviceAccount":"projects/kottage-v2/serviceAccounts/850162149337-compute@developer.gserviceaccount.com","automaticUpdatePolicy":{}},"serviceConfig":{"service":"projects/kottage-v2/locations/us-central1/services/trackuserinteraction","timeoutSeconds":60,"environmentVariables":{"FIREBASE_CONFIG":"{\"projectId\":\"kottage-v2\",\"databaseURL\":\"https://kottage-v2-default-rtdb.firebaseio.com\",\"storageBucket\":\"kottage-v2.appspot.com\",\"locationId\":\"us-central\"}","GCLOUD_PROJECT":"kottage-v2","EVENTARC_CLOUD_EVENT_SOURCE":"projects/kottage-v2/locations/us-central1/services/trackUserInteraction","FUNCTION_TARGET":"trackUserInteraction","LOG_EXECUTION_ID":"true","FUNCTION_SIGNATURE_TYPE":"http"},"ingressSettings":"ALLOW_ALL","uri":"https://trackuserinteraction-cxpwli2maq-uc.a.run.app","serviceAccountEmail":"850162149337-compute@developer.gserviceaccount.com","availableMemory":"256Mi","allTrafficOnLatestRevision":true,"revision":"trackuserinteraction-00001-gos","maxInstanceRequestConcurrency":80,"availableCpu":"1"},"state":"ACTIVE","labels":{"deployment-tool":"cli-firebase","deployment-callable":"true","firebase-functions-hash":"fa11e580218d160d1d29e6caa6741b69401f3cc4"},"environment":"GEN_2","url":"https://us-central1-kottage-v2.cloudfunctions.net/trackUserInteraction","satisfiesPzi":true},"stages":[{"name":"BUILD","message":"Reusing build","state":"COMPLETE","resource":"projects/850162149337/locations/us-central1/builds/d6465eeb-48cd-4fd9-bcdf-71144af64432"},{"name":"SERVICE","message":"Updating Cloud Run service","state":"IN_PROGRESS","resource":"projects/kottage-v2/locations/us-central1/services/trackuserinteraction","resourceUri":"https://console.cloud.google.com/run/detail/us-central1/trackuserinteraction?project=kottage-v2","stateMessages":[{"severity":"INFO","type":"CloudRunServiceNewRevisionTrafficInfo","message":"A new revision will be deployed serving with 100% traffic."}]}],"sourceToken":"Cldwcm9qZWN0cy84NTAxNjIxNDkzMzcvbG9jYXRpb25zL3VzLWNlbnRyYWwxL2J1aWxkcy9kNjQ2NWVlYi00OGNkLTRmZDktYmNkZi03MTE0NGFmNjQ0MzISYHVzLWNlbnRyYWwxLWRvY2tlci5wa2cuZGV2L2tvdHRhZ2UtdjIvZ2NmLWFydGlmYWN0cy9rb3R0YWdlLS12Ml9fdXMtLWNlbnRyYWwxX190aWNrZXRzOnZlcnNpb25fMRjZz/OM3xgiO3Byb2plY3RzL2tvdHRhZ2UtdjIvbG9jYXRpb25zL3VzLWNlbnRyYWwxL2Z1bmN0aW9ucy90aWNrZXRzKgwIzdWgzwYQgKL9lQEyCG5vZGVqczIyOnYKI2djci5pby9nYWUtcnVudGltZXMvbm9kZWpzMjI6c3RhYmxlEk91cy1jZW50cmFsMS1kb2NrZXIucGtnLmRldi9zZXJ2ZXJsZXNzLXJ1bnRpbWVzL2dvb2dsZS0yMi1mdWxsL3J1bnRpbWVzL25vZGVqczIyQAE=","operationType":"UPDATE_FUNCTION","buildName":"projects/850162149337/locations/us-central1/builds/d6465eeb-48cd-4fd9-bcdf-71144af64432"},"done":false}
[debug] [2026-04-22T01:56:38.791Z] Got source token Cldwcm9qZWN0cy84NTAxNjIxNDkzMzcvbG9jYXRpb25zL3VzLWNlbnRyYWwxL2J1aWxkcy9kNjQ2NWVlYi00OGNkLTRmZDktYmNkZi03MTE0NGFmNjQ0MzISYHVzLWNlbnRyYWwxLWRvY2tlci5wa2cuZGV2L2tvdHRhZ2UtdjIvZ2NmLWFydGlmYWN0cy9rb3R0YWdlLS12Ml9fdXMtLWNlbnRyYWwxX190aWNrZXRzOnZlcnNpb25fMRjZz/OM3xgiO3Byb2plY3RzL2tvdHRhZ2UtdjIvbG9jYXRpb25zL3VzLWNlbnRyYWwxL2Z1bmN0aW9ucy90aWNrZXRzKgwIzdWgzwYQgKL9lQEyCG5vZGVqczIyOnYKI2djci5pby9nYWUtcnVudGltZXMvbm9kZWpzMjI6c3RhYmxlEk91cy1jZW50cmFsMS1kb2NrZXIucGtnLmRldi9zZXJ2ZXJsZXNzLXJ1bnRpbWVzL2dvb2dsZS0yMi1mdWxsL3J1bnRpbWVzL25vZGVqczIyQAE= for region us-central1
[debug] [2026-04-22T01:56:38.799Z] <<< [apiv2][status] GET https://cloudfunctions.googleapis.com/v2/projects/kottage-v2/locations/us-central1/operations/operation-1776822993042-65002d7543db2-deba3334-ad85e91c 200
[debug] [2026-04-22T01:56:38.800Z] <<< [apiv2][body] GET https://cloudfunctions.googleapis.com/v2/projects/kottage-v2/locations/us-central1/operations/operation-1776822993042-65002d7543db2-deba3334-ad85e91c {"name":"projects/kottage-v2/locations/us-central1/operations/operation-1776822993042-65002d7543db2-deba3334-ad85e91c","metadata":{"@type":"type.googleapis.com/google.cloud.functions.v2.OperationMetadata","createTime":"2026-04-22T01:56:33.805214706Z","target":"projects/kottage-v2/locations/us-central1/functions/getEmployees","verb":"update","cancelRequested":false,"apiVersion":"v2","requestResource":{"@type":"type.googleapis.com/google.cloud.functions.v2.Function","name":"projects/kottage-v2/locations/us-central1/functions/getEmployees","buildConfig":{"runtime":"nodejs22","entryPoint":"getEmployees","source":{"storageSource":{"bucket":"gcf-v2-sources-850162149337-us-central1","object":"getEmployees/function-source.zip","generation":"1776822993752759"}},"environmentVariables":{"GOOGLE_NODE_RUN_SCRIPTS":""},"dockerRepository":"projects/kottage-v2/locations/us-central1/repositories/gcf-artifacts","sourceProvenance":{"resolvedStorageSource":{"bucket":"gcf-v2-sources-850162149337-us-central1","object":"getEmployees/function-source.zip","generation":"1754620011408213"}},"dockerRegistry":"ARTIFACT_REGISTRY","sourceToken":"Cldwcm9qZWN0cy84NTAxNjIxNDkzMzcvbG9jYXRpb25zL3VzLWNlbnRyYWwxL2J1aWxkcy9kNjQ2NWVlYi00OGNkLTRmZDktYmNkZi03MTE0NGFmNjQ0MzISYHVzLWNlbnRyYWwxLWRvY2tlci5wa2cuZGV2L2tvdHRhZ2UtdjIvZ2NmLWFydGlmYWN0cy9rb3R0YWdlLS12Ml9fdXMtLWNlbnRyYWwxX190aWNrZXRzOnZlcnNpb25fMRjZz/OM3xgiO3Byb2plY3RzL2tvdHRhZ2UtdjIvbG9jYXRpb25zL3VzLWNlbnRyYWwxL2Z1bmN0aW9ucy90aWNrZXRzKgwIzdWgzwYQgKL9lQEyCG5vZGVqczIyOnYKI2djci5pby9nYWUtcnVudGltZXMvbm9kZWpzMjI6c3RhYmxlEk91cy1jZW50cmFsMS1kb2NrZXIucGtnLmRldi9zZXJ2ZXJsZXNzLXJ1bnRpbWVzL2dvb2dsZS0yMi1mdWxsL3J1bnRpbWVzL25vZGVqczIyQAE=","serviceAccount":"projects/kottage-v2/serviceAccounts/850162149337-compute@developer.gserviceaccount.com","automaticUpdatePolicy":{}},"serviceConfig":{"service":"projects/kottage-v2/locations/us-central1/services/getemployees","timeoutSeconds":60,"environmentVariables":{"FIREBASE_CONFIG":"{\"projectId\":\"kottage-v2\",\"databaseURL\":\"https://kottage-v2-default-rtdb.firebaseio.com\",\"storageBucket\":\"kottage-v2.appspot.com\",\"locationId\":\"us-central\"}","GCLOUD_PROJECT":"kottage-v2","EVENTARC_CLOUD_EVENT_SOURCE":"projects/kottage-v2/locations/us-central1/services/getEmployees","FUNCTION_TARGET":"getEmployees","LOG_EXECUTION_ID":"true","FUNCTION_SIGNATURE_TYPE":"http"},"ingressSettings":"ALLOW_ALL","uri":"https://getemployees-cxpwli2maq-uc.a.run.app","serviceAccountEmail":"850162149337-compute@developer.gserviceaccount.com","availableMemory":"256Mi","allTrafficOnLatestRevision":true,"revision":"getemployees-00024-zey","maxInstanceRequestConcurrency":80,"availableCpu":"1"},"state":"ACTIVE","labels":{"deployment-tool":"cli-firebase","deployment-callable":"true","firebase-functions-hash":"fa11e580218d160d1d29e6caa6741b69401f3cc4"},"environment":"GEN_2","url":"https://us-central1-kottage-v2.cloudfunctions.net/getEmployees","satisfiesPzi":true},"stages":[{"name":"BUILD","message":"Reusing build","state":"COMPLETE","resource":"projects/850162149337/locations/us-central1/builds/d6465eeb-48cd-4fd9-bcdf-71144af64432"},{"name":"SERVICE","message":"Updating Cloud Run service","state":"IN_PROGRESS","resource":"projects/kottage-v2/locations/us-central1/services/getemployees","resourceUri":"https://console.cloud.google.com/run/detail/us-central1/getemployees?project=kottage-v2","stateMessages":[{"severity":"INFO","type":"CloudRunServiceNewRevisionTrafficInfo","message":"A new revision will be deployed serving with 100% traffic."}]}],"sourceToken":"Cldwcm9qZWN0cy84NTAxNjIxNDkzMzcvbG9jYXRpb25zL3VzLWNlbnRyYWwxL2J1aWxkcy9kNjQ2NWVlYi00OGNkLTRmZDktYmNkZi03MTE0NGFmNjQ0MzISYHVzLWNlbnRyYWwxLWRvY2tlci5wa2cuZGV2L2tvdHRhZ2UtdjIvZ2NmLWFydGlmYWN0cy9rb3R0YWdlLS12Ml9fdXMtLWNlbnRyYWwxX190aWNrZXRzOnZlcnNpb25fMRjZz/OM3xgiO3Byb2plY3RzL2tvdHRhZ2UtdjIvbG9jYXRpb25zL3VzLWNlbnRyYWwxL2Z1bmN0aW9ucy90aWNrZXRzKgwIzdWgzwYQgKL9lQEyCG5vZGVqczIyOnYKI2djci5pby9nYWUtcnVudGltZXMvbm9kZWpzMjI6c3RhYmxlEk91cy1jZW50cmFsMS1kb2NrZXIucGtnLmRldi9zZXJ2ZXJsZXNzLXJ1bnRpbWVzL2dvb2dsZS0yMi1mdWxsL3J1bnRpbWVzL25vZGVqczIyQAE=","operationType":"UPDATE_FUNCTION","buildName":"projects/850162149337/locations/us-central1/builds/d6465eeb-48cd-4fd9-bcdf-71144af64432"},"done":false}
[debug] [2026-04-22T01:56:38.800Z] Got source token Cldwcm9qZWN0cy84NTAxNjIxNDkzMzcvbG9jYXRpb25zL3VzLWNlbnRyYWwxL2J1aWxkcy9kNjQ2NWVlYi00OGNkLTRmZDktYmNkZi03MTE0NGFmNjQ0MzISYHVzLWNlbnRyYWwxLWRvY2tlci5wa2cuZGV2L2tvdHRhZ2UtdjIvZ2NmLWFydGlmYWN0cy9rb3R0YWdlLS12Ml9fdXMtLWNlbnRyYWwxX190aWNrZXRzOnZlcnNpb25fMRjZz/OM3xgiO3Byb2plY3RzL2tvdHRhZ2UtdjIvbG9jYXRpb25zL3VzLWNlbnRyYWwxL2Z1bmN0aW9ucy90aWNrZXRzKgwIzdWgzwYQgKL9lQEyCG5vZGVqczIyOnYKI2djci5pby9nYWUtcnVudGltZXMvbm9kZWpzMjI6c3RhYmxlEk91cy1jZW50cmFsMS1kb2NrZXIucGtnLmRldi9zZXJ2ZXJsZXNzLXJ1bnRpbWVzL2dvb2dsZS0yMi1mdWxsL3J1bnRpbWVzL25vZGVqczIyQAE= for region us-central1
[debug] [2026-04-22T01:56:38.808Z] <<< [apiv2][status] GET https://cloudfunctions.googleapis.com/v2/projects/kottage-v2/locations/us-central1/operations/operation-1776822993048-65002d75452c7-712c74eb-64ef21c3 200
[debug] [2026-04-22T01:56:38.809Z] <<< [apiv2][body] GET https://cloudfunctions.googleapis.com/v2/projects/kottage-v2/locations/us-central1/operations/operation-1776822993048-65002d75452c7-712c74eb-64ef21c3 {"name":"projects/kottage-v2/locations/us-central1/operations/operation-1776822993048-65002d75452c7-712c74eb-64ef21c3","metadata":{"@type":"type.googleapis.com/google.cloud.functions.v2.OperationMetadata","createTime":"2026-04-22T01:56:33.808348017Z","target":"projects/kottage-v2/locations/us-central1/functions/createEmployee","verb":"update","cancelRequested":false,"apiVersion":"v2","requestResource":{"@type":"type.googleapis.com/google.cloud.functions.v2.Function","name":"projects/kottage-v2/locations/us-central1/functions/createEmployee","buildConfig":{"runtime":"nodejs22","entryPoint":"createEmployee","source":{"storageSource":{"bucket":"gcf-v2-sources-850162149337-us-central1","object":"createEmployee/function-source.zip","generation":"1776822993763739"}},"environmentVariables":{"GOOGLE_NODE_RUN_SCRIPTS":""},"dockerRepository":"projects/kottage-v2/locations/us-central1/repositories/gcf-artifacts","sourceProvenance":{"resolvedStorageSource":{"bucket":"gcf-v2-sources-850162149337-us-central1","object":"createEmployee/function-source.zip","generation":"1754620011424395"}},"dockerRegistry":"ARTIFACT_REGISTRY","sourceToken":"Cldwcm9qZWN0cy84NTAxNjIxNDkzMzcvbG9jYXRpb25zL3VzLWNlbnRyYWwxL2J1aWxkcy9kNjQ2NWVlYi00OGNkLTRmZDktYmNkZi03MTE0NGFmNjQ0MzISYHVzLWNlbnRyYWwxLWRvY2tlci5wa2cuZGV2L2tvdHRhZ2UtdjIvZ2NmLWFydGlmYWN0cy9rb3R0YWdlLS12Ml9fdXMtLWNlbnRyYWwxX190aWNrZXRzOnZlcnNpb25fMRjZz/OM3xgiO3Byb2plY3RzL2tvdHRhZ2UtdjIvbG9jYXRpb25zL3VzLWNlbnRyYWwxL2Z1bmN0aW9ucy90aWNrZXRzKgwIzdWgzwYQgKL9lQEyCG5vZGVqczIyOnYKI2djci5pby9nYWUtcnVudGltZXMvbm9kZWpzMjI6c3RhYmxlEk91cy1jZW50cmFsMS1kb2NrZXIucGtnLmRldi9zZXJ2ZXJsZXNzLXJ1bnRpbWVzL2dvb2dsZS0yMi1mdWxsL3J1bnRpbWVzL25vZGVqczIyQAE=","serviceAccount":"projects/kottage-v2/serviceAccounts/850162149337-compute@developer.gserviceaccount.com","automaticUpdatePolicy":{}},"serviceConfig":{"service":"projects/kottage-v2/locations/us-central1/services/createemployee","timeoutSeconds":60,"environmentVariables":{"FIREBASE_CONFIG":"{\"projectId\":\"kottage-v2\",\"databaseURL\":\"https://kottage-v2-default-rtdb.firebaseio.com\",\"storageBucket\":\"kottage-v2.appspot.com\",\"locationId\":\"us-central\"}","GCLOUD_PROJECT":"kottage-v2","EVENTARC_CLOUD_EVENT_SOURCE":"projects/kottage-v2/locations/us-central1/services/createEmployee","FUNCTION_TARGET":"createEmployee","LOG_EXECUTION_ID":"true","FUNCTION_SIGNATURE_TYPE":"http"},"ingressSettings":"ALLOW_ALL","uri":"https://createemployee-cxpwli2maq-uc.a.run.app","serviceAccountEmail":"850162149337-compute@developer.gserviceaccount.com","availableMemory":"256Mi","allTrafficOnLatestRevision":true,"revision":"createemployee-00021-baw","maxInstanceRequestConcurrency":80,"availableCpu":"1"},"state":"ACTIVE","labels":{"deployment-tool":"cli-firebase","deployment-callable":"true","firebase-functions-hash":"fa11e580218d160d1d29e6caa6741b69401f3cc4"},"environment":"GEN_2","url":"https://us-central1-kottage-v2.cloudfunctions.net/createEmployee","satisfiesPzi":true},"stages":[{"name":"BUILD","message":"Reusing build","state":"COMPLETE","resource":"projects/850162149337/locations/us-central1/builds/d6465eeb-48cd-4fd9-bcdf-71144af64432"},{"name":"SERVICE","message":"Updating Cloud Run service","state":"IN_PROGRESS","resource":"projects/kottage-v2/locations/us-central1/services/createemployee","resourceUri":"https://console.cloud.google.com/run/detail/us-central1/createemployee?project=kottage-v2","stateMessages":[{"severity":"INFO","type":"CloudRunServiceNewRevisionTrafficInfo","message":"A new revision will be deployed serving with 100% traffic."}]}],"sourceToken":"Cldwcm9qZWN0cy84NTAxNjIxNDkzMzcvbG9jYXRpb25zL3VzLWNlbnRyYWwxL2J1aWxkcy9kNjQ2NWVlYi00OGNkLTRmZDktYmNkZi03MTE0NGFmNjQ0MzISYHVzLWNlbnRyYWwxLWRvY2tlci5wa2cuZGV2L2tvdHRhZ2UtdjIvZ2NmLWFydGlmYWN0cy9rb3R0YWdlLS12Ml9fdXMtLWNlbnRyYWwxX190aWNrZXRzOnZlcnNpb25fMRjZz/OM3xgiO3Byb2plY3RzL2tvdHRhZ2UtdjIvbG9jYXRpb25zL3VzLWNlbnRyYWwxL2Z1bmN0aW9ucy90aWNrZXRzKgwIzdWgzwYQgKL9lQEyCG5vZGVqczIyOnYKI2djci5pby9nYWUtcnVudGltZXMvbm9kZWpzMjI6c3RhYmxlEk91cy1jZW50cmFsMS1kb2NrZXIucGtnLmRldi9zZXJ2ZXJsZXNzLXJ1bnRpbWVzL2dvb2dsZS0yMi1mdWxsL3J1bnRpbWVzL25vZGVqczIyQAE=","operationType":"UPDATE_FUNCTION","buildName":"projects/850162149337/locations/us-central1/builds/d6465eeb-48cd-4fd9-bcdf-71144af64432"},"done":false}
[debug] [2026-04-22T01:56:38.809Z] Got source token Cldwcm9qZWN0cy84NTAxNjIxNDkzMzcvbG9jYXRpb25zL3VzLWNlbnRyYWwxL2J1aWxkcy9kNjQ2NWVlYi00OGNkLTRmZDktYmNkZi03MTE0NGFmNjQ0MzISYHVzLWNlbnRyYWwxLWRvY2tlci5wa2cuZGV2L2tvdHRhZ2UtdjIvZ2NmLWFydGlmYWN0cy9rb3R0YWdlLS12Ml9fdXMtLWNlbnRyYWwxX190aWNrZXRzOnZlcnNpb25fMRjZz/OM3xgiO3Byb2plY3RzL2tvdHRhZ2UtdjIvbG9jYXRpb25zL3VzLWNlbnRyYWwxL2Z1bmN0aW9ucy90aWNrZXRzKgwIzdWgzwYQgKL9lQEyCG5vZGVqczIyOnYKI2djci5pby9nYWUtcnVudGltZXMvbm9kZWpzMjI6c3RhYmxlEk91cy1jZW50cmFsMS1kb2NrZXIucGtnLmRldi9zZXJ2ZXJsZXNzLXJ1bnRpbWVzL2dvb2dsZS0yMi1mdWxsL3J1bnRpbWVzL25vZGVqczIyQAE= for region us-central1
[debug] [2026-04-22T01:56:38.814Z] <<< [apiv2][status] GET https://cloudfunctions.googleapis.com/v2/projects/kottage-v2/locations/us-central1/operations/operation-1776822993048-65002d75452bb-e69a4cc0-491b197b 200
[debug] [2026-04-22T01:56:38.814Z] <<< [apiv2][body] GET https://cloudfunctions.googleapis.com/v2/projects/kottage-v2/locations/us-central1/operations/operation-1776822993048-65002d75452bb-e69a4cc0-491b197b {"name":"projects/kottage-v2/locations/us-central1/operations/operation-1776822993048-65002d75452bb-e69a4cc0-491b197b","metadata":{"@type":"type.googleapis.com/google.cloud.functions.v2.OperationMetadata","createTime":"2026-04-22T01:56:33.834425971Z","target":"projects/kottage-v2/locations/us-central1/functions/getEmployeeStats","verb":"update","cancelRequested":false,"apiVersion":"v2","requestResource":{"@type":"type.googleapis.com/google.cloud.functions.v2.Function","name":"projects/kottage-v2/locations/us-central1/functions/getEmployeeStats","buildConfig":{"runtime":"nodejs22","entryPoint":"getEmployeeStats","source":{"storageSource":{"bucket":"gcf-v2-sources-850162149337-us-central1","object":"getEmployeeStats/function-source.zip","generation":"1776822993786836"}},"environmentVariables":{"GOOGLE_NODE_RUN_SCRIPTS":""},"dockerRepository":"projects/kottage-v2/locations/us-central1/repositories/gcf-artifacts","sourceProvenance":{"resolvedStorageSource":{"bucket":"gcf-v2-sources-850162149337-us-central1","object":"getEmployeeStats/function-source.zip","generation":"1754620011302274"}},"dockerRegistry":"ARTIFACT_REGISTRY","sourceToken":"Cldwcm9qZWN0cy84NTAxNjIxNDkzMzcvbG9jYXRpb25zL3VzLWNlbnRyYWwxL2J1aWxkcy9kNjQ2NWVlYi00OGNkLTRmZDktYmNkZi03MTE0NGFmNjQ0MzISYHVzLWNlbnRyYWwxLWRvY2tlci5wa2cuZGV2L2tvdHRhZ2UtdjIvZ2NmLWFydGlmYWN0cy9rb3R0YWdlLS12Ml9fdXMtLWNlbnRyYWwxX190aWNrZXRzOnZlcnNpb25fMRjZz/OM3xgiO3Byb2plY3RzL2tvdHRhZ2UtdjIvbG9jYXRpb25zL3VzLWNlbnRyYWwxL2Z1bmN0aW9ucy90aWNrZXRzKgwIzdWgzwYQgKL9lQEyCG5vZGVqczIyOnYKI2djci5pby9nYWUtcnVudGltZXMvbm9kZWpzMjI6c3RhYmxlEk91cy1jZW50cmFsMS1kb2NrZXIucGtnLmRldi9zZXJ2ZXJsZXNzLXJ1bnRpbWVzL2dvb2dsZS0yMi1mdWxsL3J1bnRpbWVzL25vZGVqczIyQAE=","serviceAccount":"projects/kottage-v2/serviceAccounts/850162149337-compute@developer.gserviceaccount.com","automaticUpdatePolicy":{}},"serviceConfig":{"service":"projects/kottage-v2/locations/us-central1/services/getemployeestats","timeoutSeconds":60,"environmentVariables":{"FIREBASE_CONFIG":"{\"projectId\":\"kottage-v2\",\"databaseURL\":\"https://kottage-v2-default-rtdb.firebaseio.com\",\"storageBucket\":\"kottage-v2.appspot.com\",\"locationId\":\"us-central\"}","GCLOUD_PROJECT":"kottage-v2","EVENTARC_CLOUD_EVENT_SOURCE":"projects/kottage-v2/locations/us-central1/services/getEmployeeStats","FUNCTION_TARGET":"getEmployeeStats","LOG_EXECUTION_ID":"true","FUNCTION_SIGNATURE_TYPE":"http"},"ingressSettings":"ALLOW_ALL","uri":"https://getemployeestats-cxpwli2maq-uc.a.run.app","serviceAccountEmail":"850162149337-compute@developer.gserviceaccount.com","availableMemory":"256Mi","allTrafficOnLatestRevision":true,"revision":"getemployeestats-00016-xox","maxInstanceRequestConcurrency":80,"availableCpu":"1"},"state":"ACTIVE","labels":{"deployment-tool":"cli-firebase","deployment-callable":"true","firebase-functions-hash":"fa11e580218d160d1d29e6caa6741b69401f3cc4"},"environment":"GEN_2","url":"https://us-central1-kottage-v2.cloudfunctions.net/getEmployeeStats","satisfiesPzi":true},"stages":[{"name":"BUILD","message":"Reusing build","state":"COMPLETE","resource":"projects/850162149337/locations/us-central1/builds/d6465eeb-48cd-4fd9-bcdf-71144af64432"},{"name":"SERVICE","message":"Updating Cloud Run service","state":"IN_PROGRESS","resource":"projects/kottage-v2/locations/us-central1/services/getemployeestats","resourceUri":"https://console.cloud.google.com/run/detail/us-central1/getemployeestats?project=kottage-v2","stateMessages":[{"severity":"INFO","type":"CloudRunServiceNewRevisionTrafficInfo","message":"A new revision will be deployed serving with 100% traffic."}]}],"sourceToken":"Cldwcm9qZWN0cy84NTAxNjIxNDkzMzcvbG9jYXRpb25zL3VzLWNlbnRyYWwxL2J1aWxkcy9kNjQ2NWVlYi00OGNkLTRmZDktYmNkZi03MTE0NGFmNjQ0MzISYHVzLWNlbnRyYWwxLWRvY2tlci5wa2cuZGV2L2tvdHRhZ2UtdjIvZ2NmLWFydGlmYWN0cy9rb3R0YWdlLS12Ml9fdXMtLWNlbnRyYWwxX190aWNrZXRzOnZlcnNpb25fMRjZz/OM3xgiO3Byb2plY3RzL2tvdHRhZ2UtdjIvbG9jYXRpb25zL3VzLWNlbnRyYWwxL2Z1bmN0aW9ucy90aWNrZXRzKgwIzdWgzwYQgKL9lQEyCG5vZGVqczIyOnYKI2djci5pby9nYWUtcnVudGltZXMvbm9kZWpzMjI6c3RhYmxlEk91cy1jZW50cmFsMS1kb2NrZXIucGtnLmRldi9zZXJ2ZXJsZXNzLXJ1bnRpbWVzL2dvb2dsZS0yMi1mdWxsL3J1bnRpbWVzL25vZGVqczIyQAE=","operationType":"UPDATE_FUNCTION","buildName":"projects/850162149337/locations/us-central1/builds/d6465eeb-48cd-4fd9-bcdf-71144af64432"},"done":false}
[debug] [2026-04-22T01:56:38.814Z] Got source token Cldwcm9qZWN0cy84NTAxNjIxNDkzMzcvbG9jYXRpb25zL3VzLWNlbnRyYWwxL2J1aWxkcy9kNjQ2NWVlYi00OGNkLTRmZDktYmNkZi03MTE0NGFmNjQ0MzISYHVzLWNlbnRyYWwxLWRvY2tlci5wa2cuZGV2L2tvdHRhZ2UtdjIvZ2NmLWFydGlmYWN0cy9rb3R0YWdlLS12Ml9fdXMtLWNlbnRyYWwxX190aWNrZXRzOnZlcnNpb25fMRjZz/OM3xgiO3Byb2plY3RzL2tvdHRhZ2UtdjIvbG9jYXRpb25zL3VzLWNlbnRyYWwxL2Z1bmN0aW9ucy90aWNrZXRzKgwIzdWgzwYQgKL9lQEyCG5vZGVqczIyOnYKI2djci5pby9nYWUtcnVudGltZXMvbm9kZWpzMjI6c3RhYmxlEk91cy1jZW50cmFsMS1kb2NrZXIucGtnLmRldi9zZXJ2ZXJsZXNzLXJ1bnRpbWVzL2dvb2dsZS0yMi1mdWxsL3J1bnRpbWVzL25vZGVqczIyQAE= for region us-central1
[debug] [2026-04-22T01:56:38.815Z] <<< [apiv2][status] GET https://cloudfunctions.googleapis.com/v2/projects/kottage-v2/locations/us-central1/operations/operation-1776822993049-65002d7545635-eb1d6eec-499ea77e 200
[debug] [2026-04-22T01:56:38.815Z] <<< [apiv2][body] GET https://cloudfunctions.googleapis.com/v2/projects/kottage-v2/locations/us-central1/operations/operation-1776822993049-65002d7545635-eb1d6eec-499ea77e {"name":"projects/kottage-v2/locations/us-central1/operations/operation-1776822993049-65002d7545635-eb1d6eec-499ea77e","metadata":{"@type":"type.googleapis.com/google.cloud.functions.v2.OperationMetadata","createTime":"2026-04-22T01:56:33.805351255Z","target":"projects/kottage-v2/locations/us-central1/functions/updatePopularityScores","verb":"update","cancelRequested":false,"apiVersion":"v2","requestResource":{"@type":"type.googleapis.com/google.cloud.functions.v2.Function","name":"projects/kottage-v2/locations/us-central1/functions/updatePopularityScores","buildConfig":{"runtime":"nodejs22","entryPoint":"updatePopularityScores","source":{"storageSource":{"bucket":"gcf-v2-sources-850162149337-us-central1","object":"updatePopularityScores/function-source.zip","generation":"1776822993754052"}},"environmentVariables":{"GOOGLE_NODE_RUN_SCRIPTS":""},"dockerRepository":"projects/kottage-v2/locations/us-central1/repositories/gcf-artifacts","sourceProvenance":{"resolvedStorageSource":{"bucket":"gcf-v2-sources-850162149337-us-central1","object":"updatePopularityScores/function-source.zip","generation":"1754620010804676"}},"dockerRegistry":"ARTIFACT_REGISTRY","sourceToken":"Cldwcm9qZWN0cy84NTAxNjIxNDkzMzcvbG9jYXRpb25zL3VzLWNlbnRyYWwxL2J1aWxkcy9kNjQ2NWVlYi00OGNkLTRmZDktYmNkZi03MTE0NGFmNjQ0MzISYHVzLWNlbnRyYWwxLWRvY2tlci5wa2cuZGV2L2tvdHRhZ2UtdjIvZ2NmLWFydGlmYWN0cy9rb3R0YWdlLS12Ml9fdXMtLWNlbnRyYWwxX190aWNrZXRzOnZlcnNpb25fMRjZz/OM3xgiO3Byb2plY3RzL2tvdHRhZ2UtdjIvbG9jYXRpb25zL3VzLWNlbnRyYWwxL2Z1bmN0aW9ucy90aWNrZXRzKgwIzdWgzwYQgKL9lQEyCG5vZGVqczIyOnYKI2djci5pby9nYWUtcnVudGltZXMvbm9kZWpzMjI6c3RhYmxlEk91cy1jZW50cmFsMS1kb2NrZXIucGtnLmRldi9zZXJ2ZXJsZXNzLXJ1bnRpbWVzL2dvb2dsZS0yMi1mdWxsL3J1bnRpbWVzL25vZGVqczIyQAE=","serviceAccount":"projects/kottage-v2/serviceAccounts/850162149337-compute@developer.gserviceaccount.com","automaticUpdatePolicy":{}},"serviceConfig":{"service":"projects/kottage-v2/locations/us-central1/services/updatepopularityscores","timeoutSeconds":60,"environmentVariables":{"FIREBASE_CONFIG":"{\"projectId\":\"kottage-v2\",\"databaseURL\":\"https://kottage-v2-default-rtdb.firebaseio.com\",\"storageBucket\":\"kottage-v2.appspot.com\",\"locationId\":\"us-central\"}","GCLOUD_PROJECT":"kottage-v2","EVENTARC_CLOUD_EVENT_SOURCE":"projects/kottage-v2/locations/us-central1/services/updatePopularityScores","FUNCTION_TARGET":"updatePopularityScores","LOG_EXECUTION_ID":"true","FUNCTION_SIGNATURE_TYPE":"http"},"ingressSettings":"ALLOW_ALL","uri":"https://updatepopularityscores-cxpwli2maq-uc.a.run.app","serviceAccountEmail":"850162149337-compute@developer.gserviceaccount.com","availableMemory":"256Mi","allTrafficOnLatestRevision":true,"revision":"updatepopularityscores-00001-yif","maxInstanceRequestConcurrency":80,"availableCpu":"1"},"state":"ACTIVE","labels":{"deployment-tool":"cli-firebase","deployment-scheduled":"true","firebase-functions-hash":"fa11e580218d160d1d29e6caa6741b69401f3cc4"},"environment":"GEN_2","url":"https://us-central1-kottage-v2.cloudfunctions.net/updatePopularityScores","satisfiesPzi":true},"stages":[{"name":"BUILD","message":"Reusing build","state":"COMPLETE","resource":"projects/850162149337/locations/us-central1/builds/d6465eeb-48cd-4fd9-bcdf-71144af64432"},{"name":"SERVICE","message":"Updating Cloud Run service","state":"IN_PROGRESS","resource":"projects/kottage-v2/locations/us-central1/services/updatepopularityscores","resourceUri":"https://console.cloud.google.com/run/detail/us-central1/updatepopularityscores?project=kottage-v2","stateMessages":[{"severity":"INFO","type":"CloudRunServiceNewRevisionTrafficInfo","message":"A new revision will be deployed serving with 100% traffic."}]}],"sourceToken":"Cldwcm9qZWN0cy84NTAxNjIxNDkzMzcvbG9jYXRpb25zL3VzLWNlbnRyYWwxL2J1aWxkcy9kNjQ2NWVlYi00OGNkLTRmZDktYmNkZi03MTE0NGFmNjQ0MzISYHVzLWNlbnRyYWwxLWRvY2tlci5wa2cuZGV2L2tvdHRhZ2UtdjIvZ2NmLWFydGlmYWN0cy9rb3R0YWdlLS12Ml9fdXMtLWNlbnRyYWwxX190aWNrZXRzOnZlcnNpb25fMRjZz/OM3xgiO3Byb2plY3RzL2tvdHRhZ2UtdjIvbG9jYXRpb25zL3VzLWNlbnRyYWwxL2Z1bmN0aW9ucy90aWNrZXRzKgwIzdWgzwYQgKL9lQEyCG5vZGVqczIyOnYKI2djci5pby9nYWUtcnVudGltZXMvbm9kZWpzMjI6c3RhYmxlEk91cy1jZW50cmFsMS1kb2NrZXIucGtnLmRldi9zZXJ2ZXJsZXNzLXJ1bnRpbWVzL2dvb2dsZS0yMi1mdWxsL3J1bnRpbWVzL25vZGVqczIyQAE=","operationType":"UPDATE_FUNCTION","buildName":"projects/850162149337/locations/us-central1/builds/d6465eeb-48cd-4fd9-bcdf-71144af64432"},"done":false}
[debug] [2026-04-22T01:56:38.815Z] Got source token Cldwcm9qZWN0cy84NTAxNjIxNDkzMzcvbG9jYXRpb25zL3VzLWNlbnRyYWwxL2J1aWxkcy9kNjQ2NWVlYi00OGNkLTRmZDktYmNkZi03MTE0NGFmNjQ0MzISYHVzLWNlbnRyYWwxLWRvY2tlci5wa2cuZGV2L2tvdHRhZ2UtdjIvZ2NmLWFydGlmYWN0cy9rb3R0YWdlLS12Ml9fdXMtLWNlbnRyYWwxX190aWNrZXRzOnZlcnNpb25fMRjZz/OM3xgiO3Byb2plY3RzL2tvdHRhZ2UtdjIvbG9jYXRpb25zL3VzLWNlbnRyYWwxL2Z1bmN0aW9ucy90aWNrZXRzKgwIzdWgzwYQgKL9lQEyCG5vZGVqczIyOnYKI2djci5pby9nYWUtcnVudGltZXMvbm9kZWpzMjI6c3RhYmxlEk91cy1jZW50cmFsMS1kb2NrZXIucGtnLmRldi9zZXJ2ZXJsZXNzLXJ1bnRpbWVzL2dvb2dsZS0yMi1mdWxsL3J1bnRpbWVzL25vZGVqczIyQAE= for region us-central1
[debug] [2026-04-22T01:56:38.853Z] <<< [apiv2][status] GET https://cloudfunctions.googleapis.com/v2/projects/kottage-v2/locations/us-central1/operations/operation-1776822993057-65002d75478c1-6bbcce2c-580a70d2 200
[debug] [2026-04-22T01:56:38.854Z] <<< [apiv2][body] GET https://cloudfunctions.googleapis.com/v2/projects/kottage-v2/locations/us-central1/operations/operation-1776822993057-65002d75478c1-6bbcce2c-580a70d2 {"name":"projects/kottage-v2/locations/us-central1/operations/operation-1776822993057-65002d75478c1-6bbcce2c-580a70d2","metadata":{"@type":"type.googleapis.com/google.cloud.functions.v2.OperationMetadata","createTime":"2026-04-22T01:56:33.853604287Z","target":"projects/kottage-v2/locations/us-central1/functions/onBookingCreated","verb":"update","cancelRequested":false,"apiVersion":"v2","requestResource":{"@type":"type.googleapis.com/google.cloud.functions.v2.Function","name":"projects/kottage-v2/locations/us-central1/functions/onBookingCreated","buildConfig":{"runtime":"nodejs22","entryPoint":"onBookingCreated","source":{"storageSource":{"bucket":"gcf-v2-sources-850162149337-us-central1","object":"onBookingCreated/function-source.zip","generation":"1776822993804841"}},"environmentVariables":{"GOOGLE_NODE_RUN_SCRIPTS":""},"dockerRepository":"projects/kottage-v2/locations/us-central1/repositories/gcf-artifacts","sourceProvenance":{"resolvedStorageSource":{"bucket":"gcf-v2-sources-850162149337-us-central1","object":"onBookingCreated/function-source.zip","generation":"1754620010959722"}},"dockerRegistry":"ARTIFACT_REGISTRY","sourceToken":"Cldwcm9qZWN0cy84NTAxNjIxNDkzMzcvbG9jYXRpb25zL3VzLWNlbnRyYWwxL2J1aWxkcy9kNjQ2NWVlYi00OGNkLTRmZDktYmNkZi03MTE0NGFmNjQ0MzISYHVzLWNlbnRyYWwxLWRvY2tlci5wa2cuZGV2L2tvdHRhZ2UtdjIvZ2NmLWFydGlmYWN0cy9rb3R0YWdlLS12Ml9fdXMtLWNlbnRyYWwxX190aWNrZXRzOnZlcnNpb25fMRjZz/OM3xgiO3Byb2plY3RzL2tvdHRhZ2UtdjIvbG9jYXRpb25zL3VzLWNlbnRyYWwxL2Z1bmN0aW9ucy90aWNrZXRzKgwIzdWgzwYQgKL9lQEyCG5vZGVqczIyOnYKI2djci5pby9nYWUtcnVudGltZXMvbm9kZWpzMjI6c3RhYmxlEk91cy1jZW50cmFsMS1kb2NrZXIucGtnLmRldi9zZXJ2ZXJsZXNzLXJ1bnRpbWVzL2dvb2dsZS0yMi1mdWxsL3J1bnRpbWVzL25vZGVqczIyQAE=","serviceAccount":"projects/kottage-v2/serviceAccounts/850162149337-compute@developer.gserviceaccount.com","automaticUpdatePolicy":{}},"serviceConfig":{"service":"projects/kottage-v2/locations/us-central1/services/onbookingcreated","timeoutSeconds":60,"environmentVariables":{"FIREBASE_CONFIG":"{\"projectId\":\"kottage-v2\",\"databaseURL\":\"https://kottage-v2-default-rtdb.firebaseio.com\",\"storageBucket\":\"kottage-v2.appspot.com\",\"locationId\":\"us-central\"}","GCLOUD_PROJECT":"kottage-v2","EVENTARC_CLOUD_EVENT_SOURCE":"projects/kottage-v2/locations/us-central1/services/onBookingCreated","FUNCTION_SIGNATURE_TYPE":"cloudevent","FUNCTION_TARGET":"onBookingCreated","LOG_EXECUTION_ID":"true"},"ingressSettings":"ALLOW_ALL","uri":"https://onbookingcreated-cxpwli2maq-uc.a.run.app","serviceAccountEmail":"850162149337-compute@developer.gserviceaccount.com","availableMemory":"256Mi","allTrafficOnLatestRevision":true,"revision":"onbookingcreated-00001-bap","maxInstanceRequestConcurrency":80,"availableCpu":"1"},"eventTrigger":{"trigger":"projects/kottage-v2/locations/us-central1/triggers/onbookingcreated-452417","triggerRegion":"us-central1","eventType":"google.firebase.database.ref.v1.written","eventFilters":[{"attribute":"ref","value":"bookings/{bookingId}","operator":"match-path-pattern"},{"attribute":"instance","value":"*","operator":"match-path-pattern"}],"pubsubTopic":"projects/kottage-v2/topics/eventarc-us-central1-onbookingcreated-452417-558","serviceAccountEmail":"850162149337-compute@developer.gserviceaccount.com","retryPolicy":"RETRY_POLICY_DO_NOT_RETRY"},"state":"ACTIVE","labels":{"deployment-tool":"cli-firebase","firebase-functions-hash":"fa11e580218d160d1d29e6caa6741b69401f3cc4"},"environment":"GEN_2","url":"https://us-central1-kottage-v2.cloudfunctions.net/onBookingCreated","satisfiesPzi":true},"stages":[{"name":"BUILD","message":"Reusing build","state":"COMPLETE","resource":"projects/850162149337/locations/us-central1/builds/d6465eeb-48cd-4fd9-bcdf-71144af64432"},{"name":"SERVICE","message":"Updating Cloud Run service","state":"IN_PROGRESS","resource":"projects/kottage-v2/locations/us-central1/services/onbookingcreated","resourceUri":"https://console.cloud.google.com/run/detail/us-central1/onbookingcreated?project=kottage-v2","stateMessages":[{"severity":"INFO","type":"CloudRunServiceNewRevisionTrafficInfo","message":"A new revision will be deployed serving with 100% traffic."}]},{"name":"TRIGGER","state":"NOT_STARTED"}],"sourceToken":"Cldwcm9qZWN0cy84NTAxNjIxNDkzMzcvbG9jYXRpb25zL3VzLWNlbnRyYWwxL2J1aWxkcy9kNjQ2NWVlYi00OGNkLTRmZDktYmNkZi03MTE0NGFmNjQ0MzISYHVzLWNlbnRyYWwxLWRvY2tlci5wa2cuZGV2L2tvdHRhZ2UtdjIvZ2NmLWFydGlmYWN0cy9rb3R0YWdlLS12Ml9fdXMtLWNlbnRyYWwxX190aWNrZXRzOnZlcnNpb25fMRjZz/OM3xgiO3Byb2plY3RzL2tvdHRhZ2UtdjIvbG9jYXRpb25zL3VzLWNlbnRyYWwxL2Z1bmN0aW9ucy90aWNrZXRzKgwIzdWgzwYQgKL9lQEyCG5vZGVqczIyOnYKI2djci5pby9nYWUtcnVudGltZXMvbm9kZWpzMjI6c3RhYmxlEk91cy1jZW50cmFsMS1kb2NrZXIucGtnLmRldi9zZXJ2ZXJsZXNzLXJ1bnRpbWVzL2dvb2dsZS0yMi1mdWxsL3J1bnRpbWVzL25vZGVqczIyQAE=","operationType":"UPDATE_FUNCTION","buildName":"projects/850162149337/locations/us-central1/builds/d6465eeb-48cd-4fd9-bcdf-71144af64432"},"done":false}
[debug] [2026-04-22T01:56:38.854Z] Got source token Cldwcm9qZWN0cy84NTAxNjIxNDkzMzcvbG9jYXRpb25zL3VzLWNlbnRyYWwxL2J1aWxkcy9kNjQ2NWVlYi00OGNkLTRmZDktYmNkZi03MTE0NGFmNjQ0MzISYHVzLWNlbnRyYWwxLWRvY2tlci5wa2cuZGV2L2tvdHRhZ2UtdjIvZ2NmLWFydGlmYWN0cy9rb3R0YWdlLS12Ml9fdXMtLWNlbnRyYWwxX190aWNrZXRzOnZlcnNpb25fMRjZz/OM3xgiO3Byb2plY3RzL2tvdHRhZ2UtdjIvbG9jYXRpb25zL3VzLWNlbnRyYWwxL2Z1bmN0aW9ucy90aWNrZXRzKgwIzdWgzwYQgKL9lQEyCG5vZGVqczIyOnYKI2djci5pby9nYWUtcnVudGltZXMvbm9kZWpzMjI6c3RhYmxlEk91cy1jZW50cmFsMS1kb2NrZXIucGtnLmRldi9zZXJ2ZXJsZXNzLXJ1bnRpbWVzL2dvb2dsZS0yMi1mdWxsL3J1bnRpbWVzL25vZGVqczIyQAE= for region us-central1
[debug] [2026-04-22T01:56:38.884Z] <<< [apiv2][status] GET https://cloudfunctions.googleapis.com/v2/projects/kottage-v2/locations/us-central1/operations/operation-1776822993057-65002d7547879-e255cc4f-b6eca79e 200
[debug] [2026-04-22T01:56:38.885Z] <<< [apiv2][body] GET https://cloudfunctions.googleapis.com/v2/projects/kottage-v2/locations/us-central1/operations/operation-1776822993057-65002d7547879-e255cc4f-b6eca79e {"name":"projects/kottage-v2/locations/us-central1/operations/operation-1776822993057-65002d7547879-e255cc4f-b6eca79e","metadata":{"@type":"type.googleapis.com/google.cloud.functions.v2.OperationMetadata","createTime":"2026-04-22T01:56:33.851224694Z","target":"projects/kottage-v2/locations/us-central1/functions/getEmployeeById","verb":"update","cancelRequested":false,"apiVersion":"v2","requestResource":{"@type":"type.googleapis.com/google.cloud.functions.v2.Function","name":"projects/kottage-v2/locations/us-central1/functions/getEmployeeById","buildConfig":{"runtime":"nodejs22","entryPoint":"getEmployeeById","source":{"storageSource":{"bucket":"gcf-v2-sources-850162149337-us-central1","object":"getEmployeeById/function-source.zip","generation":"1776822993809838"}},"environmentVariables":{"GOOGLE_NODE_RUN_SCRIPTS":""},"dockerRepository":"projects/kottage-v2/locations/us-central1/repositories/gcf-artifacts","sourceProvenance":{"resolvedStorageSource":{"bucket":"gcf-v2-sources-850162149337-us-central1","object":"getEmployeeById/function-source.zip","generation":"1754620011367671"}},"dockerRegistry":"ARTIFACT_REGISTRY","sourceToken":"Cldwcm9qZWN0cy84NTAxNjIxNDkzMzcvbG9jYXRpb25zL3VzLWNlbnRyYWwxL2J1aWxkcy9kNjQ2NWVlYi00OGNkLTRmZDktYmNkZi03MTE0NGFmNjQ0MzISYHVzLWNlbnRyYWwxLWRvY2tlci5wa2cuZGV2L2tvdHRhZ2UtdjIvZ2NmLWFydGlmYWN0cy9rb3R0YWdlLS12Ml9fdXMtLWNlbnRyYWwxX190aWNrZXRzOnZlcnNpb25fMRjZz/OM3xgiO3Byb2plY3RzL2tvdHRhZ2UtdjIvbG9jYXRpb25zL3VzLWNlbnRyYWwxL2Z1bmN0aW9ucy90aWNrZXRzKgwIzdWgzwYQgKL9lQEyCG5vZGVqczIyOnYKI2djci5pby9nYWUtcnVudGltZXMvbm9kZWpzMjI6c3RhYmxlEk91cy1jZW50cmFsMS1kb2NrZXIucGtnLmRldi9zZXJ2ZXJsZXNzLXJ1bnRpbWVzL2dvb2dsZS0yMi1mdWxsL3J1bnRpbWVzL25vZGVqczIyQAE=","serviceAccount":"projects/kottage-v2/serviceAccounts/850162149337-compute@developer.gserviceaccount.com","automaticUpdatePolicy":{}},"serviceConfig":{"service":"projects/kottage-v2/locations/us-central1/services/getemployeebyid","timeoutSeconds":60,"environmentVariables":{"FIREBASE_CONFIG":"{\"projectId\":\"kottage-v2\",\"databaseURL\":\"https://kottage-v2-default-rtdb.firebaseio.com\",\"storageBucket\":\"kottage-v2.appspot.com\",\"locationId\":\"us-central\"}","GCLOUD_PROJECT":"kottage-v2","EVENTARC_CLOUD_EVENT_SOURCE":"projects/kottage-v2/locations/us-central1/services/getEmployeeById","FUNCTION_TARGET":"getEmployeeById","LOG_EXECUTION_ID":"true","FUNCTION_SIGNATURE_TYPE":"http"},"ingressSettings":"ALLOW_ALL","uri":"https://getemployeebyid-cxpwli2maq-uc.a.run.app","serviceAccountEmail":"850162149337-compute@developer.gserviceaccount.com","availableMemory":"256Mi","allTrafficOnLatestRevision":true,"revision":"getemployeebyid-00016-bov","maxInstanceRequestConcurrency":80,"availableCpu":"1"},"state":"ACTIVE","labels":{"deployment-tool":"cli-firebase","deployment-callable":"true","firebase-functions-hash":"fa11e580218d160d1d29e6caa6741b69401f3cc4"},"environment":"GEN_2","url":"https://us-central1-kottage-v2.cloudfunctions.net/getEmployeeById","satisfiesPzi":true},"stages":[{"name":"BUILD","message":"Reusing build","state":"COMPLETE","resource":"projects/850162149337/locations/us-central1/builds/d6465eeb-48cd-4fd9-bcdf-71144af64432"},{"name":"SERVICE","message":"Updating Cloud Run service","state":"IN_PROGRESS","resource":"projects/kottage-v2/locations/us-central1/services/getemployeebyid","resourceUri":"https://console.cloud.google.com/run/detail/us-central1/getemployeebyid?project=kottage-v2","stateMessages":[{"severity":"INFO","type":"CloudRunServiceNewRevisionTrafficInfo","message":"A new revision will be deployed serving with 100% traffic."}]}],"sourceToken":"Cldwcm9qZWN0cy84NTAxNjIxNDkzMzcvbG9jYXRpb25zL3VzLWNlbnRyYWwxL2J1aWxkcy9kNjQ2NWVlYi00OGNkLTRmZDktYmNkZi03MTE0NGFmNjQ0MzISYHVzLWNlbnRyYWwxLWRvY2tlci5wa2cuZGV2L2tvdHRhZ2UtdjIvZ2NmLWFydGlmYWN0cy9rb3R0YWdlLS12Ml9fdXMtLWNlbnRyYWwxX190aWNrZXRzOnZlcnNpb25fMRjZz/OM3xgiO3Byb2plY3RzL2tvdHRhZ2UtdjIvbG9jYXRpb25zL3VzLWNlbnRyYWwxL2Z1bmN0aW9ucy90aWNrZXRzKgwIzdWgzwYQgKL9lQEyCG5vZGVqczIyOnYKI2djci5pby9nYWUtcnVudGltZXMvbm9kZWpzMjI6c3RhYmxlEk91cy1jZW50cmFsMS1kb2NrZXIucGtnLmRldi9zZXJ2ZXJsZXNzLXJ1bnRpbWVzL2dvb2dsZS0yMi1mdWxsL3J1bnRpbWVzL25vZGVqczIyQAE=","operationType":"UPDATE_FUNCTION","buildName":"projects/850162149337/locations/us-central1/builds/d6465eeb-48cd-4fd9-bcdf-71144af64432"},"done":false}
[debug] [2026-04-22T01:56:38.885Z] Got source token Cldwcm9qZWN0cy84NTAxNjIxNDkzMzcvbG9jYXRpb25zL3VzLWNlbnRyYWwxL2J1aWxkcy9kNjQ2NWVlYi00OGNkLTRmZDktYmNkZi03MTE0NGFmNjQ0MzISYHVzLWNlbnRyYWwxLWRvY2tlci5wa2cuZGV2L2tvdHRhZ2UtdjIvZ2NmLWFydGlmYWN0cy9rb3R0YWdlLS12Ml9fdXMtLWNlbnRyYWwxX190aWNrZXRzOnZlcnNpb25fMRjZz/OM3xgiO3Byb2plY3RzL2tvdHRhZ2UtdjIvbG9jYXRpb25zL3VzLWNlbnRyYWwxL2Z1bmN0aW9ucy90aWNrZXRzKgwIzdWgzwYQgKL9lQEyCG5vZGVqczIyOnYKI2djci5pby9nYWUtcnVudGltZXMvbm9kZWpzMjI6c3RhYmxlEk91cy1jZW50cmFsMS1kb2NrZXIucGtnLmRldi9zZXJ2ZXJsZXNzLXJ1bnRpbWVzL2dvb2dsZS0yMi1mdWxsL3J1bnRpbWVzL25vZGVqczIyQAE= for region us-central1
[debug] [2026-04-22T01:56:38.885Z] <<< [apiv2][status] GET https://cloudfunctions.googleapis.com/v2/projects/kottage-v2/locations/us-central1/operations/operation-1776822993093-65002d75502e7-709a6f82-39581ff4 200
[debug] [2026-04-22T01:56:38.885Z] <<< [apiv2][body] GET https://cloudfunctions.googleapis.com/v2/projects/kottage-v2/locations/us-central1/operations/operation-1776822993093-65002d75502e7-709a6f82-39581ff4 {"name":"projects/kottage-v2/locations/us-central1/operations/operation-1776822993093-65002d75502e7-709a6f82-39581ff4","metadata":{"@type":"type.googleapis.com/google.cloud.functions.v2.OperationMetadata","createTime":"2026-04-22T01:56:33.888680515Z","target":"projects/kottage-v2/locations/us-central1/functions/searchEmployees","verb":"update","cancelRequested":false,"apiVersion":"v2","requestResource":{"@type":"type.googleapis.com/google.cloud.functions.v2.Function","name":"projects/kottage-v2/locations/us-central1/functions/searchEmployees","buildConfig":{"runtime":"nodejs22","entryPoint":"searchEmployees","source":{"storageSource":{"bucket":"gcf-v2-sources-850162149337-us-central1","object":"searchEmployees/function-source.zip","generation":"1776822993838652"}},"environmentVariables":{"GOOGLE_NODE_RUN_SCRIPTS":""},"dockerRepository":"projects/kottage-v2/locations/us-central1/repositories/gcf-artifacts","sourceProvenance":{"resolvedStorageSource":{"bucket":"gcf-v2-sources-850162149337-us-central1","object":"searchEmployees/function-source.zip","generation":"1754620011383725"}},"dockerRegistry":"ARTIFACT_REGISTRY","sourceToken":"Cldwcm9qZWN0cy84NTAxNjIxNDkzMzcvbG9jYXRpb25zL3VzLWNlbnRyYWwxL2J1aWxkcy9kNjQ2NWVlYi00OGNkLTRmZDktYmNkZi03MTE0NGFmNjQ0MzISYHVzLWNlbnRyYWwxLWRvY2tlci5wa2cuZGV2L2tvdHRhZ2UtdjIvZ2NmLWFydGlmYWN0cy9rb3R0YWdlLS12Ml9fdXMtLWNlbnRyYWwxX190aWNrZXRzOnZlcnNpb25fMRjZz/OM3xgiO3Byb2plY3RzL2tvdHRhZ2UtdjIvbG9jYXRpb25zL3VzLWNlbnRyYWwxL2Z1bmN0aW9ucy90aWNrZXRzKgwIzdWgzwYQgKL9lQEyCG5vZGVqczIyOnYKI2djci5pby9nYWUtcnVudGltZXMvbm9kZWpzMjI6c3RhYmxlEk91cy1jZW50cmFsMS1kb2NrZXIucGtnLmRldi9zZXJ2ZXJsZXNzLXJ1bnRpbWVzL2dvb2dsZS0yMi1mdWxsL3J1bnRpbWVzL25vZGVqczIyQAE=","serviceAccount":"projects/kottage-v2/serviceAccounts/850162149337-compute@developer.gserviceaccount.com","automaticUpdatePolicy":{}},"serviceConfig":{"service":"projects/kottage-v2/locations/us-central1/services/searchemployees","timeoutSeconds":60,"environmentVariables":{"FIREBASE_CONFIG":"{\"projectId\":\"kottage-v2\",\"databaseURL\":\"https://kottage-v2-default-rtdb.firebaseio.com\",\"storageBucket\":\"kottage-v2.appspot.com\",\"locationId\":\"us-central\"}","GCLOUD_PROJECT":"kottage-v2","EVENTARC_CLOUD_EVENT_SOURCE":"projects/kottage-v2/locations/us-central1/services/searchEmployees","FUNCTION_TARGET":"searchEmployees","LOG_EXECUTION_ID":"true","FUNCTION_SIGNATURE_TYPE":"http"},"ingressSettings":"ALLOW_ALL","uri":"https://searchemployees-cxpwli2maq-uc.a.run.app","serviceAccountEmail":"850162149337-compute@developer.gserviceaccount.com","availableMemory":"256Mi","allTrafficOnLatestRevision":true,"revision":"searchemployees-00016-xaz","maxInstanceRequestConcurrency":80,"availableCpu":"1"},"state":"ACTIVE","labels":{"deployment-tool":"cli-firebase","deployment-callable":"true","firebase-functions-hash":"fa11e580218d160d1d29e6caa6741b69401f3cc4"},"environment":"GEN_2","url":"https://us-central1-kottage-v2.cloudfunctions.net/searchEmployees","satisfiesPzi":true},"stages":[{"name":"BUILD","message":"Reusing build","state":"COMPLETE","resource":"projects/850162149337/locations/us-central1/builds/d6465eeb-48cd-4fd9-bcdf-71144af64432"},{"name":"SERVICE","message":"Updating Cloud Run service","state":"IN_PROGRESS","resource":"projects/kottage-v2/locations/us-central1/services/searchemployees","resourceUri":"https://console.cloud.google.com/run/detail/us-central1/searchemployees?project=kottage-v2","stateMessages":[{"severity":"INFO","type":"CloudRunServiceNewRevisionTrafficInfo","message":"A new revision will be deployed serving with 100% traffic."}]}],"sourceToken":"Cldwcm9qZWN0cy84NTAxNjIxNDkzMzcvbG9jYXRpb25zL3VzLWNlbnRyYWwxL2J1aWxkcy9kNjQ2NWVlYi00OGNkLTRmZDktYmNkZi03MTE0NGFmNjQ0MzISYHVzLWNlbnRyYWwxLWRvY2tlci5wa2cuZGV2L2tvdHRhZ2UtdjIvZ2NmLWFydGlmYWN0cy9rb3R0YWdlLS12Ml9fdXMtLWNlbnRyYWwxX190aWNrZXRzOnZlcnNpb25fMRjZz/OM3xgiO3Byb2plY3RzL2tvdHRhZ2UtdjIvbG9jYXRpb25zL3VzLWNlbnRyYWwxL2Z1bmN0aW9ucy90aWNrZXRzKgwIzdWgzwYQgKL9lQEyCG5vZGVqczIyOnYKI2djci5pby9nYWUtcnVudGltZXMvbm9kZWpzMjI6c3RhYmxlEk91cy1jZW50cmFsMS1kb2NrZXIucGtnLmRldi9zZXJ2ZXJsZXNzLXJ1bnRpbWVzL2dvb2dsZS0yMi1mdWxsL3J1bnRpbWVzL25vZGVqczIyQAE=","operationType":"UPDATE_FUNCTION","buildName":"projects/850162149337/locations/us-central1/builds/d6465eeb-48cd-4fd9-bcdf-71144af64432"},"done":false}
[debug] [2026-04-22T01:56:38.886Z] Got source token Cldwcm9qZWN0cy84NTAxNjIxNDkzMzcvbG9jYXRpb25zL3VzLWNlbnRyYWwxL2J1aWxkcy9kNjQ2NWVlYi00OGNkLTRmZDktYmNkZi03MTE0NGFmNjQ0MzISYHVzLWNlbnRyYWwxLWRvY2tlci5wa2cuZGV2L2tvdHRhZ2UtdjIvZ2NmLWFydGlmYWN0cy9rb3R0YWdlLS12Ml9fdXMtLWNlbnRyYWwxX190aWNrZXRzOnZlcnNpb25fMRjZz/OM3xgiO3Byb2plY3RzL2tvdHRhZ2UtdjIvbG9jYXRpb25zL3VzLWNlbnRyYWwxL2Z1bmN0aW9ucy90aWNrZXRzKgwIzdWgzwYQgKL9lQEyCG5vZGVqczIyOnYKI2djci5pby9nYWUtcnVudGltZXMvbm9kZWpzMjI6c3RhYmxlEk91cy1jZW50cmFsMS1kb2NrZXIucGtnLmRldi9zZXJ2ZXJsZXNzLXJ1bnRpbWVzL2dvb2dsZS0yMi1mdWxsL3J1bnRpbWVzL25vZGVqczIyQAE= for region us-central1
[debug] [2026-04-22T01:56:38.887Z] <<< [apiv2][status] GET https://cloudfunctions.googleapis.com/v2/projects/kottage-v2/locations/us-central1/operations/operation-1776822992940-65002d752acde-62e70fde-ad7adde3 200
[debug] [2026-04-22T01:56:38.888Z] <<< [apiv2][body] GET https://cloudfunctions.googleapis.com/v2/projects/kottage-v2/locations/us-central1/operations/operation-1776822992940-65002d752acde-62e70fde-ad7adde3 {"name":"projects/kottage-v2/locations/us-central1/operations/operation-1776822992940-65002d752acde-62e70fde-ad7adde3","metadata":{"@type":"type.googleapis.com/google.cloud.functions.v2.OperationMetadata","createTime":"2026-04-22T01:56:33.826376321Z","target":"projects/kottage-v2/locations/us-central1/functions/getPropertyAnalytics","verb":"update","cancelRequested":false,"apiVersion":"v2","requestResource":{"@type":"type.googleapis.com/google.cloud.functions.v2.Function","name":"projects/kottage-v2/locations/us-central1/functions/getPropertyAnalytics","buildConfig":{"runtime":"nodejs22","entryPoint":"getPropertyAnalytics","source":{"storageSource":{"bucket":"gcf-v2-sources-850162149337-us-central1","object":"getPropertyAnalytics/function-source.zip","generation":"1776822993777522"}},"environmentVariables":{"GOOGLE_NODE_RUN_SCRIPTS":""},"dockerRepository":"projects/kottage-v2/locations/us-central1/repositories/gcf-artifacts","sourceProvenance":{"resolvedStorageSource":{"bucket":"gcf-v2-sources-850162149337-us-central1","object":"getPropertyAnalytics/function-source.zip","generation":"1754620010962634"}},"dockerRegistry":"ARTIFACT_REGISTRY","sourceToken":"Cldwcm9qZWN0cy84NTAxNjIxNDkzMzcvbG9jYXRpb25zL3VzLWNlbnRyYWwxL2J1aWxkcy9kNjQ2NWVlYi00OGNkLTRmZDktYmNkZi03MTE0NGFmNjQ0MzISYHVzLWNlbnRyYWwxLWRvY2tlci5wa2cuZGV2L2tvdHRhZ2UtdjIvZ2NmLWFydGlmYWN0cy9rb3R0YWdlLS12Ml9fdXMtLWNlbnRyYWwxX190aWNrZXRzOnZlcnNpb25fMRjZz/OM3xgiO3Byb2plY3RzL2tvdHRhZ2UtdjIvbG9jYXRpb25zL3VzLWNlbnRyYWwxL2Z1bmN0aW9ucy90aWNrZXRzKgwIzdWgzwYQgKL9lQEyCG5vZGVqczIyOnYKI2djci5pby9nYWUtcnVudGltZXMvbm9kZWpzMjI6c3RhYmxlEk91cy1jZW50cmFsMS1kb2NrZXIucGtnLmRldi9zZXJ2ZXJsZXNzLXJ1bnRpbWVzL2dvb2dsZS0yMi1mdWxsL3J1bnRpbWVzL25vZGVqczIyQAE=","serviceAccount":"projects/kottage-v2/serviceAccounts/850162149337-compute@developer.gserviceaccount.com","automaticUpdatePolicy":{}},"serviceConfig":{"service":"projects/kottage-v2/locations/us-central1/services/getpropertyanalytics","timeoutSeconds":60,"environmentVariables":{"FIREBASE_CONFIG":"{\"projectId\":\"kottage-v2\",\"databaseURL\":\"https://kottage-v2-default-rtdb.firebaseio.com\",\"storageBucket\":\"kottage-v2.appspot.com\",\"locationId\":\"us-central\"}","GCLOUD_PROJECT":"kottage-v2","EVENTARC_CLOUD_EVENT_SOURCE":"projects/kottage-v2/locations/us-central1/services/getPropertyAnalytics","FUNCTION_TARGET":"getPropertyAnalytics","LOG_EXECUTION_ID":"true","FUNCTION_SIGNATURE_TYPE":"http"},"ingressSettings":"ALLOW_ALL","uri":"https://getpropertyanalytics-cxpwli2maq-uc.a.run.app","serviceAccountEmail":"850162149337-compute@developer.gserviceaccount.com","availableMemory":"256Mi","allTrafficOnLatestRevision":true,"revision":"getpropertyanalytics-00001-fol","maxInstanceRequestConcurrency":80,"availableCpu":"1"},"state":"ACTIVE","labels":{"deployment-tool":"cli-firebase","deployment-callable":"true","firebase-functions-hash":"fa11e580218d160d1d29e6caa6741b69401f3cc4"},"environment":"GEN_2","url":"https://us-central1-kottage-v2.cloudfunctions.net/getPropertyAnalytics","satisfiesPzi":true},"stages":[{"name":"BUILD","message":"Reusing build","state":"COMPLETE","resource":"projects/850162149337/locations/us-central1/builds/d6465eeb-48cd-4fd9-bcdf-71144af64432"},{"name":"SERVICE","message":"Updating Cloud Run service","state":"IN_PROGRESS","resource":"projects/kottage-v2/locations/us-central1/services/getpropertyanalytics","resourceUri":"https://console.cloud.google.com/run/detail/us-central1/getpropertyanalytics?project=kottage-v2","stateMessages":[{"severity":"INFO","type":"CloudRunServiceNewRevisionTrafficInfo","message":"A new revision will be deployed serving with 100% traffic."}]}],"sourceToken":"Cldwcm9qZWN0cy84NTAxNjIxNDkzMzcvbG9jYXRpb25zL3VzLWNlbnRyYWwxL2J1aWxkcy9kNjQ2NWVlYi00OGNkLTRmZDktYmNkZi03MTE0NGFmNjQ0MzISYHVzLWNlbnRyYWwxLWRvY2tlci5wa2cuZGV2L2tvdHRhZ2UtdjIvZ2NmLWFydGlmYWN0cy9rb3R0YWdlLS12Ml9fdXMtLWNlbnRyYWwxX190aWNrZXRzOnZlcnNpb25fMRjZz/OM3xgiO3Byb2plY3RzL2tvdHRhZ2UtdjIvbG9jYXRpb25zL3VzLWNlbnRyYWwxL2Z1bmN0aW9ucy90aWNrZXRzKgwIzdWgzwYQgKL9lQEyCG5vZGVqczIyOnYKI2djci5pby9nYWUtcnVudGltZXMvbm9kZWpzMjI6c3RhYmxlEk91cy1jZW50cmFsMS1kb2NrZXIucGtnLmRldi9zZXJ2ZXJsZXNzLXJ1bnRpbWVzL2dvb2dsZS0yMi1mdWxsL3J1bnRpbWVzL25vZGVqczIyQAE=","operationType":"UPDATE_FUNCTION","buildName":"projects/850162149337/locations/us-central1/builds/d6465eeb-48cd-4fd9-bcdf-71144af64432"},"done":false}
[debug] [2026-04-22T01:56:38.888Z] Got source token Cldwcm9qZWN0cy84NTAxNjIxNDkzMzcvbG9jYXRpb25zL3VzLWNlbnRyYWwxL2J1aWxkcy9kNjQ2NWVlYi00OGNkLTRmZDktYmNkZi03MTE0NGFmNjQ0MzISYHVzLWNlbnRyYWwxLWRvY2tlci5wa2cuZGV2L2tvdHRhZ2UtdjIvZ2NmLWFydGlmYWN0cy9rb3R0YWdlLS12Ml9fdXMtLWNlbnRyYWwxX190aWNrZXRzOnZlcnNpb25fMRjZz/OM3xgiO3Byb2plY3RzL2tvdHRhZ2UtdjIvbG9jYXRpb25zL3VzLWNlbnRyYWwxL2Z1bmN0aW9ucy90aWNrZXRzKgwIzdWgzwYQgKL9lQEyCG5vZGVqczIyOnYKI2djci5pby9nYWUtcnVudGltZXMvbm9kZWpzMjI6c3RhYmxlEk91cy1jZW50cmFsMS1kb2NrZXIucGtnLmRldi9zZXJ2ZXJsZXNzLXJ1bnRpbWVzL2dvb2dsZS0yMi1mdWxsL3J1bnRpbWVzL25vZGVqczIyQAE= for region us-central1
[debug] [2026-04-22T01:56:42.738Z] [update-default-us-central1-setEmployeeClaims] Retrying task index 0
[debug] [2026-04-22T01:56:42.739Z] Checked if tokens are valid: true, expires at: 1776826494244
[debug] [2026-04-22T01:56:42.739Z] Checked if tokens are valid: true, expires at: 1776826494244
[debug] [2026-04-22T01:56:42.739Z] >>> [apiv2][query] GET https://cloudfunctions.googleapis.com/v2/projects/kottage-v2/locations/us-central1/operations/operation-1776822993017-65002d753d8d9-47114c5b-41fc17fe [none]
[debug] [2026-04-22T01:56:42.750Z] [update-default-us-central1-updatePropertyRating] Retrying task index 0
[debug] [2026-04-22T01:56:42.751Z] Checked if tokens are valid: true, expires at: 1776826494244
[debug] [2026-04-22T01:56:42.751Z] Checked if tokens are valid: true, expires at: 1776826494244
[debug] [2026-04-22T01:56:42.752Z] >>> [apiv2][query] GET https://cloudfunctions.googleapis.com/v2/projects/kottage-v2/locations/us-central1/operations/operation-1776822992970-65002d7532437-29d0f30f-a358d1f8 [none]
[debug] [2026-04-22T01:56:42.782Z] [update-default-us-central1-setHostClaims] Retrying task index 0
[debug] [2026-04-22T01:56:42.783Z] Checked if tokens are valid: true, expires at: 1776826494244
[debug] [2026-04-22T01:56:42.784Z] Checked if tokens are valid: true, expires at: 1776826494244
[debug] [2026-04-22T01:56:42.784Z] >>> [apiv2][query] GET https://cloudfunctions.googleapis.com/v2/projects/kottage-v2/locations/us-central1/operations/operation-1776822993049-65002d7545637-c881caa5-1cf9ab11 [none]
[debug] [2026-04-22T01:56:42.791Z] [update-default-us-central1-trackUserInteraction] Retrying task index 0
[debug] [2026-04-22T01:56:42.792Z] Checked if tokens are valid: true, expires at: 1776826494244
[debug] [2026-04-22T01:56:42.792Z] Checked if tokens are valid: true, expires at: 1776826494244
[debug] [2026-04-22T01:56:42.792Z] >>> [apiv2][query] GET https://cloudfunctions.googleapis.com/v2/projects/kottage-v2/locations/us-central1/operations/operation-1776822993062-65002d7548bcf-671d4a50-aa290b30 [none]
[debug] [2026-04-22T01:56:42.801Z] [update-default-us-central1-getEmployees] Retrying task index 0
[debug] [2026-04-22T01:56:42.801Z] Checked if tokens are valid: true, expires at: 1776826494244
[debug] [2026-04-22T01:56:42.801Z] Checked if tokens are valid: true, expires at: 1776826494244
[debug] [2026-04-22T01:56:42.802Z] >>> [apiv2][query] GET https://cloudfunctions.googleapis.com/v2/projects/kottage-v2/locations/us-central1/operations/operation-1776822993042-65002d7543db2-deba3334-ad85e91c [none]
[debug] [2026-04-22T01:56:42.810Z] [update-default-us-central1-createEmployee] Retrying task index 0
[debug] [2026-04-22T01:56:42.810Z] Checked if tokens are valid: true, expires at: 1776826494244
[debug] [2026-04-22T01:56:42.810Z] Checked if tokens are valid: true, expires at: 1776826494244
[debug] [2026-04-22T01:56:42.810Z] >>> [apiv2][query] GET https://cloudfunctions.googleapis.com/v2/projects/kottage-v2/locations/us-central1/operations/operation-1776822993048-65002d75452c7-712c74eb-64ef21c3 [none]
[debug] [2026-04-22T01:56:42.814Z] [update-default-us-central1-getEmployeeStats] Retrying task index 0
[debug] [2026-04-22T01:56:42.814Z] Checked if tokens are valid: true, expires at: 1776826494244
[debug] [2026-04-22T01:56:42.814Z] Checked if tokens are valid: true, expires at: 1776826494244
[debug] [2026-04-22T01:56:42.814Z] >>> [apiv2][query] GET https://cloudfunctions.googleapis.com/v2/projects/kottage-v2/locations/us-central1/operations/operation-1776822993048-65002d75452bb-e69a4cc0-491b197b [none]
[debug] [2026-04-22T01:56:42.817Z] [update-default-us-central1-updatePopularityScores] Retrying task index 0
[debug] [2026-04-22T01:56:42.818Z] Checked if tokens are valid: true, expires at: 1776826494244
[debug] [2026-04-22T01:56:42.818Z] Checked if tokens are valid: true, expires at: 1776826494244
[debug] [2026-04-22T01:56:42.818Z] >>> [apiv2][query] GET https://cloudfunctions.googleapis.com/v2/projects/kottage-v2/locations/us-central1/operations/operation-1776822993049-65002d7545635-eb1d6eec-499ea77e [none]
[debug] [2026-04-22T01:56:42.854Z] [update-default-us-central1-onBookingCreated] Retrying task index 0
[debug] [2026-04-22T01:56:42.854Z] Checked if tokens are valid: true, expires at: 1776826494244
[debug] [2026-04-22T01:56:42.854Z] Checked if tokens are valid: true, expires at: 1776826494244
[debug] [2026-04-22T01:56:42.855Z] >>> [apiv2][query] GET https://cloudfunctions.googleapis.com/v2/projects/kottage-v2/locations/us-central1/operations/operation-1776822993057-65002d75478c1-6bbcce2c-580a70d2 [none]
[debug] [2026-04-22T01:56:42.886Z] [update-default-us-central1-getEmployeeById] Retrying task index 0
[debug] [2026-04-22T01:56:42.886Z] Checked if tokens are valid: true, expires at: 1776826494244
[debug] [2026-04-22T01:56:42.886Z] Checked if tokens are valid: true, expires at: 1776826494244
[debug] [2026-04-22T01:56:42.887Z] >>> [apiv2][query] GET https://cloudfunctions.googleapis.com/v2/projects/kottage-v2/locations/us-central1/operations/operation-1776822993057-65002d7547879-e255cc4f-b6eca79e [none]
[debug] [2026-04-22T01:56:42.888Z] [update-default-us-central1-searchEmployees] Retrying task index 0
[debug] [2026-04-22T01:56:42.889Z] Checked if tokens are valid: true, expires at: 1776826494244
[debug] [2026-04-22T01:56:42.889Z] Checked if tokens are valid: true, expires at: 1776826494244
[debug] [2026-04-22T01:56:42.890Z] >>> [apiv2][query] GET https://cloudfunctions.googleapis.com/v2/projects/kottage-v2/locations/us-central1/operations/operation-1776822993093-65002d75502e7-709a6f82-39581ff4 [none]
[debug] [2026-04-22T01:56:42.892Z] [update-default-us-central1-getPropertyAnalytics] Retrying task index 0
[debug] [2026-04-22T01:56:42.893Z] Checked if tokens are valid: true, expires at: 1776826494244
[debug] [2026-04-22T01:56:42.893Z] Checked if tokens are valid: true, expires at: 1776826494244
[debug] [2026-04-22T01:56:42.893Z] >>> [apiv2][query] GET https://cloudfunctions.googleapis.com/v2/projects/kottage-v2/locations/us-central1/operations/operation-1776822992940-65002d752acde-62e70fde-ad7adde3 [none]
[debug] [2026-04-22T01:56:42.899Z] <<< [apiv2][status] GET https://cloudfunctions.googleapis.com/v2/projects/kottage-v2/locations/us-central1/operations/operation-1776822993017-65002d753d8d9-47114c5b-41fc17fe 200
[debug] [2026-04-22T01:56:42.900Z] <<< [apiv2][body] GET https://cloudfunctions.googleapis.com/v2/projects/kottage-v2/locations/us-central1/operations/operation-1776822993017-65002d753d8d9-47114c5b-41fc17fe {"name":"projects/kottage-v2/locations/us-central1/operations/operation-1776822993017-65002d753d8d9-47114c5b-41fc17fe","metadata":{"@type":"type.googleapis.com/google.cloud.functions.v2.OperationMetadata","createTime":"2026-04-22T01:56:33.821078317Z","endTime":"2026-04-22T01:56:40.106534003Z","target":"projects/kottage-v2/locations/us-central1/functions/setEmployeeClaims","verb":"update","cancelRequested":false,"apiVersion":"v2","requestResource":{"@type":"type.googleapis.com/google.cloud.functions.v2.Function","name":"projects/kottage-v2/locations/us-central1/functions/setEmployeeClaims","buildConfig":{"runtime":"nodejs22","entryPoint":"setEmployeeClaims","source":{"storageSource":{"bucket":"gcf-v2-sources-850162149337-us-central1","object":"setEmployeeClaims/function-source.zip","generation":"1776822993777397"}},"environmentVariables":{"GOOGLE_NODE_RUN_SCRIPTS":""},"dockerRepository":"projects/kottage-v2/locations/us-central1/repositories/gcf-artifacts","sourceProvenance":{"resolvedStorageSource":{"bucket":"gcf-v2-sources-850162149337-us-central1","object":"setEmployeeClaims/function-source.zip","generation":"1754620011393899"}},"dockerRegistry":"ARTIFACT_REGISTRY","sourceToken":"Cldwcm9qZWN0cy84NTAxNjIxNDkzMzcvbG9jYXRpb25zL3VzLWNlbnRyYWwxL2J1aWxkcy9kNjQ2NWVlYi00OGNkLTRmZDktYmNkZi03MTE0NGFmNjQ0MzISYHVzLWNlbnRyYWwxLWRvY2tlci5wa2cuZGV2L2tvdHRhZ2UtdjIvZ2NmLWFydGlmYWN0cy9rb3R0YWdlLS12Ml9fdXMtLWNlbnRyYWwxX190aWNrZXRzOnZlcnNpb25fMRjZz/OM3xgiO3Byb2plY3RzL2tvdHRhZ2UtdjIvbG9jYXRpb25zL3VzLWNlbnRyYWwxL2Z1bmN0aW9ucy90aWNrZXRzKgwIzdWgzwYQgKL9lQEyCG5vZGVqczIyOnYKI2djci5pby9nYWUtcnVudGltZXMvbm9kZWpzMjI6c3RhYmxlEk91cy1jZW50cmFsMS1kb2NrZXIucGtnLmRldi9zZXJ2ZXJsZXNzLXJ1bnRpbWVzL2dvb2dsZS0yMi1mdWxsL3J1bnRpbWVzL25vZGVqczIyQAE=","serviceAccount":"projects/kottage-v2/serviceAccounts/850162149337-compute@developer.gserviceaccount.com","automaticUpdatePolicy":{}},"serviceConfig":{"service":"projects/kottage-v2/locations/us-central1/services/setemployeeclaims","timeoutSeconds":60,"environmentVariables":{"FIREBASE_CONFIG":"{\"projectId\":\"kottage-v2\",\"databaseURL\":\"https://kottage-v2-default-rtdb.firebaseio.com\",\"storageBucket\":\"kottage-v2.appspot.com\",\"locationId\":\"us-central\"}","GCLOUD_PROJECT":"kottage-v2","EVENTARC_CLOUD_EVENT_SOURCE":"projects/kottage-v2/locations/us-central1/services/setEmployeeClaims","FUNCTION_TARGET":"setEmployeeClaims","LOG_EXECUTION_ID":"true","FUNCTION_SIGNATURE_TYPE":"http"},"maxInstanceCount":10,"ingressSettings":"ALLOW_ALL","uri":"https://setemployeeclaims-cxpwli2maq-uc.a.run.app","serviceAccountEmail":"850162149337-compute@developer.gserviceaccount.com","availableMemory":"256Mi","allTrafficOnLatestRevision":true,"revision":"setemployeeclaims-00006-xic","maxInstanceRequestConcurrency":80,"availableCpu":"1"},"state":"ACTIVE","labels":{"deployment-tool":"cli-firebase","deployment-callable":"true","firebase-functions-hash":"fa11e580218d160d1d29e6caa6741b69401f3cc4"},"environment":"GEN_2","url":"https://us-central1-kottage-v2.cloudfunctions.net/setEmployeeClaims","satisfiesPzi":true},"stages":[{"name":"BUILD","message":"Reusing build","state":"COMPLETE","resource":"projects/850162149337/locations/us-central1/builds/d6465eeb-48cd-4fd9-bcdf-71144af64432"},{"name":"SERVICE","message":"Updating Cloud Run service","state":"COMPLETE","resource":"projects/kottage-v2/locations/us-central1/services/setemployeeclaims","resourceUri":"https://console.cloud.google.com/run/detail/us-central1/setemployeeclaims?project=kottage-v2","stateMessages":[{"severity":"INFO","type":"CloudRunServiceNewRevisionTrafficInfo","message":"A new revision will be deployed serving with 100% traffic."}]}],"sourceToken":"Cldwcm9qZWN0cy84NTAxNjIxNDkzMzcvbG9jYXRpb25zL3VzLWNlbnRyYWwxL2J1aWxkcy9kNjQ2NWVlYi00OGNkLTRmZDktYmNkZi03MTE0NGFmNjQ0MzISYHVzLWNlbnRyYWwxLWRvY2tlci5wa2cuZGV2L2tvdHRhZ2UtdjIvZ2NmLWFydGlmYWN0cy9rb3R0YWdlLS12Ml9fdXMtLWNlbnRyYWwxX190aWNrZXRzOnZlcnNpb25fMRjZz/OM3xgiO3Byb2plY3RzL2tvdHRhZ2UtdjIvbG9jYXRpb25zL3VzLWNlbnRyYWwxL2Z1bmN0aW9ucy90aWNrZXRzKgwIzdWgzwYQgKL9lQEyCG5vZGVqczIyOnYKI2djci5pby9nYWUtcnVudGltZXMvbm9kZWpzMjI6c3RhYmxlEk91cy1jZW50cmFsMS1kb2NrZXIucGtnLmRldi9zZXJ2ZXJsZXNzLXJ1bnRpbWVzL2dvb2dsZS0yMi1mdWxsL3J1bnRpbWVzL25vZGVqczIyQAE=","operationType":"UPDATE_FUNCTION","buildName":"projects/850162149337/locations/us-central1/builds/d6465eeb-48cd-4fd9-bcdf-71144af64432"},"done":true,"response":{"@type":"type.googleapis.com/google.cloud.functions.v2.Function","name":"projects/kottage-v2/locations/us-central1/functions/setEmployeeClaims","buildConfig":{"build":"projects/850162149337/locations/us-central1/builds/d6465eeb-48cd-4fd9-bcdf-71144af64432","runtime":"nodejs22","entryPoint":"setEmployeeClaims","source":{"storageSource":{"bucket":"gcf-v2-sources-850162149337-us-central1","object":"setEmployeeClaims/function-source.zip","generation":"1776822993777397"}},"environmentVariables":{"GOOGLE_NODE_RUN_SCRIPTS":""},"dockerRepository":"projects/kottage-v2/locations/us-central1/repositories/gcf-artifacts","sourceProvenance":{"resolvedStorageSource":{"bucket":"gcf-v2-sources-850162149337-us-central1","object":"setEmployeeClaims/function-source.zip","generation":"1776822993777397"}},"dockerRegistry":"ARTIFACT_REGISTRY","serviceAccount":"projects/kottage-v2/serviceAccounts/850162149337-compute@developer.gserviceaccount.com","automaticUpdatePolicy":{}},"serviceConfig":{"service":"projects/kottage-v2/locations/us-central1/services/setemployeeclaims","timeoutSeconds":60,"environmentVariables":{"FIREBASE_CONFIG":"{\"projectId\":\"kottage-v2\",\"databaseURL\":\"https://kottage-v2-default-rtdb.firebaseio.com\",\"storageBucket\":\"kottage-v2.appspot.com\",\"locationId\":\"us-central\"}","GCLOUD_PROJECT":"kottage-v2","EVENTARC_CLOUD_EVENT_SOURCE":"projects/kottage-v2/locations/us-central1/services/setEmployeeClaims","FUNCTION_TARGET":"setEmployeeClaims","LOG_EXECUTION_ID":"true","FUNCTION_SIGNATURE_TYPE":"http"},"maxInstanceCount":10,"ingressSettings":"ALLOW_ALL","uri":"https://setemployeeclaims-cxpwli2maq-uc.a.run.app","serviceAccountEmail":"850162149337-compute@developer.gserviceaccount.com","availableMemory":"256Mi","allTrafficOnLatestRevision":true,"revision":"setemployeeclaims-00007-rag","maxInstanceRequestConcurrency":80,"availableCpu":"1"},"state":"ACTIVE","updateTime":"2026-04-22T01:56:33.823287224Z","labels":{"deployment-callable":"true","firebase-functions-hash":"fa11e580218d160d1d29e6caa6741b69401f3cc4","deployment-tool":"cli-firebase"},"environment":"GEN_2","url":"https://us-central1-kottage-v2.cloudfunctions.net/setEmployeeClaims","createTime":"2025-08-07T01:20:54.372477262Z","satisfiesPzi":true}}
[debug] [2026-04-22T01:56:42.900Z] Got source token Cldwcm9qZWN0cy84NTAxNjIxNDkzMzcvbG9jYXRpb25zL3VzLWNlbnRyYWwxL2J1aWxkcy9kNjQ2NWVlYi00OGNkLTRmZDktYmNkZi03MTE0NGFmNjQ0MzISYHVzLWNlbnRyYWwxLWRvY2tlci5wa2cuZGV2L2tvdHRhZ2UtdjIvZ2NmLWFydGlmYWN0cy9rb3R0YWdlLS12Ml9fdXMtLWNlbnRyYWwxX190aWNrZXRzOnZlcnNpb25fMRjZz/OM3xgiO3Byb2plY3RzL2tvdHRhZ2UtdjIvbG9jYXRpb25zL3VzLWNlbnRyYWwxL2Z1bmN0aW9ucy90aWNrZXRzKgwIzdWgzwYQgKL9lQEyCG5vZGVqczIyOnYKI2djci5pby9nYWUtcnVudGltZXMvbm9kZWpzMjI6c3RhYmxlEk91cy1jZW50cmFsMS1kb2NrZXIucGtnLmRldi9zZXJ2ZXJsZXNzLXJ1bnRpbWVzL2dvb2dsZS0yMi1mdWxsL3J1bnRpbWVzL25vZGVqczIyQAE= for region us-central1
[info] +  functions[setEmployeeClaims(us-central1)] Successful update operation. 
[debug] [2026-04-22T01:56:42.993Z] <<< [apiv2][status] GET https://cloudfunctions.googleapis.com/v2/projects/kottage-v2/locations/us-central1/operations/operation-1776822993057-65002d7547879-e255cc4f-b6eca79e 200
[debug] [2026-04-22T01:56:42.993Z] <<< [apiv2][body] GET https://cloudfunctions.googleapis.com/v2/projects/kottage-v2/locations/us-central1/operations/operation-1776822993057-65002d7547879-e255cc4f-b6eca79e {"name":"projects/kottage-v2/locations/us-central1/operations/operation-1776822993057-65002d7547879-e255cc4f-b6eca79e","metadata":{"@type":"type.googleapis.com/google.cloud.functions.v2.OperationMetadata","createTime":"2026-04-22T01:56:33.851224694Z","endTime":"2026-04-22T01:56:40.850336454Z","target":"projects/kottage-v2/locations/us-central1/functions/getEmployeeById","verb":"update","cancelRequested":false,"apiVersion":"v2","requestResource":{"@type":"type.googleapis.com/google.cloud.functions.v2.Function","name":"projects/kottage-v2/locations/us-central1/functions/getEmployeeById","buildConfig":{"runtime":"nodejs22","entryPoint":"getEmployeeById","source":{"storageSource":{"bucket":"gcf-v2-sources-850162149337-us-central1","object":"getEmployeeById/function-source.zip","generation":"1776822993809838"}},"environmentVariables":{"GOOGLE_NODE_RUN_SCRIPTS":""},"dockerRepository":"projects/kottage-v2/locations/us-central1/repositories/gcf-artifacts","sourceProvenance":{"resolvedStorageSource":{"bucket":"gcf-v2-sources-850162149337-us-central1","object":"getEmployeeById/function-source.zip","generation":"1754620011367671"}},"dockerRegistry":"ARTIFACT_REGISTRY","sourceToken":"Cldwcm9qZWN0cy84NTAxNjIxNDkzMzcvbG9jYXRpb25zL3VzLWNlbnRyYWwxL2J1aWxkcy9kNjQ2NWVlYi00OGNkLTRmZDktYmNkZi03MTE0NGFmNjQ0MzISYHVzLWNlbnRyYWwxLWRvY2tlci5wa2cuZGV2L2tvdHRhZ2UtdjIvZ2NmLWFydGlmYWN0cy9rb3R0YWdlLS12Ml9fdXMtLWNlbnRyYWwxX190aWNrZXRzOnZlcnNpb25fMRjZz/OM3xgiO3Byb2plY3RzL2tvdHRhZ2UtdjIvbG9jYXRpb25zL3VzLWNlbnRyYWwxL2Z1bmN0aW9ucy90aWNrZXRzKgwIzdWgzwYQgKL9lQEyCG5vZGVqczIyOnYKI2djci5pby9nYWUtcnVudGltZXMvbm9kZWpzMjI6c3RhYmxlEk91cy1jZW50cmFsMS1kb2NrZXIucGtnLmRldi9zZXJ2ZXJsZXNzLXJ1bnRpbWVzL2dvb2dsZS0yMi1mdWxsL3J1bnRpbWVzL25vZGVqczIyQAE=","serviceAccount":"projects/kottage-v2/serviceAccounts/850162149337-compute@developer.gserviceaccount.com","automaticUpdatePolicy":{}},"serviceConfig":{"service":"projects/kottage-v2/locations/us-central1/services/getemployeebyid","timeoutSeconds":60,"environmentVariables":{"FIREBASE_CONFIG":"{\"projectId\":\"kottage-v2\",\"databaseURL\":\"https://kottage-v2-default-rtdb.firebaseio.com\",\"storageBucket\":\"kottage-v2.appspot.com\",\"locationId\":\"us-central\"}","GCLOUD_PROJECT":"kottage-v2","EVENTARC_CLOUD_EVENT_SOURCE":"projects/kottage-v2/locations/us-central1/services/getEmployeeById","FUNCTION_TARGET":"getEmployeeById","LOG_EXECUTION_ID":"true","FUNCTION_SIGNATURE_TYPE":"http"},"ingressSettings":"ALLOW_ALL","uri":"https://getemployeebyid-cxpwli2maq-uc.a.run.app","serviceAccountEmail":"850162149337-compute@developer.gserviceaccount.com","availableMemory":"256Mi","allTrafficOnLatestRevision":true,"revision":"getemployeebyid-00016-bov","maxInstanceRequestConcurrency":80,"availableCpu":"1"},"state":"ACTIVE","labels":{"deployment-tool":"cli-firebase","deployment-callable":"true","firebase-functions-hash":"fa11e580218d160d1d29e6caa6741b69401f3cc4"},"environment":"GEN_2","url":"https://us-central1-kottage-v2.cloudfunctions.net/getEmployeeById","satisfiesPzi":true},"stages":[{"name":"BUILD","message":"Reusing build","state":"COMPLETE","resource":"projects/850162149337/locations/us-central1/builds/d6465eeb-48cd-4fd9-bcdf-71144af64432"},{"name":"SERVICE","message":"Updating Cloud Run service","state":"COMPLETE","resource":"projects/kottage-v2/locations/us-central1/services/getemployeebyid","resourceUri":"https://console.cloud.google.com/run/detail/us-central1/getemployeebyid?project=kottage-v2","stateMessages":[{"severity":"INFO","type":"CloudRunServiceNewRevisionTrafficInfo","message":"A new revision will be deployed serving with 100% traffic."}]}],"sourceToken":"Cldwcm9qZWN0cy84NTAxNjIxNDkzMzcvbG9jYXRpb25zL3VzLWNlbnRyYWwxL2J1aWxkcy9kNjQ2NWVlYi00OGNkLTRmZDktYmNkZi03MTE0NGFmNjQ0MzISYHVzLWNlbnRyYWwxLWRvY2tlci5wa2cuZGV2L2tvdHRhZ2UtdjIvZ2NmLWFydGlmYWN0cy9rb3R0YWdlLS12Ml9fdXMtLWNlbnRyYWwxX190aWNrZXRzOnZlcnNpb25fMRjZz/OM3xgiO3Byb2plY3RzL2tvdHRhZ2UtdjIvbG9jYXRpb25zL3VzLWNlbnRyYWwxL2Z1bmN0aW9ucy90aWNrZXRzKgwIzdWgzwYQgKL9lQEyCG5vZGVqczIyOnYKI2djci5pby9nYWUtcnVudGltZXMvbm9kZWpzMjI6c3RhYmxlEk91cy1jZW50cmFsMS1kb2NrZXIucGtnLmRldi9zZXJ2ZXJsZXNzLXJ1bnRpbWVzL2dvb2dsZS0yMi1mdWxsL3J1bnRpbWVzL25vZGVqczIyQAE=","operationType":"UPDATE_FUNCTION","buildName":"projects/850162149337/locations/us-central1/builds/d6465eeb-48cd-4fd9-bcdf-71144af64432"},"done":true,"response":{"@type":"type.googleapis.com/google.cloud.functions.v2.Function","name":"projects/kottage-v2/locations/us-central1/functions/getEmployeeById","buildConfig":{"build":"projects/850162149337/locations/us-central1/builds/d6465eeb-48cd-4fd9-bcdf-71144af64432","runtime":"nodejs22","entryPoint":"getEmployeeById","source":{"storageSource":{"bucket":"gcf-v2-sources-850162149337-us-central1","object":"getEmployeeById/function-source.zip","generation":"1776822993809838"}},"environmentVariables":{"GOOGLE_NODE_RUN_SCRIPTS":""},"dockerRepository":"projects/kottage-v2/locations/us-central1/repositories/gcf-artifacts","sourceProvenance":{"resolvedStorageSource":{"bucket":"gcf-v2-sources-850162149337-us-central1","object":"getEmployeeById/function-source.zip","generation":"1776822993809838"}},"dockerRegistry":"ARTIFACT_REGISTRY","serviceAccount":"projects/kottage-v2/serviceAccounts/850162149337-compute@developer.gserviceaccount.com","automaticUpdatePolicy":{}},"serviceConfig":{"service":"projects/kottage-v2/locations/us-central1/services/getemployeebyid","timeoutSeconds":60,"environmentVariables":{"FIREBASE_CONFIG":"{\"projectId\":\"kottage-v2\",\"databaseURL\":\"https://kottage-v2-default-rtdb.firebaseio.com\",\"storageBucket\":\"kottage-v2.appspot.com\",\"locationId\":\"us-central\"}","GCLOUD_PROJECT":"kottage-v2","EVENTARC_CLOUD_EVENT_SOURCE":"projects/kottage-v2/locations/us-central1/services/getEmployeeById","FUNCTION_TARGET":"getEmployeeById","LOG_EXECUTION_ID":"true","FUNCTION_SIGNATURE_TYPE":"http"},"maxInstanceCount":3,"ingressSettings":"ALLOW_ALL","uri":"https://getemployeebyid-cxpwli2maq-uc.a.run.app","serviceAccountEmail":"850162149337-compute@developer.gserviceaccount.com","availableMemory":"256Mi","allTrafficOnLatestRevision":true,"revision":"getemployeebyid-00017-hej","maxInstanceRequestConcurrency":80,"availableCpu":"1"},"state":"ACTIVE","updateTime":"2026-04-22T01:56:33.854113004Z","labels":{"firebase-functions-hash":"fa11e580218d160d1d29e6caa6741b69401f3cc4","deployment-tool":"cli-firebase","deployment-callable":"true"},"environment":"GEN_2","url":"https://us-central1-kottage-v2.cloudfunctions.net/getEmployeeById","createTime":"2025-07-19T10:11:38.924293745Z","satisfiesPzi":true}}
[debug] [2026-04-22T01:56:42.994Z] Got source token Cldwcm9qZWN0cy84NTAxNjIxNDkzMzcvbG9jYXRpb25zL3VzLWNlbnRyYWwxL2J1aWxkcy9kNjQ2NWVlYi00OGNkLTRmZDktYmNkZi03MTE0NGFmNjQ0MzISYHVzLWNlbnRyYWwxLWRvY2tlci5wa2cuZGV2L2tvdHRhZ2UtdjIvZ2NmLWFydGlmYWN0cy9rb3R0YWdlLS12Ml9fdXMtLWNlbnRyYWwxX190aWNrZXRzOnZlcnNpb25fMRjZz/OM3xgiO3Byb2plY3RzL2tvdHRhZ2UtdjIvbG9jYXRpb25zL3VzLWNlbnRyYWwxL2Z1bmN0aW9ucy90aWNrZXRzKgwIzdWgzwYQgKL9lQEyCG5vZGVqczIyOnYKI2djci5pby9nYWUtcnVudGltZXMvbm9kZWpzMjI6c3RhYmxlEk91cy1jZW50cmFsMS1kb2NrZXIucGtnLmRldi9zZXJ2ZXJsZXNzLXJ1bnRpbWVzL2dvb2dsZS0yMi1mdWxsL3J1bnRpbWVzL25vZGVqczIyQAE= for region us-central1
[info] +  functions[getEmployeeById(us-central1)] Successful update operation. 
[debug] [2026-04-22T01:56:43.023Z] <<< [apiv2][status] GET https://cloudfunctions.googleapis.com/v2/projects/kottage-v2/locations/us-central1/operations/operation-1776822992970-65002d7532437-29d0f30f-a358d1f8 200
[debug] [2026-04-22T01:56:43.023Z] <<< [apiv2][body] GET https://cloudfunctions.googleapis.com/v2/projects/kottage-v2/locations/us-central1/operations/operation-1776822992970-65002d7532437-29d0f30f-a358d1f8 {"name":"projects/kottage-v2/locations/us-central1/operations/operation-1776822992970-65002d7532437-29d0f30f-a358d1f8","metadata":{"@type":"type.googleapis.com/google.cloud.functions.v2.OperationMetadata","createTime":"2026-04-22T01:56:33.801746641Z","endTime":"2026-04-22T01:56:41.215851883Z","target":"projects/kottage-v2/locations/us-central1/functions/updatePropertyRating","verb":"update","cancelRequested":false,"apiVersion":"v2","requestResource":{"@type":"type.googleapis.com/google.cloud.functions.v2.Function","name":"projects/kottage-v2/locations/us-central1/functions/updatePropertyRating","buildConfig":{"runtime":"nodejs22","entryPoint":"updatePropertyRating","source":{"storageSource":{"bucket":"gcf-v2-sources-850162149337-us-central1","object":"updatePropertyRating/function-source.zip","generation":"1776822993755279"}},"environmentVariables":{"GOOGLE_NODE_RUN_SCRIPTS":""},"dockerRepository":"projects/kottage-v2/locations/us-central1/repositories/gcf-artifacts","sourceProvenance":{"resolvedStorageSource":{"bucket":"gcf-v2-sources-850162149337-us-central1","object":"updatePropertyRating/function-source.zip","generation":"1754620011456143"}},"dockerRegistry":"ARTIFACT_REGISTRY","sourceToken":"Cldwcm9qZWN0cy84NTAxNjIxNDkzMzcvbG9jYXRpb25zL3VzLWNlbnRyYWwxL2J1aWxkcy9kNjQ2NWVlYi00OGNkLTRmZDktYmNkZi03MTE0NGFmNjQ0MzISYHVzLWNlbnRyYWwxLWRvY2tlci5wa2cuZGV2L2tvdHRhZ2UtdjIvZ2NmLWFydGlmYWN0cy9rb3R0YWdlLS12Ml9fdXMtLWNlbnRyYWwxX190aWNrZXRzOnZlcnNpb25fMRjZz/OM3xgiO3Byb2plY3RzL2tvdHRhZ2UtdjIvbG9jYXRpb25zL3VzLWNlbnRyYWwxL2Z1bmN0aW9ucy90aWNrZXRzKgwIzdWgzwYQgKL9lQEyCG5vZGVqczIyOnYKI2djci5pby9nYWUtcnVudGltZXMvbm9kZWpzMjI6c3RhYmxlEk91cy1jZW50cmFsMS1kb2NrZXIucGtnLmRldi9zZXJ2ZXJsZXNzLXJ1bnRpbWVzL2dvb2dsZS0yMi1mdWxsL3J1bnRpbWVzL25vZGVqczIyQAE=","serviceAccount":"projects/kottage-v2/serviceAccounts/850162149337-compute@developer.gserviceaccount.com","automaticUpdatePolicy":{}},"serviceConfig":{"service":"projects/kottage-v2/locations/us-central1/services/updatepropertyrating","timeoutSeconds":60,"environmentVariables":{"FIREBASE_CONFIG":"{\"projectId\":\"kottage-v2\",\"databaseURL\":\"https://kottage-v2-default-rtdb.firebaseio.com\",\"storageBucket\":\"kottage-v2.appspot.com\",\"locationId\":\"us-central\"}","GCLOUD_PROJECT":"kottage-v2","EVENTARC_CLOUD_EVENT_SOURCE":"projects/kottage-v2/locations/us-central1/services/updatePropertyRating","FUNCTION_SIGNATURE_TYPE":"cloudevent","FUNCTION_TARGET":"updatePropertyRating","LOG_EXECUTION_ID":"true"},"maxInstanceCount":10,"ingressSettings":"ALLOW_ALL","uri":"https://updatepropertyrating-cxpwli2maq-uc.a.run.app","serviceAccountEmail":"850162149337-compute@developer.gserviceaccount.com","availableMemory":"256Mi","allTrafficOnLatestRevision":true,"revision":"updatepropertyrating-00015-fit","maxInstanceRequestConcurrency":80,"availableCpu":"1"},"eventTrigger":{"trigger":"projects/kottage-v2/locations/us-central1/triggers/updatepropertyrating-618190","triggerRegion":"us-central1","eventType":"google.firebase.database.ref.v1.written","eventFilters":[{"attribute":"ref","value":"reviews/{propertyId}/{reviewId}","operator":"match-path-pattern"},{"attribute":"instance","value":"*","operator":"match-path-pattern"}],"pubsubTopic":"projects/kottage-v2/topics/eventarc-us-central1-updatepropertyrating-618190-439","serviceAccountEmail":"850162149337-compute@developer.gserviceaccount.com","retryPolicy":"RETRY_POLICY_DO_NOT_RETRY"},"state":"ACTIVE","labels":{"deployment-tool":"cli-firebase","firebase-functions-hash":"fa11e580218d160d1d29e6caa6741b69401f3cc4"},"environment":"GEN_2","url":"https://us-central1-kottage-v2.cloudfunctions.net/updatePropertyRating","satisfiesPzi":true},"stages":[{"name":"BUILD","message":"Reusing build","state":"COMPLETE","resource":"projects/850162149337/locations/us-central1/builds/d6465eeb-48cd-4fd9-bcdf-71144af64432"},{"name":"SERVICE","message":"Updating Cloud Run service","state":"COMPLETE","resource":"projects/kottage-v2/locations/us-central1/services/updatepropertyrating","resourceUri":"https://console.cloud.google.com/run/detail/us-central1/updatepropertyrating?project=kottage-v2","stateMessages":[{"severity":"INFO","type":"CloudRunServiceNewRevisionTrafficInfo","message":"A new revision will be deployed serving with 100% traffic."}]},{"name":"TRIGGER","state":"NOT_STARTED"}],"sourceToken":"Cldwcm9qZWN0cy84NTAxNjIxNDkzMzcvbG9jYXRpb25zL3VzLWNlbnRyYWwxL2J1aWxkcy9kNjQ2NWVlYi00OGNkLTRmZDktYmNkZi03MTE0NGFmNjQ0MzISYHVzLWNlbnRyYWwxLWRvY2tlci5wa2cuZGV2L2tvdHRhZ2UtdjIvZ2NmLWFydGlmYWN0cy9rb3R0YWdlLS12Ml9fdXMtLWNlbnRyYWwxX190aWNrZXRzOnZlcnNpb25fMRjZz/OM3xgiO3Byb2plY3RzL2tvdHRhZ2UtdjIvbG9jYXRpb25zL3VzLWNlbnRyYWwxL2Z1bmN0aW9ucy90aWNrZXRzKgwIzdWgzwYQgKL9lQEyCG5vZGVqczIyOnYKI2djci5pby9nYWUtcnVudGltZXMvbm9kZWpzMjI6c3RhYmxlEk91cy1jZW50cmFsMS1kb2NrZXIucGtnLmRldi9zZXJ2ZXJsZXNzLXJ1bnRpbWVzL2dvb2dsZS0yMi1mdWxsL3J1bnRpbWVzL25vZGVqczIyQAE=","operationType":"UPDATE_FUNCTION","buildName":"projects/850162149337/locations/us-central1/builds/d6465eeb-48cd-4fd9-bcdf-71144af64432"},"done":true,"response":{"@type":"type.googleapis.com/google.cloud.functions.v2.Function","name":"projects/kottage-v2/locations/us-central1/functions/updatePropertyRating","buildConfig":{"build":"projects/850162149337/locations/us-central1/builds/d6465eeb-48cd-4fd9-bcdf-71144af64432","runtime":"nodejs22","entryPoint":"updatePropertyRating","source":{"storageSource":{"bucket":"gcf-v2-sources-850162149337-us-central1","object":"updatePropertyRating/function-source.zip","generation":"1776822993755279"}},"environmentVariables":{"GOOGLE_NODE_RUN_SCRIPTS":""},"dockerRepository":"projects/kottage-v2/locations/us-central1/repositories/gcf-artifacts","sourceProvenance":{"resolvedStorageSource":{"bucket":"gcf-v2-sources-850162149337-us-central1","object":"updatePropertyRating/function-source.zip","generation":"1776822993755279"}},"dockerRegistry":"ARTIFACT_REGISTRY","serviceAccount":"projects/kottage-v2/serviceAccounts/850162149337-compute@developer.gserviceaccount.com","automaticUpdatePolicy":{}},"serviceConfig":{"service":"projects/kottage-v2/locations/us-central1/services/updatepropertyrating","timeoutSeconds":60,"environmentVariables":{"FIREBASE_CONFIG":"{\"projectId\":\"kottage-v2\",\"databaseURL\":\"https://kottage-v2-default-rtdb.firebaseio.com\",\"storageBucket\":\"kottage-v2.appspot.com\",\"locationId\":\"us-central\"}","GCLOUD_PROJECT":"kottage-v2","EVENTARC_CLOUD_EVENT_SOURCE":"projects/kottage-v2/locations/us-central1/services/updatePropertyRating","FUNCTION_SIGNATURE_TYPE":"cloudevent","FUNCTION_TARGET":"updatePropertyRating","LOG_EXECUTION_ID":"true"},"maxInstanceCount":10,"ingressSettings":"ALLOW_ALL","uri":"https://updatepropertyrating-cxpwli2maq-uc.a.run.app","serviceAccountEmail":"850162149337-compute@developer.gserviceaccount.com","availableMemory":"256Mi","allTrafficOnLatestRevision":true,"revision":"updatepropertyrating-00016-bat","maxInstanceRequestConcurrency":80,"availableCpu":"1"},"eventTrigger":{"trigger":"projects/kottage-v2/locations/us-central1/triggers/updatepropertyrating-618190","triggerRegion":"us-central1","eventType":"google.firebase.database.ref.v1.written","eventFilters":[{"attribute":"ref","value":"reviews/{propertyId}/{reviewId}","operator":"match-path-pattern"},{"attribute":"instance","value":"*","operator":"match-path-pattern"}],"pubsubTopic":"projects/kottage-v2/topics/eventarc-us-central1-updatepropertyrating-618190-439","serviceAccountEmail":"850162149337-compute@developer.gserviceaccount.com","retryPolicy":"RETRY_POLICY_DO_NOT_RETRY"},"state":"ACTIVE","updateTime":"2026-04-22T01:56:33.804302882Z","labels":{"firebase-functions-hash":"fa11e580218d160d1d29e6caa6741b69401f3cc4","deployment-tool":"cli-firebase"},"environment":"GEN_2","url":"https://us-central1-kottage-v2.cloudfunctions.net/updatePropertyRating","createTime":"2025-07-19T11:24:18.493886501Z","satisfiesPzi":true}}
[debug] [2026-04-22T01:56:43.024Z] Got source token Cldwcm9qZWN0cy84NTAxNjIxNDkzMzcvbG9jYXRpb25zL3VzLWNlbnRyYWwxL2J1aWxkcy9kNjQ2NWVlYi00OGNkLTRmZDktYmNkZi03MTE0NGFmNjQ0MzISYHVzLWNlbnRyYWwxLWRvY2tlci5wa2cuZGV2L2tvdHRhZ2UtdjIvZ2NmLWFydGlmYWN0cy9rb3R0YWdlLS12Ml9fdXMtLWNlbnRyYWwxX190aWNrZXRzOnZlcnNpb25fMRjZz/OM3xgiO3Byb2plY3RzL2tvdHRhZ2UtdjIvbG9jYXRpb25zL3VzLWNlbnRyYWwxL2Z1bmN0aW9ucy90aWNrZXRzKgwIzdWgzwYQgKL9lQEyCG5vZGVqczIyOnYKI2djci5pby9nYWUtcnVudGltZXMvbm9kZWpzMjI6c3RhYmxlEk91cy1jZW50cmFsMS1kb2NrZXIucGtnLmRldi9zZXJ2ZXJsZXNzLXJ1bnRpbWVzL2dvb2dsZS0yMi1mdWxsL3J1bnRpbWVzL25vZGVqczIyQAE= for region us-central1
[info] +  functions[updatePropertyRating(us-central1)] Successful update operation. 
[debug] [2026-04-22T01:56:43.030Z] <<< [apiv2][status] GET https://cloudfunctions.googleapis.com/v2/projects/kottage-v2/locations/us-central1/operations/operation-1776822993042-65002d7543db2-deba3334-ad85e91c 200
[debug] [2026-04-22T01:56:43.030Z] <<< [apiv2][body] GET https://cloudfunctions.googleapis.com/v2/projects/kottage-v2/locations/us-central1/operations/operation-1776822993042-65002d7543db2-deba3334-ad85e91c {"name":"projects/kottage-v2/locations/us-central1/operations/operation-1776822993042-65002d7543db2-deba3334-ad85e91c","metadata":{"@type":"type.googleapis.com/google.cloud.functions.v2.OperationMetadata","createTime":"2026-04-22T01:56:33.805214706Z","target":"projects/kottage-v2/locations/us-central1/functions/getEmployees","verb":"update","cancelRequested":false,"apiVersion":"v2","requestResource":{"@type":"type.googleapis.com/google.cloud.functions.v2.Function","name":"projects/kottage-v2/locations/us-central1/functions/getEmployees","buildConfig":{"runtime":"nodejs22","entryPoint":"getEmployees","source":{"storageSource":{"bucket":"gcf-v2-sources-850162149337-us-central1","object":"getEmployees/function-source.zip","generation":"1776822993752759"}},"environmentVariables":{"GOOGLE_NODE_RUN_SCRIPTS":""},"dockerRepository":"projects/kottage-v2/locations/us-central1/repositories/gcf-artifacts","sourceProvenance":{"resolvedStorageSource":{"bucket":"gcf-v2-sources-850162149337-us-central1","object":"getEmployees/function-source.zip","generation":"1754620011408213"}},"dockerRegistry":"ARTIFACT_REGISTRY","sourceToken":"Cldwcm9qZWN0cy84NTAxNjIxNDkzMzcvbG9jYXRpb25zL3VzLWNlbnRyYWwxL2J1aWxkcy9kNjQ2NWVlYi00OGNkLTRmZDktYmNkZi03MTE0NGFmNjQ0MzISYHVzLWNlbnRyYWwxLWRvY2tlci5wa2cuZGV2L2tvdHRhZ2UtdjIvZ2NmLWFydGlmYWN0cy9rb3R0YWdlLS12Ml9fdXMtLWNlbnRyYWwxX190aWNrZXRzOnZlcnNpb25fMRjZz/OM3xgiO3Byb2plY3RzL2tvdHRhZ2UtdjIvbG9jYXRpb25zL3VzLWNlbnRyYWwxL2Z1bmN0aW9ucy90aWNrZXRzKgwIzdWgzwYQgKL9lQEyCG5vZGVqczIyOnYKI2djci5pby9nYWUtcnVudGltZXMvbm9kZWpzMjI6c3RhYmxlEk91cy1jZW50cmFsMS1kb2NrZXIucGtnLmRldi9zZXJ2ZXJsZXNzLXJ1bnRpbWVzL2dvb2dsZS0yMi1mdWxsL3J1bnRpbWVzL25vZGVqczIyQAE=","serviceAccount":"projects/kottage-v2/serviceAccounts/850162149337-compute@developer.gserviceaccount.com","automaticUpdatePolicy":{}},"serviceConfig":{"service":"projects/kottage-v2/locations/us-central1/services/getemployees","timeoutSeconds":60,"environmentVariables":{"FIREBASE_CONFIG":"{\"projectId\":\"kottage-v2\",\"databaseURL\":\"https://kottage-v2-default-rtdb.firebaseio.com\",\"storageBucket\":\"kottage-v2.appspot.com\",\"locationId\":\"us-central\"}","GCLOUD_PROJECT":"kottage-v2","EVENTARC_CLOUD_EVENT_SOURCE":"projects/kottage-v2/locations/us-central1/services/getEmployees","FUNCTION_TARGET":"getEmployees","LOG_EXECUTION_ID":"true","FUNCTION_SIGNATURE_TYPE":"http"},"ingressSettings":"ALLOW_ALL","uri":"https://getemployees-cxpwli2maq-uc.a.run.app","serviceAccountEmail":"850162149337-compute@developer.gserviceaccount.com","availableMemory":"256Mi","allTrafficOnLatestRevision":true,"revision":"getemployees-00024-zey","maxInstanceRequestConcurrency":80,"availableCpu":"1"},"state":"ACTIVE","labels":{"deployment-tool":"cli-firebase","deployment-callable":"true","firebase-functions-hash":"fa11e580218d160d1d29e6caa6741b69401f3cc4"},"environment":"GEN_2","url":"https://us-central1-kottage-v2.cloudfunctions.net/getEmployees","satisfiesPzi":true},"stages":[{"name":"BUILD","message":"Reusing build","state":"COMPLETE","resource":"projects/850162149337/locations/us-central1/builds/d6465eeb-48cd-4fd9-bcdf-71144af64432"},{"name":"SERVICE","message":"Updating Cloud Run service","state":"IN_PROGRESS","resource":"projects/kottage-v2/locations/us-central1/services/getemployees","resourceUri":"https://console.cloud.google.com/run/detail/us-central1/getemployees?project=kottage-v2","stateMessages":[{"severity":"INFO","type":"CloudRunServiceNewRevisionTrafficInfo","message":"A new revision will be deployed serving with 100% traffic."}]}],"sourceToken":"Cldwcm9qZWN0cy84NTAxNjIxNDkzMzcvbG9jYXRpb25zL3VzLWNlbnRyYWwxL2J1aWxkcy9kNjQ2NWVlYi00OGNkLTRmZDktYmNkZi03MTE0NGFmNjQ0MzISYHVzLWNlbnRyYWwxLWRvY2tlci5wa2cuZGV2L2tvdHRhZ2UtdjIvZ2NmLWFydGlmYWN0cy9rb3R0YWdlLS12Ml9fdXMtLWNlbnRyYWwxX190aWNrZXRzOnZlcnNpb25fMRjZz/OM3xgiO3Byb2plY3RzL2tvdHRhZ2UtdjIvbG9jYXRpb25zL3VzLWNlbnRyYWwxL2Z1bmN0aW9ucy90aWNrZXRzKgwIzdWgzwYQgKL9lQEyCG5vZGVqczIyOnYKI2djci5pby9nYWUtcnVudGltZXMvbm9kZWpzMjI6c3RhYmxlEk91cy1jZW50cmFsMS1kb2NrZXIucGtnLmRldi9zZXJ2ZXJsZXNzLXJ1bnRpbWVzL2dvb2dsZS0yMi1mdWxsL3J1bnRpbWVzL25vZGVqczIyQAE=","operationType":"UPDATE_FUNCTION","buildName":"projects/850162149337/locations/us-central1/builds/d6465eeb-48cd-4fd9-bcdf-71144af64432"},"done":false}
[debug] [2026-04-22T01:56:43.030Z] Got source token Cldwcm9qZWN0cy84NTAxNjIxNDkzMzcvbG9jYXRpb25zL3VzLWNlbnRyYWwxL2J1aWxkcy9kNjQ2NWVlYi00OGNkLTRmZDktYmNkZi03MTE0NGFmNjQ0MzISYHVzLWNlbnRyYWwxLWRvY2tlci5wa2cuZGV2L2tvdHRhZ2UtdjIvZ2NmLWFydGlmYWN0cy9rb3R0YWdlLS12Ml9fdXMtLWNlbnRyYWwxX190aWNrZXRzOnZlcnNpb25fMRjZz/OM3xgiO3Byb2plY3RzL2tvdHRhZ2UtdjIvbG9jYXRpb25zL3VzLWNlbnRyYWwxL2Z1bmN0aW9ucy90aWNrZXRzKgwIzdWgzwYQgKL9lQEyCG5vZGVqczIyOnYKI2djci5pby9nYWUtcnVudGltZXMvbm9kZWpzMjI6c3RhYmxlEk91cy1jZW50cmFsMS1kb2NrZXIucGtnLmRldi9zZXJ2ZXJsZXNzLXJ1bnRpbWVzL2dvb2dsZS0yMi1mdWxsL3J1bnRpbWVzL25vZGVqczIyQAE= for region us-central1
[debug] [2026-04-22T01:56:43.041Z] <<< [apiv2][status] GET https://cloudfunctions.googleapis.com/v2/projects/kottage-v2/locations/us-central1/operations/operation-1776822993049-65002d7545635-eb1d6eec-499ea77e 200
[debug] [2026-04-22T01:56:43.042Z] <<< [apiv2][body] GET https://cloudfunctions.googleapis.com/v2/projects/kottage-v2/locations/us-central1/operations/operation-1776822993049-65002d7545635-eb1d6eec-499ea77e {"name":"projects/kottage-v2/locations/us-central1/operations/operation-1776822993049-65002d7545635-eb1d6eec-499ea77e","metadata":{"@type":"type.googleapis.com/google.cloud.functions.v2.OperationMetadata","createTime":"2026-04-22T01:56:33.805351255Z","endTime":"2026-04-22T01:56:41.560238209Z","target":"projects/kottage-v2/locations/us-central1/functions/updatePopularityScores","verb":"update","cancelRequested":false,"apiVersion":"v2","requestResource":{"@type":"type.googleapis.com/google.cloud.functions.v2.Function","name":"projects/kottage-v2/locations/us-central1/functions/updatePopularityScores","buildConfig":{"runtime":"nodejs22","entryPoint":"updatePopularityScores","source":{"storageSource":{"bucket":"gcf-v2-sources-850162149337-us-central1","object":"updatePopularityScores/function-source.zip","generation":"1776822993754052"}},"environmentVariables":{"GOOGLE_NODE_RUN_SCRIPTS":""},"dockerRepository":"projects/kottage-v2/locations/us-central1/repositories/gcf-artifacts","sourceProvenance":{"resolvedStorageSource":{"bucket":"gcf-v2-sources-850162149337-us-central1","object":"updatePopularityScores/function-source.zip","generation":"1754620010804676"}},"dockerRegistry":"ARTIFACT_REGISTRY","sourceToken":"Cldwcm9qZWN0cy84NTAxNjIxNDkzMzcvbG9jYXRpb25zL3VzLWNlbnRyYWwxL2J1aWxkcy9kNjQ2NWVlYi00OGNkLTRmZDktYmNkZi03MTE0NGFmNjQ0MzISYHVzLWNlbnRyYWwxLWRvY2tlci5wa2cuZGV2L2tvdHRhZ2UtdjIvZ2NmLWFydGlmYWN0cy9rb3R0YWdlLS12Ml9fdXMtLWNlbnRyYWwxX190aWNrZXRzOnZlcnNpb25fMRjZz/OM3xgiO3Byb2plY3RzL2tvdHRhZ2UtdjIvbG9jYXRpb25zL3VzLWNlbnRyYWwxL2Z1bmN0aW9ucy90aWNrZXRzKgwIzdWgzwYQgKL9lQEyCG5vZGVqczIyOnYKI2djci5pby9nYWUtcnVudGltZXMvbm9kZWpzMjI6c3RhYmxlEk91cy1jZW50cmFsMS1kb2NrZXIucGtnLmRldi9zZXJ2ZXJsZXNzLXJ1bnRpbWVzL2dvb2dsZS0yMi1mdWxsL3J1bnRpbWVzL25vZGVqczIyQAE=","serviceAccount":"projects/kottage-v2/serviceAccounts/850162149337-compute@developer.gserviceaccount.com","automaticUpdatePolicy":{}},"serviceConfig":{"service":"projects/kottage-v2/locations/us-central1/services/updatepopularityscores","timeoutSeconds":60,"environmentVariables":{"FIREBASE_CONFIG":"{\"projectId\":\"kottage-v2\",\"databaseURL\":\"https://kottage-v2-default-rtdb.firebaseio.com\",\"storageBucket\":\"kottage-v2.appspot.com\",\"locationId\":\"us-central\"}","GCLOUD_PROJECT":"kottage-v2","EVENTARC_CLOUD_EVENT_SOURCE":"projects/kottage-v2/locations/us-central1/services/updatePopularityScores","FUNCTION_TARGET":"updatePopularityScores","LOG_EXECUTION_ID":"true","FUNCTION_SIGNATURE_TYPE":"http"},"ingressSettings":"ALLOW_ALL","uri":"https://updatepopularityscores-cxpwli2maq-uc.a.run.app","serviceAccountEmail":"850162149337-compute@developer.gserviceaccount.com","availableMemory":"256Mi","allTrafficOnLatestRevision":true,"revision":"updatepopularityscores-00001-yif","maxInstanceRequestConcurrency":80,"availableCpu":"1"},"state":"ACTIVE","labels":{"deployment-tool":"cli-firebase","deployment-scheduled":"true","firebase-functions-hash":"fa11e580218d160d1d29e6caa6741b69401f3cc4"},"environment":"GEN_2","url":"https://us-central1-kottage-v2.cloudfunctions.net/updatePopularityScores","satisfiesPzi":true},"stages":[{"name":"BUILD","message":"Reusing build","state":"COMPLETE","resource":"projects/850162149337/locations/us-central1/builds/d6465eeb-48cd-4fd9-bcdf-71144af64432"},{"name":"SERVICE","message":"Updating Cloud Run service","state":"COMPLETE","resource":"projects/kottage-v2/locations/us-central1/services/updatepopularityscores","resourceUri":"https://console.cloud.google.com/run/detail/us-central1/updatepopularityscores?project=kottage-v2","stateMessages":[{"severity":"INFO","type":"CloudRunServiceNewRevisionTrafficInfo","message":"A new revision will be deployed serving with 100% traffic."}]}],"sourceToken":"Cldwcm9qZWN0cy84NTAxNjIxNDkzMzcvbG9jYXRpb25zL3VzLWNlbnRyYWwxL2J1aWxkcy9kNjQ2NWVlYi00OGNkLTRmZDktYmNkZi03MTE0NGFmNjQ0MzISYHVzLWNlbnRyYWwxLWRvY2tlci5wa2cuZGV2L2tvdHRhZ2UtdjIvZ2NmLWFydGlmYWN0cy9rb3R0YWdlLS12Ml9fdXMtLWNlbnRyYWwxX190aWNrZXRzOnZlcnNpb25fMRjZz/OM3xgiO3Byb2plY3RzL2tvdHRhZ2UtdjIvbG9jYXRpb25zL3VzLWNlbnRyYWwxL2Z1bmN0aW9ucy90aWNrZXRzKgwIzdWgzwYQgKL9lQEyCG5vZGVqczIyOnYKI2djci5pby9nYWUtcnVudGltZXMvbm9kZWpzMjI6c3RhYmxlEk91cy1jZW50cmFsMS1kb2NrZXIucGtnLmRldi9zZXJ2ZXJsZXNzLXJ1bnRpbWVzL2dvb2dsZS0yMi1mdWxsL3J1bnRpbWVzL25vZGVqczIyQAE=","operationType":"UPDATE_FUNCTION","buildName":"projects/850162149337/locations/us-central1/builds/d6465eeb-48cd-4fd9-bcdf-71144af64432"},"done":true,"response":{"@type":"type.googleapis.com/google.cloud.functions.v2.Function","name":"projects/kottage-v2/locations/us-central1/functions/updatePopularityScores","buildConfig":{"build":"projects/850162149337/locations/us-central1/builds/d6465eeb-48cd-4fd9-bcdf-71144af64432","runtime":"nodejs22","entryPoint":"updatePopularityScores","source":{"storageSource":{"bucket":"gcf-v2-sources-850162149337-us-central1","object":"updatePopularityScores/function-source.zip","generation":"1776822993754052"}},"environmentVariables":{"GOOGLE_NODE_RUN_SCRIPTS":""},"dockerRepository":"projects/kottage-v2/locations/us-central1/repositories/gcf-artifacts","sourceProvenance":{"resolvedStorageSource":{"bucket":"gcf-v2-sources-850162149337-us-central1","object":"updatePopularityScores/function-source.zip","generation":"1776822993754052"}},"dockerRegistry":"ARTIFACT_REGISTRY","serviceAccount":"projects/kottage-v2/serviceAccounts/850162149337-compute@developer.gserviceaccount.com","automaticUpdatePolicy":{}},"serviceConfig":{"service":"projects/kottage-v2/locations/us-central1/services/updatepopularityscores","timeoutSeconds":60,"environmentVariables":{"FIREBASE_CONFIG":"{\"projectId\":\"kottage-v2\",\"databaseURL\":\"https://kottage-v2-default-rtdb.firebaseio.com\",\"storageBucket\":\"kottage-v2.appspot.com\",\"locationId\":\"us-central\"}","GCLOUD_PROJECT":"kottage-v2","EVENTARC_CLOUD_EVENT_SOURCE":"projects/kottage-v2/locations/us-central1/services/updatePopularityScores","FUNCTION_TARGET":"updatePopularityScores","LOG_EXECUTION_ID":"true","FUNCTION_SIGNATURE_TYPE":"http"},"maxInstanceCount":3,"ingressSettings":"ALLOW_ALL","uri":"https://updatepopularityscores-cxpwli2maq-uc.a.run.app","serviceAccountEmail":"850162149337-compute@developer.gserviceaccount.com","availableMemory":"256Mi","allTrafficOnLatestRevision":true,"revision":"updatepopularityscores-00002-riy","maxInstanceRequestConcurrency":80,"availableCpu":"1"},"state":"ACTIVE","updateTime":"2026-04-22T01:56:33.807836544Z","labels":{"deployment-scheduled":"true","firebase-functions-hash":"fa11e580218d160d1d29e6caa6741b69401f3cc4","deployment-tool":"cli-firebase"},"environment":"GEN_2","url":"https://us-central1-kottage-v2.cloudfunctions.net/updatePopularityScores","createTime":"2025-08-08T02:26:51.028462939Z","satisfiesPzi":true}}
[debug] [2026-04-22T01:56:43.042Z] Got source token Cldwcm9qZWN0cy84NTAxNjIxNDkzMzcvbG9jYXRpb25zL3VzLWNlbnRyYWwxL2J1aWxkcy9kNjQ2NWVlYi00OGNkLTRmZDktYmNkZi03MTE0NGFmNjQ0MzISYHVzLWNlbnRyYWwxLWRvY2tlci5wa2cuZGV2L2tvdHRhZ2UtdjIvZ2NmLWFydGlmYWN0cy9rb3R0YWdlLS12Ml9fdXMtLWNlbnRyYWwxX190aWNrZXRzOnZlcnNpb25fMRjZz/OM3xgiO3Byb2plY3RzL2tvdHRhZ2UtdjIvbG9jYXRpb25zL3VzLWNlbnRyYWwxL2Z1bmN0aW9ucy90aWNrZXRzKgwIzdWgzwYQgKL9lQEyCG5vZGVqczIyOnYKI2djci5pby9nYWUtcnVudGltZXMvbm9kZWpzMjI6c3RhYmxlEk91cy1jZW50cmFsMS1kb2NrZXIucGtnLmRldi9zZXJ2ZXJsZXNzLXJ1bnRpbWVzL2dvb2dsZS0yMi1mdWxsL3J1bnRpbWVzL25vZGVqczIyQAE= for region us-central1
[debug] [2026-04-22T01:56:43.042Z] Checked if tokens are valid: true, expires at: 1776826494244
[debug] [2026-04-22T01:56:43.042Z] Checked if tokens are valid: true, expires at: 1776826494244
[debug] [2026-04-22T01:56:43.042Z] >>> [apiv2][query] GET https://compute.googleapis.com/compute/v1/projects/850162149337 [none]
[debug] [2026-04-22T01:56:43.047Z] <<< [apiv2][status] GET https://cloudfunctions.googleapis.com/v2/projects/kottage-v2/locations/us-central1/operations/operation-1776822993062-65002d7548bcf-671d4a50-aa290b30 200
[debug] [2026-04-22T01:56:43.048Z] <<< [apiv2][body] GET https://cloudfunctions.googleapis.com/v2/projects/kottage-v2/locations/us-central1/operations/operation-1776822993062-65002d7548bcf-671d4a50-aa290b30 {"name":"projects/kottage-v2/locations/us-central1/operations/operation-1776822993062-65002d7548bcf-671d4a50-aa290b30","metadata":{"@type":"type.googleapis.com/google.cloud.functions.v2.OperationMetadata","createTime":"2026-04-22T01:56:33.871616479Z","target":"projects/kottage-v2/locations/us-central1/functions/trackUserInteraction","verb":"update","cancelRequested":false,"apiVersion":"v2","requestResource":{"@type":"type.googleapis.com/google.cloud.functions.v2.Function","name":"projects/kottage-v2/locations/us-central1/functions/trackUserInteraction","buildConfig":{"runtime":"nodejs22","entryPoint":"trackUserInteraction","source":{"storageSource":{"bucket":"gcf-v2-sources-850162149337-us-central1","object":"trackUserInteraction/function-source.zip","generation":"1776822993819480"}},"environmentVariables":{"GOOGLE_NODE_RUN_SCRIPTS":""},"dockerRepository":"projects/kottage-v2/locations/us-central1/repositories/gcf-artifacts","sourceProvenance":{"resolvedStorageSource":{"bucket":"gcf-v2-sources-850162149337-us-central1","object":"trackUserInteraction/function-source.zip","generation":"1754619951073278"}},"dockerRegistry":"ARTIFACT_REGISTRY","sourceToken":"Cldwcm9qZWN0cy84NTAxNjIxNDkzMzcvbG9jYXRpb25zL3VzLWNlbnRyYWwxL2J1aWxkcy9kNjQ2NWVlYi00OGNkLTRmZDktYmNkZi03MTE0NGFmNjQ0MzISYHVzLWNlbnRyYWwxLWRvY2tlci5wa2cuZGV2L2tvdHRhZ2UtdjIvZ2NmLWFydGlmYWN0cy9rb3R0YWdlLS12Ml9fdXMtLWNlbnRyYWwxX190aWNrZXRzOnZlcnNpb25fMRjZz/OM3xgiO3Byb2plY3RzL2tvdHRhZ2UtdjIvbG9jYXRpb25zL3VzLWNlbnRyYWwxL2Z1bmN0aW9ucy90aWNrZXRzKgwIzdWgzwYQgKL9lQEyCG5vZGVqczIyOnYKI2djci5pby9nYWUtcnVudGltZXMvbm9kZWpzMjI6c3RhYmxlEk91cy1jZW50cmFsMS1kb2NrZXIucGtnLmRldi9zZXJ2ZXJsZXNzLXJ1bnRpbWVzL2dvb2dsZS0yMi1mdWxsL3J1bnRpbWVzL25vZGVqczIyQAE=","serviceAccount":"projects/kottage-v2/serviceAccounts/850162149337-compute@developer.gserviceaccount.com","automaticUpdatePolicy":{}},"serviceConfig":{"service":"projects/kottage-v2/locations/us-central1/services/trackuserinteraction","timeoutSeconds":60,"environmentVariables":{"FIREBASE_CONFIG":"{\"projectId\":\"kottage-v2\",\"databaseURL\":\"https://kottage-v2-default-rtdb.firebaseio.com\",\"storageBucket\":\"kottage-v2.appspot.com\",\"locationId\":\"us-central\"}","GCLOUD_PROJECT":"kottage-v2","EVENTARC_CLOUD_EVENT_SOURCE":"projects/kottage-v2/locations/us-central1/services/trackUserInteraction","FUNCTION_TARGET":"trackUserInteraction","LOG_EXECUTION_ID":"true","FUNCTION_SIGNATURE_TYPE":"http"},"ingressSettings":"ALLOW_ALL","uri":"https://trackuserinteraction-cxpwli2maq-uc.a.run.app","serviceAccountEmail":"850162149337-compute@developer.gserviceaccount.com","availableMemory":"256Mi","allTrafficOnLatestRevision":true,"revision":"trackuserinteraction-00001-gos","maxInstanceRequestConcurrency":80,"availableCpu":"1"},"state":"ACTIVE","labels":{"deployment-tool":"cli-firebase","deployment-callable":"true","firebase-functions-hash":"fa11e580218d160d1d29e6caa6741b69401f3cc4"},"environment":"GEN_2","url":"https://us-central1-kottage-v2.cloudfunctions.net/trackUserInteraction","satisfiesPzi":true},"stages":[{"name":"BUILD","message":"Reusing build","state":"COMPLETE","resource":"projects/850162149337/locations/us-central1/builds/d6465eeb-48cd-4fd9-bcdf-71144af64432"},{"name":"SERVICE","message":"Updating Cloud Run service","state":"IN_PROGRESS","resource":"projects/kottage-v2/locations/us-central1/services/trackuserinteraction","resourceUri":"https://console.cloud.google.com/run/detail/us-central1/trackuserinteraction?project=kottage-v2","stateMessages":[{"severity":"INFO","type":"CloudRunServiceNewRevisionTrafficInfo","message":"A new revision will be deployed serving with 100% traffic."}]}],"sourceToken":"Cldwcm9qZWN0cy84NTAxNjIxNDkzMzcvbG9jYXRpb25zL3VzLWNlbnRyYWwxL2J1aWxkcy9kNjQ2NWVlYi00OGNkLTRmZDktYmNkZi03MTE0NGFmNjQ0MzISYHVzLWNlbnRyYWwxLWRvY2tlci5wa2cuZGV2L2tvdHRhZ2UtdjIvZ2NmLWFydGlmYWN0cy9rb3R0YWdlLS12Ml9fdXMtLWNlbnRyYWwxX190aWNrZXRzOnZlcnNpb25fMRjZz/OM3xgiO3Byb2plY3RzL2tvdHRhZ2UtdjIvbG9jYXRpb25zL3VzLWNlbnRyYWwxL2Z1bmN0aW9ucy90aWNrZXRzKgwIzdWgzwYQgKL9lQEyCG5vZGVqczIyOnYKI2djci5pby9nYWUtcnVudGltZXMvbm9kZWpzMjI6c3RhYmxlEk91cy1jZW50cmFsMS1kb2NrZXIucGtnLmRldi9zZXJ2ZXJsZXNzLXJ1bnRpbWVzL2dvb2dsZS0yMi1mdWxsL3J1bnRpbWVzL25vZGVqczIyQAE=","operationType":"UPDATE_FUNCTION","buildName":"projects/850162149337/locations/us-central1/builds/d6465eeb-48cd-4fd9-bcdf-71144af64432"},"done":false}
[debug] [2026-04-22T01:56:43.048Z] Got source token Cldwcm9qZWN0cy84NTAxNjIxNDkzMzcvbG9jYXRpb25zL3VzLWNlbnRyYWwxL2J1aWxkcy9kNjQ2NWVlYi00OGNkLTRmZDktYmNkZi03MTE0NGFmNjQ0MzISYHVzLWNlbnRyYWwxLWRvY2tlci5wa2cuZGV2L2tvdHRhZ2UtdjIvZ2NmLWFydGlmYWN0cy9rb3R0YWdlLS12Ml9fdXMtLWNlbnRyYWwxX190aWNrZXRzOnZlcnNpb25fMRjZz/OM3xgiO3Byb2plY3RzL2tvdHRhZ2UtdjIvbG9jYXRpb25zL3VzLWNlbnRyYWwxL2Z1bmN0aW9ucy90aWNrZXRzKgwIzdWgzwYQgKL9lQEyCG5vZGVqczIyOnYKI2djci5pby9nYWUtcnVudGltZXMvbm9kZWpzMjI6c3RhYmxlEk91cy1jZW50cmFsMS1kb2NrZXIucGtnLmRldi9zZXJ2ZXJsZXNzLXJ1bnRpbWVzL2dvb2dsZS0yMi1mdWxsL3J1bnRpbWVzL25vZGVqczIyQAE= for region us-central1
[debug] [2026-04-22T01:56:43.049Z] <<< [apiv2][status] GET https://cloudfunctions.googleapis.com/v2/projects/kottage-v2/locations/us-central1/operations/operation-1776822993049-65002d7545637-c881caa5-1cf9ab11 200
[debug] [2026-04-22T01:56:43.049Z] <<< [apiv2][body] GET https://cloudfunctions.googleapis.com/v2/projects/kottage-v2/locations/us-central1/operations/operation-1776822993049-65002d7545637-c881caa5-1cf9ab11 {"name":"projects/kottage-v2/locations/us-central1/operations/operation-1776822993049-65002d7545637-c881caa5-1cf9ab11","metadata":{"@type":"type.googleapis.com/google.cloud.functions.v2.OperationMetadata","createTime":"2026-04-22T01:56:33.859639060Z","endTime":"2026-04-22T01:56:41.080753630Z","target":"projects/kottage-v2/locations/us-central1/functions/setHostClaims","verb":"update","cancelRequested":false,"apiVersion":"v2","requestResource":{"@type":"type.googleapis.com/google.cloud.functions.v2.Function","name":"projects/kottage-v2/locations/us-central1/functions/setHostClaims","buildConfig":{"runtime":"nodejs22","entryPoint":"setHostClaims","source":{"storageSource":{"bucket":"gcf-v2-sources-850162149337-us-central1","object":"setHostClaims/function-source.zip","generation":"1776822993815490"}},"environmentVariables":{"GOOGLE_NODE_RUN_SCRIPTS":""},"dockerRepository":"projects/kottage-v2/locations/us-central1/repositories/gcf-artifacts","sourceProvenance":{"resolvedStorageSource":{"bucket":"gcf-v2-sources-850162149337-us-central1","object":"setHostClaims/function-source.zip","generation":"1754620011183984"}},"dockerRegistry":"ARTIFACT_REGISTRY","sourceToken":"Cldwcm9qZWN0cy84NTAxNjIxNDkzMzcvbG9jYXRpb25zL3VzLWNlbnRyYWwxL2J1aWxkcy9kNjQ2NWVlYi00OGNkLTRmZDktYmNkZi03MTE0NGFmNjQ0MzISYHVzLWNlbnRyYWwxLWRvY2tlci5wa2cuZGV2L2tvdHRhZ2UtdjIvZ2NmLWFydGlmYWN0cy9rb3R0YWdlLS12Ml9fdXMtLWNlbnRyYWwxX190aWNrZXRzOnZlcnNpb25fMRjZz/OM3xgiO3Byb2plY3RzL2tvdHRhZ2UtdjIvbG9jYXRpb25zL3VzLWNlbnRyYWwxL2Z1bmN0aW9ucy90aWNrZXRzKgwIzdWgzwYQgKL9lQEyCG5vZGVqczIyOnYKI2djci5pby9nYWUtcnVudGltZXMvbm9kZWpzMjI6c3RhYmxlEk91cy1jZW50cmFsMS1kb2NrZXIucGtnLmRldi9zZXJ2ZXJsZXNzLXJ1bnRpbWVzL2dvb2dsZS0yMi1mdWxsL3J1bnRpbWVzL25vZGVqczIyQAE=","serviceAccount":"projects/kottage-v2/serviceAccounts/850162149337-compute@developer.gserviceaccount.com","automaticUpdatePolicy":{}},"serviceConfig":{"service":"projects/kottage-v2/locations/us-central1/services/sethostclaims","timeoutSeconds":60,"environmentVariables":{"FIREBASE_CONFIG":"{\"projectId\":\"kottage-v2\",\"databaseURL\":\"https://kottage-v2-default-rtdb.firebaseio.com\",\"storageBucket\":\"kottage-v2.appspot.com\",\"locationId\":\"us-central\"}","GCLOUD_PROJECT":"kottage-v2","EVENTARC_CLOUD_EVENT_SOURCE":"projects/kottage-v2/locations/us-central1/services/setHostClaims","FUNCTION_TARGET":"setHostClaims","LOG_EXECUTION_ID":"true","FUNCTION_SIGNATURE_TYPE":"http"},"maxInstanceCount":10,"ingressSettings":"ALLOW_ALL","uri":"https://sethostclaims-cxpwli2maq-uc.a.run.app","serviceAccountEmail":"850162149337-compute@developer.gserviceaccount.com","availableMemory":"256Mi","allTrafficOnLatestRevision":true,"revision":"sethostclaims-00012-jam","maxInstanceRequestConcurrency":80,"availableCpu":"1"},"state":"ACTIVE","labels":{"deployment-tool":"cli-firebase","deployment-callable":"true","firebase-functions-hash":"fa11e580218d160d1d29e6caa6741b69401f3cc4"},"environment":"GEN_2","url":"https://us-central1-kottage-v2.cloudfunctions.net/setHostClaims","satisfiesPzi":true},"stages":[{"name":"BUILD","message":"Reusing build","state":"COMPLETE","resource":"projects/850162149337/locations/us-central1/builds/d6465eeb-48cd-4fd9-bcdf-71144af64432"},{"name":"SERVICE","message":"Updating Cloud Run service","state":"COMPLETE","resource":"projects/kottage-v2/locations/us-central1/services/sethostclaims","resourceUri":"https://console.cloud.google.com/run/detail/us-central1/sethostclaims?project=kottage-v2","stateMessages":[{"severity":"INFO","type":"CloudRunServiceNewRevisionTrafficInfo","message":"A new revision will be deployed serving with 100% traffic."}]}],"sourceToken":"Cldwcm9qZWN0cy84NTAxNjIxNDkzMzcvbG9jYXRpb25zL3VzLWNlbnRyYWwxL2J1aWxkcy9kNjQ2NWVlYi00OGNkLTRmZDktYmNkZi03MTE0NGFmNjQ0MzISYHVzLWNlbnRyYWwxLWRvY2tlci5wa2cuZGV2L2tvdHRhZ2UtdjIvZ2NmLWFydGlmYWN0cy9rb3R0YWdlLS12Ml9fdXMtLWNlbnRyYWwxX190aWNrZXRzOnZlcnNpb25fMRjZz/OM3xgiO3Byb2plY3RzL2tvdHRhZ2UtdjIvbG9jYXRpb25zL3VzLWNlbnRyYWwxL2Z1bmN0aW9ucy90aWNrZXRzKgwIzdWgzwYQgKL9lQEyCG5vZGVqczIyOnYKI2djci5pby9nYWUtcnVudGltZXMvbm9kZWpzMjI6c3RhYmxlEk91cy1jZW50cmFsMS1kb2NrZXIucGtnLmRldi9zZXJ2ZXJsZXNzLXJ1bnRpbWVzL2dvb2dsZS0yMi1mdWxsL3J1bnRpbWVzL25vZGVqczIyQAE=","operationType":"UPDATE_FUNCTION","buildName":"projects/850162149337/locations/us-central1/builds/d6465eeb-48cd-4fd9-bcdf-71144af64432"},"done":true,"response":{"@type":"type.googleapis.com/google.cloud.functions.v2.Function","name":"projects/kottage-v2/locations/us-central1/functions/setHostClaims","buildConfig":{"build":"projects/850162149337/locations/us-central1/builds/d6465eeb-48cd-4fd9-bcdf-71144af64432","runtime":"nodejs22","entryPoint":"setHostClaims","source":{"storageSource":{"bucket":"gcf-v2-sources-850162149337-us-central1","object":"setHostClaims/function-source.zip","generation":"1776822993815490"}},"environmentVariables":{"GOOGLE_NODE_RUN_SCRIPTS":""},"dockerRepository":"projects/kottage-v2/locations/us-central1/repositories/gcf-artifacts","sourceProvenance":{"resolvedStorageSource":{"bucket":"gcf-v2-sources-850162149337-us-central1","object":"setHostClaims/function-source.zip","generation":"1776822993815490"}},"dockerRegistry":"ARTIFACT_REGISTRY","serviceAccount":"projects/kottage-v2/serviceAccounts/850162149337-compute@developer.gserviceaccount.com","automaticUpdatePolicy":{}},"serviceConfig":{"service":"projects/kottage-v2/locations/us-central1/services/sethostclaims","timeoutSeconds":60,"environmentVariables":{"FIREBASE_CONFIG":"{\"projectId\":\"kottage-v2\",\"databaseURL\":\"https://kottage-v2-default-rtdb.firebaseio.com\",\"storageBucket\":\"kottage-v2.appspot.com\",\"locationId\":\"us-central\"}","GCLOUD_PROJECT":"kottage-v2","EVENTARC_CLOUD_EVENT_SOURCE":"projects/kottage-v2/locations/us-central1/services/setHostClaims","FUNCTION_TARGET":"setHostClaims","LOG_EXECUTION_ID":"true","FUNCTION_SIGNATURE_TYPE":"http"},"maxInstanceCount":10,"ingressSettings":"ALLOW_ALL","uri":"https://sethostclaims-cxpwli2maq-uc.a.run.app","serviceAccountEmail":"850162149337-compute@developer.gserviceaccount.com","availableMemory":"256Mi","allTrafficOnLatestRevision":true,"revision":"sethostclaims-00013-baq","maxInstanceRequestConcurrency":80,"availableCpu":"1"},"state":"ACTIVE","updateTime":"2026-04-22T01:56:33.862053500Z","labels":{"deployment-tool":"cli-firebase","deployment-callable":"true","firebase-functions-hash":"fa11e580218d160d1d29e6caa6741b69401f3cc4"},"environment":"GEN_2","url":"https://us-central1-kottage-v2.cloudfunctions.net/setHostClaims","createTime":"2025-08-02T23:33:40.152729602Z","satisfiesPzi":true}}
[debug] [2026-04-22T01:56:43.049Z] Got source token Cldwcm9qZWN0cy84NTAxNjIxNDkzMzcvbG9jYXRpb25zL3VzLWNlbnRyYWwxL2J1aWxkcy9kNjQ2NWVlYi00OGNkLTRmZDktYmNkZi03MTE0NGFmNjQ0MzISYHVzLWNlbnRyYWwxLWRvY2tlci5wa2cuZGV2L2tvdHRhZ2UtdjIvZ2NmLWFydGlmYWN0cy9rb3R0YWdlLS12Ml9fdXMtLWNlbnRyYWwxX190aWNrZXRzOnZlcnNpb25fMRjZz/OM3xgiO3Byb2plY3RzL2tvdHRhZ2UtdjIvbG9jYXRpb25zL3VzLWNlbnRyYWwxL2Z1bmN0aW9ucy90aWNrZXRzKgwIzdWgzwYQgKL9lQEyCG5vZGVqczIyOnYKI2djci5pby9nYWUtcnVudGltZXMvbm9kZWpzMjI6c3RhYmxlEk91cy1jZW50cmFsMS1kb2NrZXIucGtnLmRldi9zZXJ2ZXJsZXNzLXJ1bnRpbWVzL2dvb2dsZS0yMi1mdWxsL3J1bnRpbWVzL25vZGVqczIyQAE= for region us-central1
[info] +  functions[setHostClaims(us-central1)] Successful update operation. 
[debug] [2026-04-22T01:56:43.055Z] <<< [apiv2][status] GET https://cloudfunctions.googleapis.com/v2/projects/kottage-v2/locations/us-central1/operations/operation-1776822992940-65002d752acde-62e70fde-ad7adde3 200
[debug] [2026-04-22T01:56:43.055Z] <<< [apiv2][body] GET https://cloudfunctions.googleapis.com/v2/projects/kottage-v2/locations/us-central1/operations/operation-1776822992940-65002d752acde-62e70fde-ad7adde3 {"name":"projects/kottage-v2/locations/us-central1/operations/operation-1776822992940-65002d752acde-62e70fde-ad7adde3","metadata":{"@type":"type.googleapis.com/google.cloud.functions.v2.OperationMetadata","createTime":"2026-04-22T01:56:33.826376321Z","endTime":"2026-04-22T01:56:40.987005133Z","target":"projects/kottage-v2/locations/us-central1/functions/getPropertyAnalytics","verb":"update","cancelRequested":false,"apiVersion":"v2","requestResource":{"@type":"type.googleapis.com/google.cloud.functions.v2.Function","name":"projects/kottage-v2/locations/us-central1/functions/getPropertyAnalytics","buildConfig":{"runtime":"nodejs22","entryPoint":"getPropertyAnalytics","source":{"storageSource":{"bucket":"gcf-v2-sources-850162149337-us-central1","object":"getPropertyAnalytics/function-source.zip","generation":"1776822993777522"}},"environmentVariables":{"GOOGLE_NODE_RUN_SCRIPTS":""},"dockerRepository":"projects/kottage-v2/locations/us-central1/repositories/gcf-artifacts","sourceProvenance":{"resolvedStorageSource":{"bucket":"gcf-v2-sources-850162149337-us-central1","object":"getPropertyAnalytics/function-source.zip","generation":"1754620010962634"}},"dockerRegistry":"ARTIFACT_REGISTRY","sourceToken":"Cldwcm9qZWN0cy84NTAxNjIxNDkzMzcvbG9jYXRpb25zL3VzLWNlbnRyYWwxL2J1aWxkcy9kNjQ2NWVlYi00OGNkLTRmZDktYmNkZi03MTE0NGFmNjQ0MzISYHVzLWNlbnRyYWwxLWRvY2tlci5wa2cuZGV2L2tvdHRhZ2UtdjIvZ2NmLWFydGlmYWN0cy9rb3R0YWdlLS12Ml9fdXMtLWNlbnRyYWwxX190aWNrZXRzOnZlcnNpb25fMRjZz/OM3xgiO3Byb2plY3RzL2tvdHRhZ2UtdjIvbG9jYXRpb25zL3VzLWNlbnRyYWwxL2Z1bmN0aW9ucy90aWNrZXRzKgwIzdWgzwYQgKL9lQEyCG5vZGVqczIyOnYKI2djci5pby9nYWUtcnVudGltZXMvbm9kZWpzMjI6c3RhYmxlEk91cy1jZW50cmFsMS1kb2NrZXIucGtnLmRldi9zZXJ2ZXJsZXNzLXJ1bnRpbWVzL2dvb2dsZS0yMi1mdWxsL3J1bnRpbWVzL25vZGVqczIyQAE=","serviceAccount":"projects/kottage-v2/serviceAccounts/850162149337-compute@developer.gserviceaccount.com","automaticUpdatePolicy":{}},"serviceConfig":{"service":"projects/kottage-v2/locations/us-central1/services/getpropertyanalytics","timeoutSeconds":60,"environmentVariables":{"FIREBASE_CONFIG":"{\"projectId\":\"kottage-v2\",\"databaseURL\":\"https://kottage-v2-default-rtdb.firebaseio.com\",\"storageBucket\":\"kottage-v2.appspot.com\",\"locationId\":\"us-central\"}","GCLOUD_PROJECT":"kottage-v2","EVENTARC_CLOUD_EVENT_SOURCE":"projects/kottage-v2/locations/us-central1/services/getPropertyAnalytics","FUNCTION_TARGET":"getPropertyAnalytics","LOG_EXECUTION_ID":"true","FUNCTION_SIGNATURE_TYPE":"http"},"ingressSettings":"ALLOW_ALL","uri":"https://getpropertyanalytics-cxpwli2maq-uc.a.run.app","serviceAccountEmail":"850162149337-compute@developer.gserviceaccount.com","availableMemory":"256Mi","allTrafficOnLatestRevision":true,"revision":"getpropertyanalytics-00001-fol","maxInstanceRequestConcurrency":80,"availableCpu":"1"},"state":"ACTIVE","labels":{"deployment-tool":"cli-firebase","deployment-callable":"true","firebase-functions-hash":"fa11e580218d160d1d29e6caa6741b69401f3cc4"},"environment":"GEN_2","url":"https://us-central1-kottage-v2.cloudfunctions.net/getPropertyAnalytics","satisfiesPzi":true},"stages":[{"name":"BUILD","message":"Reusing build","state":"COMPLETE","resource":"projects/850162149337/locations/us-central1/builds/d6465eeb-48cd-4fd9-bcdf-71144af64432"},{"name":"SERVICE","message":"Updating Cloud Run service","state":"COMPLETE","resource":"projects/kottage-v2/locations/us-central1/services/getpropertyanalytics","resourceUri":"https://console.cloud.google.com/run/detail/us-central1/getpropertyanalytics?project=kottage-v2","stateMessages":[{"severity":"INFO","type":"CloudRunServiceNewRevisionTrafficInfo","message":"A new revision will be deployed serving with 100% traffic."}]}],"sourceToken":"Cldwcm9qZWN0cy84NTAxNjIxNDkzMzcvbG9jYXRpb25zL3VzLWNlbnRyYWwxL2J1aWxkcy9kNjQ2NWVlYi00OGNkLTRmZDktYmNkZi03MTE0NGFmNjQ0MzISYHVzLWNlbnRyYWwxLWRvY2tlci5wa2cuZGV2L2tvdHRhZ2UtdjIvZ2NmLWFydGlmYWN0cy9rb3R0YWdlLS12Ml9fdXMtLWNlbnRyYWwxX190aWNrZXRzOnZlcnNpb25fMRjZz/OM3xgiO3Byb2plY3RzL2tvdHRhZ2UtdjIvbG9jYXRpb25zL3VzLWNlbnRyYWwxL2Z1bmN0aW9ucy90aWNrZXRzKgwIzdWgzwYQgKL9lQEyCG5vZGVqczIyOnYKI2djci5pby9nYWUtcnVudGltZXMvbm9kZWpzMjI6c3RhYmxlEk91cy1jZW50cmFsMS1kb2NrZXIucGtnLmRldi9zZXJ2ZXJsZXNzLXJ1bnRpbWVzL2dvb2dsZS0yMi1mdWxsL3J1bnRpbWVzL25vZGVqczIyQAE=","operationType":"UPDATE_FUNCTION","buildName":"projects/850162149337/locations/us-central1/builds/d6465eeb-48cd-4fd9-bcdf-71144af64432"},"done":true,"response":{"@type":"type.googleapis.com/google.cloud.functions.v2.Function","name":"projects/kottage-v2/locations/us-central1/functions/getPropertyAnalytics","buildConfig":{"build":"projects/850162149337/locations/us-central1/builds/d6465eeb-48cd-4fd9-bcdf-71144af64432","runtime":"nodejs22","entryPoint":"getPropertyAnalytics","source":{"storageSource":{"bucket":"gcf-v2-sources-850162149337-us-central1","object":"getPropertyAnalytics/function-source.zip","generation":"1776822993777522"}},"environmentVariables":{"GOOGLE_NODE_RUN_SCRIPTS":""},"dockerRepository":"projects/kottage-v2/locations/us-central1/repositories/gcf-artifacts","sourceProvenance":{"resolvedStorageSource":{"bucket":"gcf-v2-sources-850162149337-us-central1","object":"getPropertyAnalytics/function-source.zip","generation":"1776822993777522"}},"dockerRegistry":"ARTIFACT_REGISTRY","serviceAccount":"projects/kottage-v2/serviceAccounts/850162149337-compute@developer.gserviceaccount.com","automaticUpdatePolicy":{}},"serviceConfig":{"service":"projects/kottage-v2/locations/us-central1/services/getpropertyanalytics","timeoutSeconds":60,"environmentVariables":{"FIREBASE_CONFIG":"{\"projectId\":\"kottage-v2\",\"databaseURL\":\"https://kottage-v2-default-rtdb.firebaseio.com\",\"storageBucket\":\"kottage-v2.appspot.com\",\"locationId\":\"us-central\"}","GCLOUD_PROJECT":"kottage-v2","EVENTARC_CLOUD_EVENT_SOURCE":"projects/kottage-v2/locations/us-central1/services/getPropertyAnalytics","FUNCTION_TARGET":"getPropertyAnalytics","LOG_EXECUTION_ID":"true","FUNCTION_SIGNATURE_TYPE":"http"},"maxInstanceCount":3,"ingressSettings":"ALLOW_ALL","uri":"https://getpropertyanalytics-cxpwli2maq-uc.a.run.app","serviceAccountEmail":"850162149337-compute@developer.gserviceaccount.com","availableMemory":"256Mi","allTrafficOnLatestRevision":true,"revision":"getpropertyanalytics-00002-lex","maxInstanceRequestConcurrency":80,"availableCpu":"1"},"state":"ACTIVE","updateTime":"2026-04-22T01:56:33.829058871Z","labels":{"firebase-functions-hash":"fa11e580218d160d1d29e6caa6741b69401f3cc4","deployment-tool":"cli-firebase","deployment-callable":"true"},"environment":"GEN_2","url":"https://us-central1-kottage-v2.cloudfunctions.net/getPropertyAnalytics","createTime":"2025-08-08T02:26:51.186604722Z","satisfiesPzi":true}}
[debug] [2026-04-22T01:56:43.055Z] Got source token Cldwcm9qZWN0cy84NTAxNjIxNDkzMzcvbG9jYXRpb25zL3VzLWNlbnRyYWwxL2J1aWxkcy9kNjQ2NWVlYi00OGNkLTRmZDktYmNkZi03MTE0NGFmNjQ0MzISYHVzLWNlbnRyYWwxLWRvY2tlci5wa2cuZGV2L2tvdHRhZ2UtdjIvZ2NmLWFydGlmYWN0cy9rb3R0YWdlLS12Ml9fdXMtLWNlbnRyYWwxX190aWNrZXRzOnZlcnNpb25fMRjZz/OM3xgiO3Byb2plY3RzL2tvdHRhZ2UtdjIvbG9jYXRpb25zL3VzLWNlbnRyYWwxL2Z1bmN0aW9ucy90aWNrZXRzKgwIzdWgzwYQgKL9lQEyCG5vZGVqczIyOnYKI2djci5pby9nYWUtcnVudGltZXMvbm9kZWpzMjI6c3RhYmxlEk91cy1jZW50cmFsMS1kb2NrZXIucGtnLmRldi9zZXJ2ZXJsZXNzLXJ1bnRpbWVzL2dvb2dsZS0yMi1mdWxsL3J1bnRpbWVzL25vZGVqczIyQAE= for region us-central1
[info] +  functions[getPropertyAnalytics(us-central1)] Successful update operation. 
[debug] [2026-04-22T01:56:43.057Z] <<< [apiv2][status] GET https://cloudfunctions.googleapis.com/v2/projects/kottage-v2/locations/us-central1/operations/operation-1776822993048-65002d75452bb-e69a4cc0-491b197b 200
[debug] [2026-04-22T01:56:43.057Z] <<< [apiv2][body] GET https://cloudfunctions.googleapis.com/v2/projects/kottage-v2/locations/us-central1/operations/operation-1776822993048-65002d75452bb-e69a4cc0-491b197b {"name":"projects/kottage-v2/locations/us-central1/operations/operation-1776822993048-65002d75452bb-e69a4cc0-491b197b","metadata":{"@type":"type.googleapis.com/google.cloud.functions.v2.OperationMetadata","createTime":"2026-04-22T01:56:33.834425971Z","endTime":"2026-04-22T01:56:40.360054937Z","target":"projects/kottage-v2/locations/us-central1/functions/getEmployeeStats","verb":"update","cancelRequested":false,"apiVersion":"v2","requestResource":{"@type":"type.googleapis.com/google.cloud.functions.v2.Function","name":"projects/kottage-v2/locations/us-central1/functions/getEmployeeStats","buildConfig":{"runtime":"nodejs22","entryPoint":"getEmployeeStats","source":{"storageSource":{"bucket":"gcf-v2-sources-850162149337-us-central1","object":"getEmployeeStats/function-source.zip","generation":"1776822993786836"}},"environmentVariables":{"GOOGLE_NODE_RUN_SCRIPTS":""},"dockerRepository":"projects/kottage-v2/locations/us-central1/repositories/gcf-artifacts","sourceProvenance":{"resolvedStorageSource":{"bucket":"gcf-v2-sources-850162149337-us-central1","object":"getEmployeeStats/function-source.zip","generation":"1754620011302274"}},"dockerRegistry":"ARTIFACT_REGISTRY","sourceToken":"Cldwcm9qZWN0cy84NTAxNjIxNDkzMzcvbG9jYXRpb25zL3VzLWNlbnRyYWwxL2J1aWxkcy9kNjQ2NWVlYi00OGNkLTRmZDktYmNkZi03MTE0NGFmNjQ0MzISYHVzLWNlbnRyYWwxLWRvY2tlci5wa2cuZGV2L2tvdHRhZ2UtdjIvZ2NmLWFydGlmYWN0cy9rb3R0YWdlLS12Ml9fdXMtLWNlbnRyYWwxX190aWNrZXRzOnZlcnNpb25fMRjZz/OM3xgiO3Byb2plY3RzL2tvdHRhZ2UtdjIvbG9jYXRpb25zL3VzLWNlbnRyYWwxL2Z1bmN0aW9ucy90aWNrZXRzKgwIzdWgzwYQgKL9lQEyCG5vZGVqczIyOnYKI2djci5pby9nYWUtcnVudGltZXMvbm9kZWpzMjI6c3RhYmxlEk91cy1jZW50cmFsMS1kb2NrZXIucGtnLmRldi9zZXJ2ZXJsZXNzLXJ1bnRpbWVzL2dvb2dsZS0yMi1mdWxsL3J1bnRpbWVzL25vZGVqczIyQAE=","serviceAccount":"projects/kottage-v2/serviceAccounts/850162149337-compute@developer.gserviceaccount.com","automaticUpdatePolicy":{}},"serviceConfig":{"service":"projects/kottage-v2/locations/us-central1/services/getemployeestats","timeoutSeconds":60,"environmentVariables":{"FIREBASE_CONFIG":"{\"projectId\":\"kottage-v2\",\"databaseURL\":\"https://kottage-v2-default-rtdb.firebaseio.com\",\"storageBucket\":\"kottage-v2.appspot.com\",\"locationId\":\"us-central\"}","GCLOUD_PROJECT":"kottage-v2","EVENTARC_CLOUD_EVENT_SOURCE":"projects/kottage-v2/locations/us-central1/services/getEmployeeStats","FUNCTION_TARGET":"getEmployeeStats","LOG_EXECUTION_ID":"true","FUNCTION_SIGNATURE_TYPE":"http"},"ingressSettings":"ALLOW_ALL","uri":"https://getemployeestats-cxpwli2maq-uc.a.run.app","serviceAccountEmail":"850162149337-compute@developer.gserviceaccount.com","availableMemory":"256Mi","allTrafficOnLatestRevision":true,"revision":"getemployeestats-00016-xox","maxInstanceRequestConcurrency":80,"availableCpu":"1"},"state":"ACTIVE","labels":{"deployment-tool":"cli-firebase","deployment-callable":"true","firebase-functions-hash":"fa11e580218d160d1d29e6caa6741b69401f3cc4"},"environment":"GEN_2","url":"https://us-central1-kottage-v2.cloudfunctions.net/getEmployeeStats","satisfiesPzi":true},"stages":[{"name":"BUILD","message":"Reusing build","state":"COMPLETE","resource":"projects/850162149337/locations/us-central1/builds/d6465eeb-48cd-4fd9-bcdf-71144af64432"},{"name":"SERVICE","message":"Updating Cloud Run service","state":"COMPLETE","resource":"projects/kottage-v2/locations/us-central1/services/getemployeestats","resourceUri":"https://console.cloud.google.com/run/detail/us-central1/getemployeestats?project=kottage-v2","stateMessages":[{"severity":"INFO","type":"CloudRunServiceNewRevisionTrafficInfo","message":"A new revision will be deployed serving with 100% traffic."}]}],"sourceToken":"Cldwcm9qZWN0cy84NTAxNjIxNDkzMzcvbG9jYXRpb25zL3VzLWNlbnRyYWwxL2J1aWxkcy9kNjQ2NWVlYi00OGNkLTRmZDktYmNkZi03MTE0NGFmNjQ0MzISYHVzLWNlbnRyYWwxLWRvY2tlci5wa2cuZGV2L2tvdHRhZ2UtdjIvZ2NmLWFydGlmYWN0cy9rb3R0YWdlLS12Ml9fdXMtLWNlbnRyYWwxX190aWNrZXRzOnZlcnNpb25fMRjZz/OM3xgiO3Byb2plY3RzL2tvdHRhZ2UtdjIvbG9jYXRpb25zL3VzLWNlbnRyYWwxL2Z1bmN0aW9ucy90aWNrZXRzKgwIzdWgzwYQgKL9lQEyCG5vZGVqczIyOnYKI2djci5pby9nYWUtcnVudGltZXMvbm9kZWpzMjI6c3RhYmxlEk91cy1jZW50cmFsMS1kb2NrZXIucGtnLmRldi9zZXJ2ZXJsZXNzLXJ1bnRpbWVzL2dvb2dsZS0yMi1mdWxsL3J1bnRpbWVzL25vZGVqczIyQAE=","operationType":"UPDATE_FUNCTION","buildName":"projects/850162149337/locations/us-central1/builds/d6465eeb-48cd-4fd9-bcdf-71144af64432"},"done":true,"response":{"@type":"type.googleapis.com/google.cloud.functions.v2.Function","name":"projects/kottage-v2/locations/us-central1/functions/getEmployeeStats","buildConfig":{"build":"projects/850162149337/locations/us-central1/builds/d6465eeb-48cd-4fd9-bcdf-71144af64432","runtime":"nodejs22","entryPoint":"getEmployeeStats","source":{"storageSource":{"bucket":"gcf-v2-sources-850162149337-us-central1","object":"getEmployeeStats/function-source.zip","generation":"1776822993786836"}},"environmentVariables":{"GOOGLE_NODE_RUN_SCRIPTS":""},"dockerRepository":"projects/kottage-v2/locations/us-central1/repositories/gcf-artifacts","sourceProvenance":{"resolvedStorageSource":{"bucket":"gcf-v2-sources-850162149337-us-central1","object":"getEmployeeStats/function-source.zip","generation":"1776822993786836"}},"dockerRegistry":"ARTIFACT_REGISTRY","serviceAccount":"projects/kottage-v2/serviceAccounts/850162149337-compute@developer.gserviceaccount.com","automaticUpdatePolicy":{}},"serviceConfig":{"service":"projects/kottage-v2/locations/us-central1/services/getemployeestats","timeoutSeconds":60,"environmentVariables":{"FIREBASE_CONFIG":"{\"projectId\":\"kottage-v2\",\"databaseURL\":\"https://kottage-v2-default-rtdb.firebaseio.com\",\"storageBucket\":\"kottage-v2.appspot.com\",\"locationId\":\"us-central\"}","GCLOUD_PROJECT":"kottage-v2","EVENTARC_CLOUD_EVENT_SOURCE":"projects/kottage-v2/locations/us-central1/services/getEmployeeStats","FUNCTION_TARGET":"getEmployeeStats","LOG_EXECUTION_ID":"true","FUNCTION_SIGNATURE_TYPE":"http"},"maxInstanceCount":3,"ingressSettings":"ALLOW_ALL","uri":"https://getemployeestats-cxpwli2maq-uc.a.run.app","serviceAccountEmail":"850162149337-compute@developer.gserviceaccount.com","availableMemory":"256Mi","allTrafficOnLatestRevision":true,"revision":"getemployeestats-00017-woj","maxInstanceRequestConcurrency":80,"availableCpu":"1"},"state":"ACTIVE","updateTime":"2026-04-22T01:56:33.836327341Z","labels":{"deployment-tool":"cli-firebase","deployment-callable":"true","firebase-functions-hash":"fa11e580218d160d1d29e6caa6741b69401f3cc4"},"environment":"GEN_2","url":"https://us-central1-kottage-v2.cloudfunctions.net/getEmployeeStats","createTime":"2025-07-19T10:11:39.071632744Z","satisfiesPzi":true}}
[debug] [2026-04-22T01:56:43.057Z] Got source token Cldwcm9qZWN0cy84NTAxNjIxNDkzMzcvbG9jYXRpb25zL3VzLWNlbnRyYWwxL2J1aWxkcy9kNjQ2NWVlYi00OGNkLTRmZDktYmNkZi03MTE0NGFmNjQ0MzISYHVzLWNlbnRyYWwxLWRvY2tlci5wa2cuZGV2L2tvdHRhZ2UtdjIvZ2NmLWFydGlmYWN0cy9rb3R0YWdlLS12Ml9fdXMtLWNlbnRyYWwxX190aWNrZXRzOnZlcnNpb25fMRjZz/OM3xgiO3Byb2plY3RzL2tvdHRhZ2UtdjIvbG9jYXRpb25zL3VzLWNlbnRyYWwxL2Z1bmN0aW9ucy90aWNrZXRzKgwIzdWgzwYQgKL9lQEyCG5vZGVqczIyOnYKI2djci5pby9nYWUtcnVudGltZXMvbm9kZWpzMjI6c3RhYmxlEk91cy1jZW50cmFsMS1kb2NrZXIucGtnLmRldi9zZXJ2ZXJsZXNzLXJ1bnRpbWVzL2dvb2dsZS0yMi1mdWxsL3J1bnRpbWVzL25vZGVqczIyQAE= for region us-central1
[info] +  functions[getEmployeeStats(us-central1)] Successful update operation. 
[debug] [2026-04-22T01:56:43.069Z] <<< [apiv2][status] GET https://cloudfunctions.googleapis.com/v2/projects/kottage-v2/locations/us-central1/operations/operation-1776822993048-65002d75452c7-712c74eb-64ef21c3 200
[debug] [2026-04-22T01:56:43.069Z] <<< [apiv2][body] GET https://cloudfunctions.googleapis.com/v2/projects/kottage-v2/locations/us-central1/operations/operation-1776822993048-65002d75452c7-712c74eb-64ef21c3 {"name":"projects/kottage-v2/locations/us-central1/operations/operation-1776822993048-65002d75452c7-712c74eb-64ef21c3","metadata":{"@type":"type.googleapis.com/google.cloud.functions.v2.OperationMetadata","createTime":"2026-04-22T01:56:33.808348017Z","endTime":"2026-04-22T01:56:41.219989844Z","target":"projects/kottage-v2/locations/us-central1/functions/createEmployee","verb":"update","cancelRequested":false,"apiVersion":"v2","requestResource":{"@type":"type.googleapis.com/google.cloud.functions.v2.Function","name":"projects/kottage-v2/locations/us-central1/functions/createEmployee","buildConfig":{"runtime":"nodejs22","entryPoint":"createEmployee","source":{"storageSource":{"bucket":"gcf-v2-sources-850162149337-us-central1","object":"createEmployee/function-source.zip","generation":"1776822993763739"}},"environmentVariables":{"GOOGLE_NODE_RUN_SCRIPTS":""},"dockerRepository":"projects/kottage-v2/locations/us-central1/repositories/gcf-artifacts","sourceProvenance":{"resolvedStorageSource":{"bucket":"gcf-v2-sources-850162149337-us-central1","object":"createEmployee/function-source.zip","generation":"1754620011424395"}},"dockerRegistry":"ARTIFACT_REGISTRY","sourceToken":"Cldwcm9qZWN0cy84NTAxNjIxNDkzMzcvbG9jYXRpb25zL3VzLWNlbnRyYWwxL2J1aWxkcy9kNjQ2NWVlYi00OGNkLTRmZDktYmNkZi03MTE0NGFmNjQ0MzISYHVzLWNlbnRyYWwxLWRvY2tlci5wa2cuZGV2L2tvdHRhZ2UtdjIvZ2NmLWFydGlmYWN0cy9rb3R0YWdlLS12Ml9fdXMtLWNlbnRyYWwxX190aWNrZXRzOnZlcnNpb25fMRjZz/OM3xgiO3Byb2plY3RzL2tvdHRhZ2UtdjIvbG9jYXRpb25zL3VzLWNlbnRyYWwxL2Z1bmN0aW9ucy90aWNrZXRzKgwIzdWgzwYQgKL9lQEyCG5vZGVqczIyOnYKI2djci5pby9nYWUtcnVudGltZXMvbm9kZWpzMjI6c3RhYmxlEk91cy1jZW50cmFsMS1kb2NrZXIucGtnLmRldi9zZXJ2ZXJsZXNzLXJ1bnRpbWVzL2dvb2dsZS0yMi1mdWxsL3J1bnRpbWVzL25vZGVqczIyQAE=","serviceAccount":"projects/kottage-v2/serviceAccounts/850162149337-compute@developer.gserviceaccount.com","automaticUpdatePolicy":{}},"serviceConfig":{"service":"projects/kottage-v2/locations/us-central1/services/createemployee","timeoutSeconds":60,"environmentVariables":{"FIREBASE_CONFIG":"{\"projectId\":\"kottage-v2\",\"databaseURL\":\"https://kottage-v2-default-rtdb.firebaseio.com\",\"storageBucket\":\"kottage-v2.appspot.com\",\"locationId\":\"us-central\"}","GCLOUD_PROJECT":"kottage-v2","EVENTARC_CLOUD_EVENT_SOURCE":"projects/kottage-v2/locations/us-central1/services/createEmployee","FUNCTION_TARGET":"createEmployee","LOG_EXECUTION_ID":"true","FUNCTION_SIGNATURE_TYPE":"http"},"ingressSettings":"ALLOW_ALL","uri":"https://createemployee-cxpwli2maq-uc.a.run.app","serviceAccountEmail":"850162149337-compute@developer.gserviceaccount.com","availableMemory":"256Mi","allTrafficOnLatestRevision":true,"revision":"createemployee-00021-baw","maxInstanceRequestConcurrency":80,"availableCpu":"1"},"state":"ACTIVE","labels":{"deployment-tool":"cli-firebase","deployment-callable":"true","firebase-functions-hash":"fa11e580218d160d1d29e6caa6741b69401f3cc4"},"environment":"GEN_2","url":"https://us-central1-kottage-v2.cloudfunctions.net/createEmployee","satisfiesPzi":true},"stages":[{"name":"BUILD","message":"Reusing build","state":"COMPLETE","resource":"projects/850162149337/locations/us-central1/builds/d6465eeb-48cd-4fd9-bcdf-71144af64432"},{"name":"SERVICE","message":"Updating Cloud Run service","state":"COMPLETE","resource":"projects/kottage-v2/locations/us-central1/services/createemployee","resourceUri":"https://console.cloud.google.com/run/detail/us-central1/createemployee?project=kottage-v2","stateMessages":[{"severity":"INFO","type":"CloudRunServiceNewRevisionTrafficInfo","message":"A new revision will be deployed serving with 100% traffic."}]}],"sourceToken":"Cldwcm9qZWN0cy84NTAxNjIxNDkzMzcvbG9jYXRpb25zL3VzLWNlbnRyYWwxL2J1aWxkcy9kNjQ2NWVlYi00OGNkLTRmZDktYmNkZi03MTE0NGFmNjQ0MzISYHVzLWNlbnRyYWwxLWRvY2tlci5wa2cuZGV2L2tvdHRhZ2UtdjIvZ2NmLWFydGlmYWN0cy9rb3R0YWdlLS12Ml9fdXMtLWNlbnRyYWwxX190aWNrZXRzOnZlcnNpb25fMRjZz/OM3xgiO3Byb2plY3RzL2tvdHRhZ2UtdjIvbG9jYXRpb25zL3VzLWNlbnRyYWwxL2Z1bmN0aW9ucy90aWNrZXRzKgwIzdWgzwYQgKL9lQEyCG5vZGVqczIyOnYKI2djci5pby9nYWUtcnVudGltZXMvbm9kZWpzMjI6c3RhYmxlEk91cy1jZW50cmFsMS1kb2NrZXIucGtnLmRldi9zZXJ2ZXJsZXNzLXJ1bnRpbWVzL2dvb2dsZS0yMi1mdWxsL3J1bnRpbWVzL25vZGVqczIyQAE=","operationType":"UPDATE_FUNCTION","buildName":"projects/850162149337/locations/us-central1/builds/d6465eeb-48cd-4fd9-bcdf-71144af64432"},"done":true,"response":{"@type":"type.googleapis.com/google.cloud.functions.v2.Function","name":"projects/kottage-v2/locations/us-central1/functions/createEmployee","buildConfig":{"build":"projects/850162149337/locations/us-central1/builds/d6465eeb-48cd-4fd9-bcdf-71144af64432","runtime":"nodejs22","entryPoint":"createEmployee","source":{"storageSource":{"bucket":"gcf-v2-sources-850162149337-us-central1","object":"createEmployee/function-source.zip","generation":"1776822993763739"}},"environmentVariables":{"GOOGLE_NODE_RUN_SCRIPTS":""},"dockerRepository":"projects/kottage-v2/locations/us-central1/repositories/gcf-artifacts","sourceProvenance":{"resolvedStorageSource":{"bucket":"gcf-v2-sources-850162149337-us-central1","object":"createEmployee/function-source.zip","generation":"1776822993763739"}},"dockerRegistry":"ARTIFACT_REGISTRY","serviceAccount":"projects/kottage-v2/serviceAccounts/850162149337-compute@developer.gserviceaccount.com","automaticUpdatePolicy":{}},"serviceConfig":{"service":"projects/kottage-v2/locations/us-central1/services/createemployee","timeoutSeconds":60,"environmentVariables":{"FIREBASE_CONFIG":"{\"projectId\":\"kottage-v2\",\"databaseURL\":\"https://kottage-v2-default-rtdb.firebaseio.com\",\"storageBucket\":\"kottage-v2.appspot.com\",\"locationId\":\"us-central\"}","GCLOUD_PROJECT":"kottage-v2","EVENTARC_CLOUD_EVENT_SOURCE":"projects/kottage-v2/locations/us-central1/services/createEmployee","FUNCTION_TARGET":"createEmployee","LOG_EXECUTION_ID":"true","FUNCTION_SIGNATURE_TYPE":"http"},"maxInstanceCount":3,"ingressSettings":"ALLOW_ALL","uri":"https://createemployee-cxpwli2maq-uc.a.run.app","serviceAccountEmail":"850162149337-compute@developer.gserviceaccount.com","availableMemory":"256Mi","allTrafficOnLatestRevision":true,"revision":"createemployee-00022-juj","maxInstanceRequestConcurrency":80,"availableCpu":"1"},"state":"ACTIVE","updateTime":"2026-04-22T01:56:33.810351377Z","labels":{"deployment-tool":"cli-firebase","deployment-callable":"true","firebase-functions-hash":"fa11e580218d160d1d29e6caa6741b69401f3cc4"},"environment":"GEN_2","url":"https://us-central1-kottage-v2.cloudfunctions.net/createEmployee","createTime":"2025-07-19T10:11:38.747581719Z","satisfiesPzi":true}}
[debug] [2026-04-22T01:56:43.069Z] Got source token Cldwcm9qZWN0cy84NTAxNjIxNDkzMzcvbG9jYXRpb25zL3VzLWNlbnRyYWwxL2J1aWxkcy9kNjQ2NWVlYi00OGNkLTRmZDktYmNkZi03MTE0NGFmNjQ0MzISYHVzLWNlbnRyYWwxLWRvY2tlci5wa2cuZGV2L2tvdHRhZ2UtdjIvZ2NmLWFydGlmYWN0cy9rb3R0YWdlLS12Ml9fdXMtLWNlbnRyYWwxX190aWNrZXRzOnZlcnNpb25fMRjZz/OM3xgiO3Byb2plY3RzL2tvdHRhZ2UtdjIvbG9jYXRpb25zL3VzLWNlbnRyYWwxL2Z1bmN0aW9ucy90aWNrZXRzKgwIzdWgzwYQgKL9lQEyCG5vZGVqczIyOnYKI2djci5pby9nYWUtcnVudGltZXMvbm9kZWpzMjI6c3RhYmxlEk91cy1jZW50cmFsMS1kb2NrZXIucGtnLmRldi9zZXJ2ZXJsZXNzLXJ1bnRpbWVzL2dvb2dsZS0yMi1mdWxsL3J1bnRpbWVzL25vZGVqczIyQAE= for region us-central1
[info] +  functions[createEmployee(us-central1)] Successful update operation. 
[debug] [2026-04-22T01:56:43.083Z] <<< [apiv2][status] GET https://cloudfunctions.googleapis.com/v2/projects/kottage-v2/locations/us-central1/operations/operation-1776822993057-65002d75478c1-6bbcce2c-580a70d2 200
[debug] [2026-04-22T01:56:43.084Z] <<< [apiv2][body] GET https://cloudfunctions.googleapis.com/v2/projects/kottage-v2/locations/us-central1/operations/operation-1776822993057-65002d75478c1-6bbcce2c-580a70d2 {"name":"projects/kottage-v2/locations/us-central1/operations/operation-1776822993057-65002d75478c1-6bbcce2c-580a70d2","metadata":{"@type":"type.googleapis.com/google.cloud.functions.v2.OperationMetadata","createTime":"2026-04-22T01:56:33.853604287Z","endTime":"2026-04-22T01:56:41.324775083Z","target":"projects/kottage-v2/locations/us-central1/functions/onBookingCreated","verb":"update","cancelRequested":false,"apiVersion":"v2","requestResource":{"@type":"type.googleapis.com/google.cloud.functions.v2.Function","name":"projects/kottage-v2/locations/us-central1/functions/onBookingCreated","buildConfig":{"runtime":"nodejs22","entryPoint":"onBookingCreated","source":{"storageSource":{"bucket":"gcf-v2-sources-850162149337-us-central1","object":"onBookingCreated/function-source.zip","generation":"1776822993804841"}},"environmentVariables":{"GOOGLE_NODE_RUN_SCRIPTS":""},"dockerRepository":"projects/kottage-v2/locations/us-central1/repositories/gcf-artifacts","sourceProvenance":{"resolvedStorageSource":{"bucket":"gcf-v2-sources-850162149337-us-central1","object":"onBookingCreated/function-source.zip","generation":"1754620010959722"}},"dockerRegistry":"ARTIFACT_REGISTRY","sourceToken":"Cldwcm9qZWN0cy84NTAxNjIxNDkzMzcvbG9jYXRpb25zL3VzLWNlbnRyYWwxL2J1aWxkcy9kNjQ2NWVlYi00OGNkLTRmZDktYmNkZi03MTE0NGFmNjQ0MzISYHVzLWNlbnRyYWwxLWRvY2tlci5wa2cuZGV2L2tvdHRhZ2UtdjIvZ2NmLWFydGlmYWN0cy9rb3R0YWdlLS12Ml9fdXMtLWNlbnRyYWwxX190aWNrZXRzOnZlcnNpb25fMRjZz/OM3xgiO3Byb2plY3RzL2tvdHRhZ2UtdjIvbG9jYXRpb25zL3VzLWNlbnRyYWwxL2Z1bmN0aW9ucy90aWNrZXRzKgwIzdWgzwYQgKL9lQEyCG5vZGVqczIyOnYKI2djci5pby9nYWUtcnVudGltZXMvbm9kZWpzMjI6c3RhYmxlEk91cy1jZW50cmFsMS1kb2NrZXIucGtnLmRldi9zZXJ2ZXJsZXNzLXJ1bnRpbWVzL2dvb2dsZS0yMi1mdWxsL3J1bnRpbWVzL25vZGVqczIyQAE=","serviceAccount":"projects/kottage-v2/serviceAccounts/850162149337-compute@developer.gserviceaccount.com","automaticUpdatePolicy":{}},"serviceConfig":{"service":"projects/kottage-v2/locations/us-central1/services/onbookingcreated","timeoutSeconds":60,"environmentVariables":{"FIREBASE_CONFIG":"{\"projectId\":\"kottage-v2\",\"databaseURL\":\"https://kottage-v2-default-rtdb.firebaseio.com\",\"storageBucket\":\"kottage-v2.appspot.com\",\"locationId\":\"us-central\"}","GCLOUD_PROJECT":"kottage-v2","EVENTARC_CLOUD_EVENT_SOURCE":"projects/kottage-v2/locations/us-central1/services/onBookingCreated","FUNCTION_SIGNATURE_TYPE":"cloudevent","FUNCTION_TARGET":"onBookingCreated","LOG_EXECUTION_ID":"true"},"ingressSettings":"ALLOW_ALL","uri":"https://onbookingcreated-cxpwli2maq-uc.a.run.app","serviceAccountEmail":"850162149337-compute@developer.gserviceaccount.com","availableMemory":"256Mi","allTrafficOnLatestRevision":true,"revision":"onbookingcreated-00001-bap","maxInstanceRequestConcurrency":80,"availableCpu":"1"},"eventTrigger":{"trigger":"projects/kottage-v2/locations/us-central1/triggers/onbookingcreated-452417","triggerRegion":"us-central1","eventType":"google.firebase.database.ref.v1.written","eventFilters":[{"attribute":"ref","value":"bookings/{bookingId}","operator":"match-path-pattern"},{"attribute":"instance","value":"*","operator":"match-path-pattern"}],"pubsubTopic":"projects/kottage-v2/topics/eventarc-us-central1-onbookingcreated-452417-558","serviceAccountEmail":"850162149337-compute@developer.gserviceaccount.com","retryPolicy":"RETRY_POLICY_DO_NOT_RETRY"},"state":"ACTIVE","labels":{"deployment-tool":"cli-firebase","firebase-functions-hash":"fa11e580218d160d1d29e6caa6741b69401f3cc4"},"environment":"GEN_2","url":"https://us-central1-kottage-v2.cloudfunctions.net/onBookingCreated","satisfiesPzi":true},"stages":[{"name":"BUILD","message":"Reusing build","state":"COMPLETE","resource":"projects/850162149337/locations/us-central1/builds/d6465eeb-48cd-4fd9-bcdf-71144af64432"},{"name":"SERVICE","message":"Updating Cloud Run service","state":"COMPLETE","resource":"projects/kottage-v2/locations/us-central1/services/onbookingcreated","resourceUri":"https://console.cloud.google.com/run/detail/us-central1/onbookingcreated?project=kottage-v2","stateMessages":[{"severity":"INFO","type":"CloudRunServiceNewRevisionTrafficInfo","message":"A new revision will be deployed serving with 100% traffic."}]},{"name":"TRIGGER","state":"NOT_STARTED"}],"sourceToken":"Cldwcm9qZWN0cy84NTAxNjIxNDkzMzcvbG9jYXRpb25zL3VzLWNlbnRyYWwxL2J1aWxkcy9kNjQ2NWVlYi00OGNkLTRmZDktYmNkZi03MTE0NGFmNjQ0MzISYHVzLWNlbnRyYWwxLWRvY2tlci5wa2cuZGV2L2tvdHRhZ2UtdjIvZ2NmLWFydGlmYWN0cy9rb3R0YWdlLS12Ml9fdXMtLWNlbnRyYWwxX190aWNrZXRzOnZlcnNpb25fMRjZz/OM3xgiO3Byb2plY3RzL2tvdHRhZ2UtdjIvbG9jYXRpb25zL3VzLWNlbnRyYWwxL2Z1bmN0aW9ucy90aWNrZXRzKgwIzdWgzwYQgKL9lQEyCG5vZGVqczIyOnYKI2djci5pby9nYWUtcnVudGltZXMvbm9kZWpzMjI6c3RhYmxlEk91cy1jZW50cmFsMS1kb2NrZXIucGtnLmRldi9zZXJ2ZXJsZXNzLXJ1bnRpbWVzL2dvb2dsZS0yMi1mdWxsL3J1bnRpbWVzL25vZGVqczIyQAE=","operationType":"UPDATE_FUNCTION","buildName":"projects/850162149337/locations/us-central1/builds/d6465eeb-48cd-4fd9-bcdf-71144af64432"},"done":true,"response":{"@type":"type.googleapis.com/google.cloud.functions.v2.Function","name":"projects/kottage-v2/locations/us-central1/functions/onBookingCreated","buildConfig":{"build":"projects/850162149337/locations/us-central1/builds/d6465eeb-48cd-4fd9-bcdf-71144af64432","runtime":"nodejs22","entryPoint":"onBookingCreated","source":{"storageSource":{"bucket":"gcf-v2-sources-850162149337-us-central1","object":"onBookingCreated/function-source.zip","generation":"1776822993804841"}},"environmentVariables":{"GOOGLE_NODE_RUN_SCRIPTS":""},"dockerRepository":"projects/kottage-v2/locations/us-central1/repositories/gcf-artifacts","sourceProvenance":{"resolvedStorageSource":{"bucket":"gcf-v2-sources-850162149337-us-central1","object":"onBookingCreated/function-source.zip","generation":"1776822993804841"}},"dockerRegistry":"ARTIFACT_REGISTRY","serviceAccount":"projects/kottage-v2/serviceAccounts/850162149337-compute@developer.gserviceaccount.com","automaticUpdatePolicy":{}},"serviceConfig":{"service":"projects/kottage-v2/locations/us-central1/services/onbookingcreated","timeoutSeconds":60,"environmentVariables":{"FIREBASE_CONFIG":"{\"projectId\":\"kottage-v2\",\"databaseURL\":\"https://kottage-v2-default-rtdb.firebaseio.com\",\"storageBucket\":\"kottage-v2.appspot.com\",\"locationId\":\"us-central\"}","GCLOUD_PROJECT":"kottage-v2","EVENTARC_CLOUD_EVENT_SOURCE":"projects/kottage-v2/locations/us-central1/services/onBookingCreated","FUNCTION_SIGNATURE_TYPE":"cloudevent","FUNCTION_TARGET":"onBookingCreated","LOG_EXECUTION_ID":"true"},"maxInstanceCount":3,"ingressSettings":"ALLOW_ALL","uri":"https://onbookingcreated-cxpwli2maq-uc.a.run.app","serviceAccountEmail":"850162149337-compute@developer.gserviceaccount.com","availableMemory":"256Mi","allTrafficOnLatestRevision":true,"revision":"onbookingcreated-00002-xap","maxInstanceRequestConcurrency":80,"availableCpu":"1"},"eventTrigger":{"trigger":"projects/kottage-v2/locations/us-central1/triggers/onbookingcreated-452417","triggerRegion":"us-central1","eventType":"google.firebase.database.ref.v1.written","eventFilters":[{"attribute":"ref","value":"bookings/{bookingId}","operator":"match-path-pattern"},{"attribute":"instance","value":"*","operator":"match-path-pattern"}],"pubsubTopic":"projects/kottage-v2/topics/eventarc-us-central1-onbookingcreated-452417-558","serviceAccountEmail":"850162149337-compute@developer.gserviceaccount.com","retryPolicy":"RETRY_POLICY_DO_NOT_RETRY"},"state":"ACTIVE","updateTime":"2026-04-22T01:56:33.855785737Z","labels":{"deployment-tool":"cli-firebase","firebase-functions-hash":"fa11e580218d160d1d29e6caa6741b69401f3cc4"},"environment":"GEN_2","url":"https://us-central1-kottage-v2.cloudfunctions.net/onBookingCreated","createTime":"2025-08-08T02:26:51.395467263Z","satisfiesPzi":true}}
[debug] [2026-04-22T01:56:43.084Z] Got source token Cldwcm9qZWN0cy84NTAxNjIxNDkzMzcvbG9jYXRpb25zL3VzLWNlbnRyYWwxL2J1aWxkcy9kNjQ2NWVlYi00OGNkLTRmZDktYmNkZi03MTE0NGFmNjQ0MzISYHVzLWNlbnRyYWwxLWRvY2tlci5wa2cuZGV2L2tvdHRhZ2UtdjIvZ2NmLWFydGlmYWN0cy9rb3R0YWdlLS12Ml9fdXMtLWNlbnRyYWwxX190aWNrZXRzOnZlcnNpb25fMRjZz/OM3xgiO3Byb2plY3RzL2tvdHRhZ2UtdjIvbG9jYXRpb25zL3VzLWNlbnRyYWwxL2Z1bmN0aW9ucy90aWNrZXRzKgwIzdWgzwYQgKL9lQEyCG5vZGVqczIyOnYKI2djci5pby9nYWUtcnVudGltZXMvbm9kZWpzMjI6c3RhYmxlEk91cy1jZW50cmFsMS1kb2NrZXIucGtnLmRldi9zZXJ2ZXJsZXNzLXJ1bnRpbWVzL2dvb2dsZS0yMi1mdWxsL3J1bnRpbWVzL25vZGVqczIyQAE= for region us-central1
[info] +  functions[onBookingCreated(us-central1)] Successful update operation. 
[debug] [2026-04-22T01:56:43.143Z] <<< [apiv2][status] GET https://cloudfunctions.googleapis.com/v2/projects/kottage-v2/locations/us-central1/operations/operation-1776822993093-65002d75502e7-709a6f82-39581ff4 200
[debug] [2026-04-22T01:56:43.143Z] <<< [apiv2][body] GET https://cloudfunctions.googleapis.com/v2/projects/kottage-v2/locations/us-central1/operations/operation-1776822993093-65002d75502e7-709a6f82-39581ff4 {"name":"projects/kottage-v2/locations/us-central1/operations/operation-1776822993093-65002d75502e7-709a6f82-39581ff4","metadata":{"@type":"type.googleapis.com/google.cloud.functions.v2.OperationMetadata","createTime":"2026-04-22T01:56:33.888680515Z","endTime":"2026-04-22T01:56:40.150418062Z","target":"projects/kottage-v2/locations/us-central1/functions/searchEmployees","verb":"update","cancelRequested":false,"apiVersion":"v2","requestResource":{"@type":"type.googleapis.com/google.cloud.functions.v2.Function","name":"projects/kottage-v2/locations/us-central1/functions/searchEmployees","buildConfig":{"runtime":"nodejs22","entryPoint":"searchEmployees","source":{"storageSource":{"bucket":"gcf-v2-sources-850162149337-us-central1","object":"searchEmployees/function-source.zip","generation":"1776822993838652"}},"environmentVariables":{"GOOGLE_NODE_RUN_SCRIPTS":""},"dockerRepository":"projects/kottage-v2/locations/us-central1/repositories/gcf-artifacts","sourceProvenance":{"resolvedStorageSource":{"bucket":"gcf-v2-sources-850162149337-us-central1","object":"searchEmployees/function-source.zip","generation":"1754620011383725"}},"dockerRegistry":"ARTIFACT_REGISTRY","sourceToken":"Cldwcm9qZWN0cy84NTAxNjIxNDkzMzcvbG9jYXRpb25zL3VzLWNlbnRyYWwxL2J1aWxkcy9kNjQ2NWVlYi00OGNkLTRmZDktYmNkZi03MTE0NGFmNjQ0MzISYHVzLWNlbnRyYWwxLWRvY2tlci5wa2cuZGV2L2tvdHRhZ2UtdjIvZ2NmLWFydGlmYWN0cy9rb3R0YWdlLS12Ml9fdXMtLWNlbnRyYWwxX190aWNrZXRzOnZlcnNpb25fMRjZz/OM3xgiO3Byb2plY3RzL2tvdHRhZ2UtdjIvbG9jYXRpb25zL3VzLWNlbnRyYWwxL2Z1bmN0aW9ucy90aWNrZXRzKgwIzdWgzwYQgKL9lQEyCG5vZGVqczIyOnYKI2djci5pby9nYWUtcnVudGltZXMvbm9kZWpzMjI6c3RhYmxlEk91cy1jZW50cmFsMS1kb2NrZXIucGtnLmRldi9zZXJ2ZXJsZXNzLXJ1bnRpbWVzL2dvb2dsZS0yMi1mdWxsL3J1bnRpbWVzL25vZGVqczIyQAE=","serviceAccount":"projects/kottage-v2/serviceAccounts/850162149337-compute@developer.gserviceaccount.com","automaticUpdatePolicy":{}},"serviceConfig":{"service":"projects/kottage-v2/locations/us-central1/services/searchemployees","timeoutSeconds":60,"environmentVariables":{"FIREBASE_CONFIG":"{\"projectId\":\"kottage-v2\",\"databaseURL\":\"https://kottage-v2-default-rtdb.firebaseio.com\",\"storageBucket\":\"kottage-v2.appspot.com\",\"locationId\":\"us-central\"}","GCLOUD_PROJECT":"kottage-v2","EVENTARC_CLOUD_EVENT_SOURCE":"projects/kottage-v2/locations/us-central1/services/searchEmployees","FUNCTION_TARGET":"searchEmployees","LOG_EXECUTION_ID":"true","FUNCTION_SIGNATURE_TYPE":"http"},"ingressSettings":"ALLOW_ALL","uri":"https://searchemployees-cxpwli2maq-uc.a.run.app","serviceAccountEmail":"850162149337-compute@developer.gserviceaccount.com","availableMemory":"256Mi","allTrafficOnLatestRevision":true,"revision":"searchemployees-00016-xaz","maxInstanceRequestConcurrency":80,"availableCpu":"1"},"state":"ACTIVE","labels":{"deployment-tool":"cli-firebase","deployment-callable":"true","firebase-functions-hash":"fa11e580218d160d1d29e6caa6741b69401f3cc4"},"environment":"GEN_2","url":"https://us-central1-kottage-v2.cloudfunctions.net/searchEmployees","satisfiesPzi":true},"stages":[{"name":"BUILD","message":"Reusing build","state":"COMPLETE","resource":"projects/850162149337/locations/us-central1/builds/d6465eeb-48cd-4fd9-bcdf-71144af64432"},{"name":"SERVICE","message":"Updating Cloud Run service","state":"COMPLETE","resource":"projects/kottage-v2/locations/us-central1/services/searchemployees","resourceUri":"https://console.cloud.google.com/run/detail/us-central1/searchemployees?project=kottage-v2","stateMessages":[{"severity":"INFO","type":"CloudRunServiceNewRevisionTrafficInfo","message":"A new revision will be deployed serving with 100% traffic."}]}],"sourceToken":"Cldwcm9qZWN0cy84NTAxNjIxNDkzMzcvbG9jYXRpb25zL3VzLWNlbnRyYWwxL2J1aWxkcy9kNjQ2NWVlYi00OGNkLTRmZDktYmNkZi03MTE0NGFmNjQ0MzISYHVzLWNlbnRyYWwxLWRvY2tlci5wa2cuZGV2L2tvdHRhZ2UtdjIvZ2NmLWFydGlmYWN0cy9rb3R0YWdlLS12Ml9fdXMtLWNlbnRyYWwxX190aWNrZXRzOnZlcnNpb25fMRjZz/OM3xgiO3Byb2plY3RzL2tvdHRhZ2UtdjIvbG9jYXRpb25zL3VzLWNlbnRyYWwxL2Z1bmN0aW9ucy90aWNrZXRzKgwIzdWgzwYQgKL9lQEyCG5vZGVqczIyOnYKI2djci5pby9nYWUtcnVudGltZXMvbm9kZWpzMjI6c3RhYmxlEk91cy1jZW50cmFsMS1kb2NrZXIucGtnLmRldi9zZXJ2ZXJsZXNzLXJ1bnRpbWVzL2dvb2dsZS0yMi1mdWxsL3J1bnRpbWVzL25vZGVqczIyQAE=","operationType":"UPDATE_FUNCTION","buildName":"projects/850162149337/locations/us-central1/builds/d6465eeb-48cd-4fd9-bcdf-71144af64432"},"done":true,"response":{"@type":"type.googleapis.com/google.cloud.functions.v2.Function","name":"projects/kottage-v2/locations/us-central1/functions/searchEmployees","buildConfig":{"build":"projects/850162149337/locations/us-central1/builds/d6465eeb-48cd-4fd9-bcdf-71144af64432","runtime":"nodejs22","entryPoint":"searchEmployees","source":{"storageSource":{"bucket":"gcf-v2-sources-850162149337-us-central1","object":"searchEmployees/function-source.zip","generation":"1776822993838652"}},"environmentVariables":{"GOOGLE_NODE_RUN_SCRIPTS":""},"dockerRepository":"projects/kottage-v2/locations/us-central1/repositories/gcf-artifacts","sourceProvenance":{"resolvedStorageSource":{"bucket":"gcf-v2-sources-850162149337-us-central1","object":"searchEmployees/function-source.zip","generation":"1776822993838652"}},"dockerRegistry":"ARTIFACT_REGISTRY","serviceAccount":"projects/kottage-v2/serviceAccounts/850162149337-compute@developer.gserviceaccount.com","automaticUpdatePolicy":{}},"serviceConfig":{"service":"projects/kottage-v2/locations/us-central1/services/searchemployees","timeoutSeconds":60,"environmentVariables":{"FIREBASE_CONFIG":"{\"projectId\":\"kottage-v2\",\"databaseURL\":\"https://kottage-v2-default-rtdb.firebaseio.com\",\"storageBucket\":\"kottage-v2.appspot.com\",\"locationId\":\"us-central\"}","GCLOUD_PROJECT":"kottage-v2","EVENTARC_CLOUD_EVENT_SOURCE":"projects/kottage-v2/locations/us-central1/services/searchEmployees","FUNCTION_TARGET":"searchEmployees","LOG_EXECUTION_ID":"true","FUNCTION_SIGNATURE_TYPE":"http"},"maxInstanceCount":3,"ingressSettings":"ALLOW_ALL","uri":"https://searchemployees-cxpwli2maq-uc.a.run.app","serviceAccountEmail":"850162149337-compute@developer.gserviceaccount.com","availableMemory":"256Mi","allTrafficOnLatestRevision":true,"revision":"searchemployees-00017-cop","maxInstanceRequestConcurrency":80,"availableCpu":"1"},"state":"ACTIVE","updateTime":"2026-04-22T01:56:33.891690176Z","labels":{"deployment-callable":"true","firebase-functions-hash":"fa11e580218d160d1d29e6caa6741b69401f3cc4","deployment-tool":"cli-firebase"},"environment":"GEN_2","url":"https://us-central1-kottage-v2.cloudfunctions.net/searchEmployees","createTime":"2025-07-19T10:11:38.871824472Z","satisfiesPzi":true}}
[debug] [2026-04-22T01:56:43.143Z] Got source token Cldwcm9qZWN0cy84NTAxNjIxNDkzMzcvbG9jYXRpb25zL3VzLWNlbnRyYWwxL2J1aWxkcy9kNjQ2NWVlYi00OGNkLTRmZDktYmNkZi03MTE0NGFmNjQ0MzISYHVzLWNlbnRyYWwxLWRvY2tlci5wa2cuZGV2L2tvdHRhZ2UtdjIvZ2NmLWFydGlmYWN0cy9rb3R0YWdlLS12Ml9fdXMtLWNlbnRyYWwxX190aWNrZXRzOnZlcnNpb25fMRjZz/OM3xgiO3Byb2plY3RzL2tvdHRhZ2UtdjIvbG9jYXRpb25zL3VzLWNlbnRyYWwxL2Z1bmN0aW9ucy90aWNrZXRzKgwIzdWgzwYQgKL9lQEyCG5vZGVqczIyOnYKI2djci5pby9nYWUtcnVudGltZXMvbm9kZWpzMjI6c3RhYmxlEk91cy1jZW50cmFsMS1kb2NrZXIucGtnLmRldi9zZXJ2ZXJsZXNzLXJ1bnRpbWVzL2dvb2dsZS0yMi1mdWxsL3J1bnRpbWVzL25vZGVqczIyQAE= for region us-central1
[info] +  functions[searchEmployees(us-central1)] Successful update operation. 
[debug] [2026-04-22T01:56:43.145Z] [create-default-us-central1-tickets] Retrying task index 0
[debug] [2026-04-22T01:56:43.145Z] Checked if tokens are valid: true, expires at: 1776826494244
[debug] [2026-04-22T01:56:43.145Z] Checked if tokens are valid: true, expires at: 1776826494244
[debug] [2026-04-22T01:56:43.145Z] >>> [apiv2][query] GET https://cloudfunctions.googleapis.com/v2/projects/kottage-v2/locations/us-central1/operations/operation-1776822932940-65002d3bf26bd-24de7050-c9b987bb [none]
[debug] [2026-04-22T01:56:43.338Z] <<< [apiv2][status] GET https://compute.googleapis.com/compute/v1/projects/850162149337 403
[debug] [2026-04-22T01:56:43.338Z] <<< [apiv2][body] GET https://compute.googleapis.com/compute/v1/projects/850162149337 {"error":{"code":403,"message":"Compute Engine API has not been used in project 850162149337 before or it is disabled. Enable it by visiting https://console.developers.google.com/apis/api/compute.googleapis.com/overview?project=850162149337 then retry. If you enabled this API recently, wait a few minutes for the action to propagate to our systems and retry.","errors":[{"message":"Compute Engine API has not been used in project 850162149337 before or it is disabled. Enable it by visiting https://console.developers.google.com/apis/api/compute.googleapis.com/overview?project=850162149337 then retry. If you enabled this API recently, wait a few minutes for the action to propagate to our systems and retry.","domain":"usageLimits","reason":"accessNotConfigured","extendedHelp":"https://console.developers.google.com"}],"status":"PERMISSION_DENIED","details":[{"@type":"type.googleapis.com/google.rpc.ErrorInfo","reason":"SERVICE_DISABLED","domain":"googleapis.com","metadata":{"activationUrl":"https://console.developers.google.com/apis/api/compute.googleapis.com/overview?project=850162149337","containerInfo":"850162149337","service":"compute.googleapis.com","serviceTitle":"Compute Engine API","consumer":"projects/850162149337"}},{"@type":"type.googleapis.com/google.rpc.LocalizedMessage","locale":"en-US","message":"Compute Engine API has not been used in project 850162149337 before or it is disabled. Enable it by visiting https://console.developers.google.com/apis/api/compute.googleapis.com/overview?project=850162149337 then retry. If you enabled this API recently, wait a few minutes for the action to propagate to our systems and retry."},{"@type":"type.googleapis.com/google.rpc.Help","links":[{"description":"Google developers console API activation","url":"https://console.developers.google.com/apis/api/compute.googleapis.com/overview?project=850162149337"}]}]}}
[debug] [2026-04-22T01:56:43.338Z] unable to look up default compute service account. Falling back to 850162149337-compute@developer.gserviceaccount.com. Error: {"name":"FirebaseError","children":[],"context":{"body":{"error":{"code":403,"message":"Compute Engine API has not been used in project 850162149337 before or it is disabled. Enable it by visiting https://console.developers.google.com/apis/api/compute.googleapis.com/overview?project=850162149337 then retry. If you enabled this API recently, wait a few minutes for the action to propagate to our systems and retry.","errors":[{"message":"Compute Engine API has not been used in project 850162149337 before or it is disabled. Enable it by visiting https://console.developers.google.com/apis/api/compute.googleapis.com/overview?project=850162149337 then retry. If you enabled this API recently, wait a few minutes for the action to propagate to our systems and retry.","domain":"usageLimits","reason":"accessNotConfigured","extendedHelp":"https://console.developers.google.com"}],"status":"PERMISSION_DENIED","details":[{"@type":"type.googleapis.com/google.rpc.ErrorInfo","reason":"SERVICE_DISABLED","domain":"googleapis.com","metadata":{"activationUrl":"https://console.developers.google.com/apis/api/compute.googleapis.com/overview?project=850162149337","containerInfo":"850162149337","service":"compute.googleapis.com","serviceTitle":"Compute Engine API","consumer":"projects/850162149337"}},{"@type":"type.googleapis.com/google.rpc.LocalizedMessage","locale":"en-US","message":"Compute Engine API has not been used in project 850162149337 before or it is disabled. Enable it by visiting https://console.developers.google.com/apis/api/compute.googleapis.com/overview?project=850162149337 then retry. If you enabled this API recently, wait a few minutes for the action to propagate to our systems and retry."},{"@type":"type.googleapis.com/google.rpc.Help","links":[{"description":"Google developers console API activation","url":"https://console.developers.google.com/apis/api/compute.googleapis.com/overview?project=850162149337"}]}]}},"response":{"statusCode":403}},"exit":1,"message":"Request to https://compute.googleapis.com/compute/v1/projects/850162149337 had HTTP Error: 403, Compute Engine API has not been used in project 850162149337 before or it is disabled. Enable it by visiting https://console.developers.google.com/apis/api/compute.googleapis.com/overview?project=850162149337 then retry. If you enabled this API recently, wait a few minutes for the action to propagate to our systems and retry.","status":403}
[debug] [2026-04-22T01:56:43.339Z] Checked if tokens are valid: true, expires at: 1776826494244
[debug] [2026-04-22T01:56:43.339Z] Checked if tokens are valid: true, expires at: 1776826494244
[debug] [2026-04-22T01:56:43.340Z] >>> [apiv2][query] GET https://run.googleapis.com/v1/projects/kottage-v2/locations/us-central1/services/updatepopularityscores:getIamPolicy [none]
[debug] [2026-04-22T01:56:43.429Z] <<< [apiv2][status] GET https://cloudfunctions.googleapis.com/v2/projects/kottage-v2/locations/us-central1/operations/operation-1776822932940-65002d3bf26bd-24de7050-c9b987bb 200
[debug] [2026-04-22T01:56:43.430Z] <<< [apiv2][body] GET https://cloudfunctions.googleapis.com/v2/projects/kottage-v2/locations/us-central1/operations/operation-1776822932940-65002d3bf26bd-24de7050-c9b987bb {"name":"projects/kottage-v2/locations/us-central1/operations/operation-1776822932940-65002d3bf26bd-24de7050-c9b987bb","metadata":{"@type":"type.googleapis.com/google.cloud.functions.v2.OperationMetadata","createTime":"2026-04-22T01:55:33.536452759Z","endTime":"2026-04-22T01:56:38.849292462Z","target":"projects/kottage-v2/locations/us-central1/functions/tickets","verb":"create","cancelRequested":false,"apiVersion":"v2","requestResource":{"@type":"type.googleapis.com/google.cloud.functions.v2.Function","name":"projects/kottage-v2/locations/us-central1/functions/tickets","buildConfig":{"runtime":"nodejs22","entryPoint":"tickets","source":{"storageSource":{"bucket":"gcf-v2-sources-850162149337-us-central1","object":"tickets/function-source.zip","generation":"1776822933242619"}},"environmentVariables":{"GOOGLE_NODE_RUN_SCRIPTS":""},"serviceAccount":"projects/kottage-v2/serviceAccounts/850162149337-compute@developer.gserviceaccount.com","automaticUpdatePolicy":{}},"serviceConfig":{"service":"projects/kottage-v2/locations/us-central1/services/tickets","timeoutSeconds":60,"environmentVariables":{"FIREBASE_CONFIG":"{\"projectId\":\"kottage-v2\",\"databaseURL\":\"https://kottage-v2-default-rtdb.firebaseio.com\",\"storageBucket\":\"kottage-v2.appspot.com\",\"locationId\":\"us-central\"}","GCLOUD_PROJECT":"kottage-v2","EVENTARC_CLOUD_EVENT_SOURCE":"projects/kottage-v2/locations/us-central1/services/tickets","FUNCTION_TARGET":"tickets","LOG_EXECUTION_ID":"true"},"ingressSettings":"ALLOW_ALL","serviceAccountEmail":"850162149337-compute@developer.gserviceaccount.com","availableMemory":"256Mi","maxInstanceRequestConcurrency":80,"availableCpu":"1"},"labels":{"deployment-tool":"cli-firebase","firebase-functions-hash":"fa11e580218d160d1d29e6caa6741b69401f3cc4"},"environment":"GEN_2"},"stages":[{"name":"BUILD","message":"Build finished","state":"COMPLETE","resource":"projects/850162149337/locations/us-central1/builds/d6465eeb-48cd-4fd9-bcdf-71144af64432","resourceUri":"https://console.cloud.google.com/cloud-build/builds;region=us-central1/d6465eeb-48cd-4fd9-bcdf-71144af64432?project=850162149337"},{"name":"SERVICE","message":"Creating Cloud Run service","state":"COMPLETE","resource":"projects/kottage-v2/locations/us-central1/services/tickets","resourceUri":"https://console.cloud.google.com/run/detail/us-central1/tickets?project=kottage-v2"}],"sourceToken":"Cldwcm9qZWN0cy84NTAxNjIxNDkzMzcvbG9jYXRpb25zL3VzLWNlbnRyYWwxL2J1aWxkcy9kNjQ2NWVlYi00OGNkLTRmZDktYmNkZi03MTE0NGFmNjQ0MzISYHVzLWNlbnRyYWwxLWRvY2tlci5wa2cuZGV2L2tvdHRhZ2UtdjIvZ2NmLWFydGlmYWN0cy9rb3R0YWdlLS12Ml9fdXMtLWNlbnRyYWwxX190aWNrZXRzOnZlcnNpb25fMRjZz/OM3xgiO3Byb2plY3RzL2tvdHRhZ2UtdjIvbG9jYXRpb25zL3VzLWNlbnRyYWwxL2Z1bmN0aW9ucy90aWNrZXRzKgwIzdWgzwYQgKL9lQEyCG5vZGVqczIyOnYKI2djci5pby9nYWUtcnVudGltZXMvbm9kZWpzMjI6c3RhYmxlEk91cy1jZW50cmFsMS1kb2NrZXIucGtnLmRldi9zZXJ2ZXJsZXNzLXJ1bnRpbWVzL2dvb2dsZS0yMi1mdWxsL3J1bnRpbWVzL25vZGVqczIyQAE=","operationType":"CREATE_FUNCTION","buildName":"projects/850162149337/locations/us-central1/builds/d6465eeb-48cd-4fd9-bcdf-71144af64432"},"done":true,"response":{"@type":"type.googleapis.com/google.cloud.functions.v2.Function","name":"projects/kottage-v2/locations/us-central1/functions/tickets","buildConfig":{"build":"projects/850162149337/locations/us-central1/builds/d6465eeb-48cd-4fd9-bcdf-71144af64432","runtime":"nodejs22","entryPoint":"tickets","source":{"storageSource":{"bucket":"gcf-v2-sources-850162149337-us-central1","object":"tickets/function-source.zip","generation":"1776822933242619"}},"environmentVariables":{"GOOGLE_NODE_RUN_SCRIPTS":""},"dockerRepository":"projects/kottage-v2/locations/us-central1/repositories/gcf-artifacts","sourceProvenance":{"resolvedStorageSource":{"bucket":"gcf-v2-sources-850162149337-us-central1","object":"tickets/function-source.zip","generation":"1776822933242619"}},"dockerRegistry":"ARTIFACT_REGISTRY","serviceAccount":"projects/kottage-v2/serviceAccounts/850162149337-compute@developer.gserviceaccount.com","automaticUpdatePolicy":{}},"serviceConfig":{"service":"projects/kottage-v2/locations/us-central1/services/tickets","timeoutSeconds":60,"environmentVariables":{"FIREBASE_CONFIG":"{\"projectId\":\"kottage-v2\",\"databaseURL\":\"https://kottage-v2-default-rtdb.firebaseio.com\",\"storageBucket\":\"kottage-v2.appspot.com\",\"locationId\":\"us-central\"}","GCLOUD_PROJECT":"kottage-v2","EVENTARC_CLOUD_EVENT_SOURCE":"projects/kottage-v2/locations/us-central1/services/tickets","FUNCTION_TARGET":"tickets","LOG_EXECUTION_ID":"true"},"ingressSettings":"ALLOW_ALL","uri":"https://tickets-cxpwli2maq-uc.a.run.app","serviceAccountEmail":"850162149337-compute@developer.gserviceaccount.com","availableMemory":"256Mi","allTrafficOnLatestRevision":true,"revision":"tickets-00001-mus","maxInstanceRequestConcurrency":80,"availableCpu":"1"},"state":"ACTIVE","updateTime":"2026-04-22T01:55:33.530213310Z","labels":{"firebase-functions-hash":"fa11e580218d160d1d29e6caa6741b69401f3cc4","deployment-tool":"cli-firebase"},"environment":"GEN_2","url":"https://us-central1-kottage-v2.cloudfunctions.net/tickets","createTime":"2026-04-22T01:55:33.530213310Z","satisfiesPzi":true}}
[debug] [2026-04-22T01:56:43.430Z] Got source token Cldwcm9qZWN0cy84NTAxNjIxNDkzMzcvbG9jYXRpb25zL3VzLWNlbnRyYWwxL2J1aWxkcy9kNjQ2NWVlYi00OGNkLTRmZDktYmNkZi03MTE0NGFmNjQ0MzISYHVzLWNlbnRyYWwxLWRvY2tlci5wa2cuZGV2L2tvdHRhZ2UtdjIvZ2NmLWFydGlmYWN0cy9rb3R0YWdlLS12Ml9fdXMtLWNlbnRyYWwxX190aWNrZXRzOnZlcnNpb25fMRjZz/OM3xgiO3Byb2plY3RzL2tvdHRhZ2UtdjIvbG9jYXRpb25zL3VzLWNlbnRyYWwxL2Z1bmN0aW9ucy90aWNrZXRzKgwIzdWgzwYQgKL9lQEyCG5vZGVqczIyOnYKI2djci5pby9nYWUtcnVudGltZXMvbm9kZWpzMjI6c3RhYmxlEk91cy1jZW50cmFsMS1kb2NrZXIucGtnLmRldi9zZXJ2ZXJsZXNzLXJ1bnRpbWVzL2dvb2dsZS0yMi1mdWxsL3J1bnRpbWVzL25vZGVqczIyQAE= for region us-central1
[debug] [2026-04-22T01:56:43.431Z] Checked if tokens are valid: true, expires at: 1776826494244
[debug] [2026-04-22T01:56:43.431Z] Checked if tokens are valid: true, expires at: 1776826494244
[debug] [2026-04-22T01:56:43.431Z] >>> [apiv2][query] POST https://run.googleapis.com/v1/projects/kottage-v2/locations/us-central1/services/tickets:setIamPolicy [none]
[debug] [2026-04-22T01:56:43.431Z] >>> [apiv2][body] POST https://run.googleapis.com/v1/projects/kottage-v2/locations/us-central1/services/tickets:setIamPolicy {"policy":{"bindings":[{"role":"roles/run.invoker","members":["allUsers"]}],"etag":"","version":3},"updateMask":"bindings,etag,version"}
[debug] [2026-04-22T01:56:43.876Z] <<< [apiv2][status] GET https://run.googleapis.com/v1/projects/kottage-v2/locations/us-central1/services/updatepopularityscores:getIamPolicy 200
[debug] [2026-04-22T01:56:43.877Z] <<< [apiv2][body] GET https://run.googleapis.com/v1/projects/kottage-v2/locations/us-central1/services/updatepopularityscores:getIamPolicy {"version":1,"etag":"BwY70U8PP7U=","bindings":[{"role":"roles/run.invoker","members":["serviceAccount:850162149337-compute@developer.gserviceaccount.com"]}]}
[debug] [2026-04-22T01:56:43.877Z] Checked if tokens are valid: true, expires at: 1776826494244
[debug] [2026-04-22T01:56:43.878Z] Checked if tokens are valid: true, expires at: 1776826494244
[debug] [2026-04-22T01:56:43.878Z] >>> [apiv2][query] GET https://compute.googleapis.com/compute/v1/projects/850162149337 [none]
[debug] [2026-04-22T01:56:43.993Z] <<< [apiv2][status] GET https://compute.googleapis.com/compute/v1/projects/850162149337 403
[debug] [2026-04-22T01:56:43.993Z] <<< [apiv2][body] GET https://compute.googleapis.com/compute/v1/projects/850162149337 {"error":{"code":403,"message":"Compute Engine API has not been used in project 850162149337 before or it is disabled. Enable it by visiting https://console.developers.google.com/apis/api/compute.googleapis.com/overview?project=850162149337 then retry. If you enabled this API recently, wait a few minutes for the action to propagate to our systems and retry.","errors":[{"message":"Compute Engine API has not been used in project 850162149337 before or it is disabled. Enable it by visiting https://console.developers.google.com/apis/api/compute.googleapis.com/overview?project=850162149337 then retry. If you enabled this API recently, wait a few minutes for the action to propagate to our systems and retry.","domain":"usageLimits","reason":"accessNotConfigured","extendedHelp":"https://console.developers.google.com"}],"status":"PERMISSION_DENIED","details":[{"@type":"type.googleapis.com/google.rpc.ErrorInfo","reason":"SERVICE_DISABLED","domain":"googleapis.com","metadata":{"service":"compute.googleapis.com","consumer":"projects/850162149337","activationUrl":"https://console.developers.google.com/apis/api/compute.googleapis.com/overview?project=850162149337","containerInfo":"850162149337","serviceTitle":"Compute Engine API"}},{"@type":"type.googleapis.com/google.rpc.LocalizedMessage","locale":"en-US","message":"Compute Engine API has not been used in project 850162149337 before or it is disabled. Enable it by visiting https://console.developers.google.com/apis/api/compute.googleapis.com/overview?project=850162149337 then retry. If you enabled this API recently, wait a few minutes for the action to propagate to our systems and retry."},{"@type":"type.googleapis.com/google.rpc.Help","links":[{"description":"Google developers console API activation","url":"https://console.developers.google.com/apis/api/compute.googleapis.com/overview?project=850162149337"}]}]}}
[debug] [2026-04-22T01:56:43.993Z] unable to look up default compute service account. Falling back to 850162149337-compute@developer.gserviceaccount.com. Error: {"name":"FirebaseError","children":[],"context":{"body":{"error":{"code":403,"message":"Compute Engine API has not been used in project 850162149337 before or it is disabled. Enable it by visiting https://console.developers.google.com/apis/api/compute.googleapis.com/overview?project=850162149337 then retry. If you enabled this API recently, wait a few minutes for the action to propagate to our systems and retry.","errors":[{"message":"Compute Engine API has not been used in project 850162149337 before or it is disabled. Enable it by visiting https://console.developers.google.com/apis/api/compute.googleapis.com/overview?project=850162149337 then retry. If you enabled this API recently, wait a few minutes for the action to propagate to our systems and retry.","domain":"usageLimits","reason":"accessNotConfigured","extendedHelp":"https://console.developers.google.com"}],"status":"PERMISSION_DENIED","details":[{"@type":"type.googleapis.com/google.rpc.ErrorInfo","reason":"SERVICE_DISABLED","domain":"googleapis.com","metadata":{"service":"compute.googleapis.com","consumer":"projects/850162149337","activationUrl":"https://console.developers.google.com/apis/api/compute.googleapis.com/overview?project=850162149337","containerInfo":"850162149337","serviceTitle":"Compute Engine API"}},{"@type":"type.googleapis.com/google.rpc.LocalizedMessage","locale":"en-US","message":"Compute Engine API has not been used in project 850162149337 before or it is disabled. Enable it by visiting https://console.developers.google.com/apis/api/compute.googleapis.com/overview?project=850162149337 then retry. If you enabled this API recently, wait a few minutes for the action to propagate to our systems and retry."},{"@type":"type.googleapis.com/google.rpc.Help","links":[{"description":"Google developers console API activation","url":"https://console.developers.google.com/apis/api/compute.googleapis.com/overview?project=850162149337"}]}]}},"response":{"statusCode":403}},"exit":1,"message":"Request to https://compute.googleapis.com/compute/v1/projects/850162149337 had HTTP Error: 403, Compute Engine API has not been used in project 850162149337 before or it is disabled. Enable it by visiting https://console.developers.google.com/apis/api/compute.googleapis.com/overview?project=850162149337 then retry. If you enabled this API recently, wait a few minutes for the action to propagate to our systems and retry.","status":403}
[debug] [2026-04-22T01:56:43.993Z] Checked if tokens are valid: true, expires at: 1776826494244
[debug] [2026-04-22T01:56:43.993Z] Checked if tokens are valid: true, expires at: 1776826494244
[debug] [2026-04-22T01:56:43.993Z] >>> [apiv2][query] GET https://cloudscheduler.googleapis.com/v1/projects/kottage-v2/locations/us-central1/jobs/firebase-schedule-updatePopularityScores-us-central1 [none]
[debug] [2026-04-22T01:56:44.040Z] <<< [apiv2][status] POST https://run.googleapis.com/v1/projects/kottage-v2/locations/us-central1/services/tickets:setIamPolicy 200
[debug] [2026-04-22T01:56:44.040Z] <<< [apiv2][body] POST https://run.googleapis.com/v1/projects/kottage-v2/locations/us-central1/services/tickets:setIamPolicy {"version":1,"etag":"BwZQAtf00JQ=","bindings":[{"role":"roles/run.invoker","members":["allUsers"]}]}
[info] +  functions[tickets(us-central1)] Successful create operation. 
[debug] [2026-04-22T01:56:44.375Z] <<< [apiv2][status] GET https://cloudscheduler.googleapis.com/v1/projects/kottage-v2/locations/us-central1/jobs/firebase-schedule-updatePopularityScores-us-central1 200
[debug] [2026-04-22T01:56:44.375Z] <<< [apiv2][body] GET https://cloudscheduler.googleapis.com/v1/projects/kottage-v2/locations/us-central1/jobs/firebase-schedule-updatePopularityScores-us-central1 {"name":"projects/kottage-v2/locations/us-central1/jobs/firebase-schedule-updatePopularityScores-us-central1","httpTarget":{"uri":"https://us-central1-kottage-v2.cloudfunctions.net/updatePopularityScores","httpMethod":"POST","headers":{"User-Agent":"Google-Cloud-Scheduler"},"oidcToken":{"serviceAccountEmail":"850162149337-compute@developer.gserviceaccount.com","audience":"https://us-central1-kottage-v2.cloudfunctions.net/updatePopularityScores"}},"userUpdateTime":"2025-08-08T02:27:03Z","state":"ENABLED","status":{},"scheduleTime":"2026-04-22T07:00:00.010506Z","lastAttemptTime":"2026-04-21T07:00:00.983794Z","schedule":"0 2 * * *","timeZone":"America/Jamaica","attemptDeadline":"180s"}
[debug] [2026-04-22T01:56:44.375Z] scheduler job firebase-schedule-updatePopularityScores-us-central1 is up to date, no changes required
[info] +  functions[updatePopularityScores(us-central1)] Successful update operation. 
[debug] [2026-04-22T01:56:51.031Z] [update-default-us-central1-getEmployees] Retrying task index 0
[debug] [2026-04-22T01:56:51.031Z] Checked if tokens are valid: true, expires at: 1776826494244
[debug] [2026-04-22T01:56:51.031Z] Checked if tokens are valid: true, expires at: 1776826494244
[debug] [2026-04-22T01:56:51.031Z] >>> [apiv2][query] GET https://cloudfunctions.googleapis.com/v2/projects/kottage-v2/locations/us-central1/operations/operation-1776822993042-65002d7543db2-deba3334-ad85e91c [none]
[debug] [2026-04-22T01:56:51.049Z] [update-default-us-central1-trackUserInteraction] Retrying task index 0
[debug] [2026-04-22T01:56:51.049Z] Checked if tokens are valid: true, expires at: 1776826494244
[debug] [2026-04-22T01:56:51.049Z] Checked if tokens are valid: true, expires at: 1776826494244
[debug] [2026-04-22T01:56:51.049Z] >>> [apiv2][query] GET https://cloudfunctions.googleapis.com/v2/projects/kottage-v2/locations/us-central1/operations/operation-1776822993062-65002d7548bcf-671d4a50-aa290b30 [none]
[debug] [2026-04-22T01:56:51.352Z] <<< [apiv2][status] GET https://cloudfunctions.googleapis.com/v2/projects/kottage-v2/locations/us-central1/operations/operation-1776822993042-65002d7543db2-deba3334-ad85e91c 200
[debug] [2026-04-22T01:56:51.352Z] <<< [apiv2][body] GET https://cloudfunctions.googleapis.com/v2/projects/kottage-v2/locations/us-central1/operations/operation-1776822993042-65002d7543db2-deba3334-ad85e91c {"name":"projects/kottage-v2/locations/us-central1/operations/operation-1776822993042-65002d7543db2-deba3334-ad85e91c","metadata":{"@type":"type.googleapis.com/google.cloud.functions.v2.OperationMetadata","createTime":"2026-04-22T01:56:33.805214706Z","endTime":"2026-04-22T01:56:42.750432502Z","target":"projects/kottage-v2/locations/us-central1/functions/getEmployees","verb":"update","cancelRequested":false,"apiVersion":"v2","requestResource":{"@type":"type.googleapis.com/google.cloud.functions.v2.Function","name":"projects/kottage-v2/locations/us-central1/functions/getEmployees","buildConfig":{"runtime":"nodejs22","entryPoint":"getEmployees","source":{"storageSource":{"bucket":"gcf-v2-sources-850162149337-us-central1","object":"getEmployees/function-source.zip","generation":"1776822993752759"}},"environmentVariables":{"GOOGLE_NODE_RUN_SCRIPTS":""},"dockerRepository":"projects/kottage-v2/locations/us-central1/repositories/gcf-artifacts","sourceProvenance":{"resolvedStorageSource":{"bucket":"gcf-v2-sources-850162149337-us-central1","object":"getEmployees/function-source.zip","generation":"1754620011408213"}},"dockerRegistry":"ARTIFACT_REGISTRY","sourceToken":"Cldwcm9qZWN0cy84NTAxNjIxNDkzMzcvbG9jYXRpb25zL3VzLWNlbnRyYWwxL2J1aWxkcy9kNjQ2NWVlYi00OGNkLTRmZDktYmNkZi03MTE0NGFmNjQ0MzISYHVzLWNlbnRyYWwxLWRvY2tlci5wa2cuZGV2L2tvdHRhZ2UtdjIvZ2NmLWFydGlmYWN0cy9rb3R0YWdlLS12Ml9fdXMtLWNlbnRyYWwxX190aWNrZXRzOnZlcnNpb25fMRjZz/OM3xgiO3Byb2plY3RzL2tvdHRhZ2UtdjIvbG9jYXRpb25zL3VzLWNlbnRyYWwxL2Z1bmN0aW9ucy90aWNrZXRzKgwIzdWgzwYQgKL9lQEyCG5vZGVqczIyOnYKI2djci5pby9nYWUtcnVudGltZXMvbm9kZWpzMjI6c3RhYmxlEk91cy1jZW50cmFsMS1kb2NrZXIucGtnLmRldi9zZXJ2ZXJsZXNzLXJ1bnRpbWVzL2dvb2dsZS0yMi1mdWxsL3J1bnRpbWVzL25vZGVqczIyQAE=","serviceAccount":"projects/kottage-v2/serviceAccounts/850162149337-compute@developer.gserviceaccount.com","automaticUpdatePolicy":{}},"serviceConfig":{"service":"projects/kottage-v2/locations/us-central1/services/getemployees","timeoutSeconds":60,"environmentVariables":{"FIREBASE_CONFIG":"{\"projectId\":\"kottage-v2\",\"databaseURL\":\"https://kottage-v2-default-rtdb.firebaseio.com\",\"storageBucket\":\"kottage-v2.appspot.com\",\"locationId\":\"us-central\"}","GCLOUD_PROJECT":"kottage-v2","EVENTARC_CLOUD_EVENT_SOURCE":"projects/kottage-v2/locations/us-central1/services/getEmployees","FUNCTION_TARGET":"getEmployees","LOG_EXECUTION_ID":"true","FUNCTION_SIGNATURE_TYPE":"http"},"ingressSettings":"ALLOW_ALL","uri":"https://getemployees-cxpwli2maq-uc.a.run.app","serviceAccountEmail":"850162149337-compute@developer.gserviceaccount.com","availableMemory":"256Mi","allTrafficOnLatestRevision":true,"revision":"getemployees-00024-zey","maxInstanceRequestConcurrency":80,"availableCpu":"1"},"state":"ACTIVE","labels":{"deployment-tool":"cli-firebase","deployment-callable":"true","firebase-functions-hash":"fa11e580218d160d1d29e6caa6741b69401f3cc4"},"environment":"GEN_2","url":"https://us-central1-kottage-v2.cloudfunctions.net/getEmployees","satisfiesPzi":true},"stages":[{"name":"BUILD","message":"Reusing build","state":"COMPLETE","resource":"projects/850162149337/locations/us-central1/builds/d6465eeb-48cd-4fd9-bcdf-71144af64432"},{"name":"SERVICE","message":"Updating Cloud Run service","state":"COMPLETE","resource":"projects/kottage-v2/locations/us-central1/services/getemployees","resourceUri":"https://console.cloud.google.com/run/detail/us-central1/getemployees?project=kottage-v2","stateMessages":[{"severity":"INFO","type":"CloudRunServiceNewRevisionTrafficInfo","message":"A new revision will be deployed serving with 100% traffic."}]}],"sourceToken":"Cldwcm9qZWN0cy84NTAxNjIxNDkzMzcvbG9jYXRpb25zL3VzLWNlbnRyYWwxL2J1aWxkcy9kNjQ2NWVlYi00OGNkLTRmZDktYmNkZi03MTE0NGFmNjQ0MzISYHVzLWNlbnRyYWwxLWRvY2tlci5wa2cuZGV2L2tvdHRhZ2UtdjIvZ2NmLWFydGlmYWN0cy9rb3R0YWdlLS12Ml9fdXMtLWNlbnRyYWwxX190aWNrZXRzOnZlcnNpb25fMRjZz/OM3xgiO3Byb2plY3RzL2tvdHRhZ2UtdjIvbG9jYXRpb25zL3VzLWNlbnRyYWwxL2Z1bmN0aW9ucy90aWNrZXRzKgwIzdWgzwYQgKL9lQEyCG5vZGVqczIyOnYKI2djci5pby9nYWUtcnVudGltZXMvbm9kZWpzMjI6c3RhYmxlEk91cy1jZW50cmFsMS1kb2NrZXIucGtnLmRldi9zZXJ2ZXJsZXNzLXJ1bnRpbWVzL2dvb2dsZS0yMi1mdWxsL3J1bnRpbWVzL25vZGVqczIyQAE=","operationType":"UPDATE_FUNCTION","buildName":"projects/850162149337/locations/us-central1/builds/d6465eeb-48cd-4fd9-bcdf-71144af64432"},"done":true,"response":{"@type":"type.googleapis.com/google.cloud.functions.v2.Function","name":"projects/kottage-v2/locations/us-central1/functions/getEmployees","buildConfig":{"build":"projects/850162149337/locations/us-central1/builds/d6465eeb-48cd-4fd9-bcdf-71144af64432","runtime":"nodejs22","entryPoint":"getEmployees","source":{"storageSource":{"bucket":"gcf-v2-sources-850162149337-us-central1","object":"getEmployees/function-source.zip","generation":"1776822993752759"}},"environmentVariables":{"GOOGLE_NODE_RUN_SCRIPTS":""},"dockerRepository":"projects/kottage-v2/locations/us-central1/repositories/gcf-artifacts","sourceProvenance":{"resolvedStorageSource":{"bucket":"gcf-v2-sources-850162149337-us-central1","object":"getEmployees/function-source.zip","generation":"1776822993752759"}},"dockerRegistry":"ARTIFACT_REGISTRY","serviceAccount":"projects/kottage-v2/serviceAccounts/850162149337-compute@developer.gserviceaccount.com","automaticUpdatePolicy":{}},"serviceConfig":{"service":"projects/kottage-v2/locations/us-central1/services/getemployees","timeoutSeconds":60,"environmentVariables":{"FIREBASE_CONFIG":"{\"projectId\":\"kottage-v2\",\"databaseURL\":\"https://kottage-v2-default-rtdb.firebaseio.com\",\"storageBucket\":\"kottage-v2.appspot.com\",\"locationId\":\"us-central\"}","GCLOUD_PROJECT":"kottage-v2","EVENTARC_CLOUD_EVENT_SOURCE":"projects/kottage-v2/locations/us-central1/services/getEmployees","FUNCTION_TARGET":"getEmployees","LOG_EXECUTION_ID":"true","FUNCTION_SIGNATURE_TYPE":"http"},"maxInstanceCount":3,"ingressSettings":"ALLOW_ALL","uri":"https://getemployees-cxpwli2maq-uc.a.run.app","serviceAccountEmail":"850162149337-compute@developer.gserviceaccount.com","availableMemory":"256Mi","allTrafficOnLatestRevision":true,"revision":"getemployees-00025-yuq","maxInstanceRequestConcurrency":80,"availableCpu":"1"},"state":"ACTIVE","updateTime":"2026-04-22T01:56:33.808174691Z","labels":{"deployment-tool":"cli-firebase","deployment-callable":"true","firebase-functions-hash":"fa11e580218d160d1d29e6caa6741b69401f3cc4"},"environment":"GEN_2","url":"https://us-central1-kottage-v2.cloudfunctions.net/getEmployees","createTime":"2025-07-19T10:11:38.748329888Z","satisfiesPzi":true}}
[debug] [2026-04-22T01:56:51.353Z] Got source token Cldwcm9qZWN0cy84NTAxNjIxNDkzMzcvbG9jYXRpb25zL3VzLWNlbnRyYWwxL2J1aWxkcy9kNjQ2NWVlYi00OGNkLTRmZDktYmNkZi03MTE0NGFmNjQ0MzISYHVzLWNlbnRyYWwxLWRvY2tlci5wa2cuZGV2L2tvdHRhZ2UtdjIvZ2NmLWFydGlmYWN0cy9rb3R0YWdlLS12Ml9fdXMtLWNlbnRyYWwxX190aWNrZXRzOnZlcnNpb25fMRjZz/OM3xgiO3Byb2plY3RzL2tvdHRhZ2UtdjIvbG9jYXRpb25zL3VzLWNlbnRyYWwxL2Z1bmN0aW9ucy90aWNrZXRzKgwIzdWgzwYQgKL9lQEyCG5vZGVqczIyOnYKI2djci5pby9nYWUtcnVudGltZXMvbm9kZWpzMjI6c3RhYmxlEk91cy1jZW50cmFsMS1kb2NrZXIucGtnLmRldi9zZXJ2ZXJsZXNzLXJ1bnRpbWVzL2dvb2dsZS0yMi1mdWxsL3J1bnRpbWVzL25vZGVqczIyQAE= for region us-central1
[info] +  functions[getEmployees(us-central1)] Successful update operation. 
[debug] [2026-04-22T01:56:51.353Z] <<< [apiv2][status] GET https://cloudfunctions.googleapis.com/v2/projects/kottage-v2/locations/us-central1/operations/operation-1776822993062-65002d7548bcf-671d4a50-aa290b30 200
[debug] [2026-04-22T01:56:51.353Z] <<< [apiv2][body] GET https://cloudfunctions.googleapis.com/v2/projects/kottage-v2/locations/us-central1/operations/operation-1776822993062-65002d7548bcf-671d4a50-aa290b30 {"name":"projects/kottage-v2/locations/us-central1/operations/operation-1776822993062-65002d7548bcf-671d4a50-aa290b30","metadata":{"@type":"type.googleapis.com/google.cloud.functions.v2.OperationMetadata","createTime":"2026-04-22T01:56:33.871616479Z","endTime":"2026-04-22T01:56:42.527289181Z","target":"projects/kottage-v2/locations/us-central1/functions/trackUserInteraction","verb":"update","cancelRequested":false,"apiVersion":"v2","requestResource":{"@type":"type.googleapis.com/google.cloud.functions.v2.Function","name":"projects/kottage-v2/locations/us-central1/functions/trackUserInteraction","buildConfig":{"runtime":"nodejs22","entryPoint":"trackUserInteraction","source":{"storageSource":{"bucket":"gcf-v2-sources-850162149337-us-central1","object":"trackUserInteraction/function-source.zip","generation":"1776822993819480"}},"environmentVariables":{"GOOGLE_NODE_RUN_SCRIPTS":""},"dockerRepository":"projects/kottage-v2/locations/us-central1/repositories/gcf-artifacts","sourceProvenance":{"resolvedStorageSource":{"bucket":"gcf-v2-sources-850162149337-us-central1","object":"trackUserInteraction/function-source.zip","generation":"1754619951073278"}},"dockerRegistry":"ARTIFACT_REGISTRY","sourceToken":"Cldwcm9qZWN0cy84NTAxNjIxNDkzMzcvbG9jYXRpb25zL3VzLWNlbnRyYWwxL2J1aWxkcy9kNjQ2NWVlYi00OGNkLTRmZDktYmNkZi03MTE0NGFmNjQ0MzISYHVzLWNlbnRyYWwxLWRvY2tlci5wa2cuZGV2L2tvdHRhZ2UtdjIvZ2NmLWFydGlmYWN0cy9rb3R0YWdlLS12Ml9fdXMtLWNlbnRyYWwxX190aWNrZXRzOnZlcnNpb25fMRjZz/OM3xgiO3Byb2plY3RzL2tvdHRhZ2UtdjIvbG9jYXRpb25zL3VzLWNlbnRyYWwxL2Z1bmN0aW9ucy90aWNrZXRzKgwIzdWgzwYQgKL9lQEyCG5vZGVqczIyOnYKI2djci5pby9nYWUtcnVudGltZXMvbm9kZWpzMjI6c3RhYmxlEk91cy1jZW50cmFsMS1kb2NrZXIucGtnLmRldi9zZXJ2ZXJsZXNzLXJ1bnRpbWVzL2dvb2dsZS0yMi1mdWxsL3J1bnRpbWVzL25vZGVqczIyQAE=","serviceAccount":"projects/kottage-v2/serviceAccounts/850162149337-compute@developer.gserviceaccount.com","automaticUpdatePolicy":{}},"serviceConfig":{"service":"projects/kottage-v2/locations/us-central1/services/trackuserinteraction","timeoutSeconds":60,"environmentVariables":{"FIREBASE_CONFIG":"{\"projectId\":\"kottage-v2\",\"databaseURL\":\"https://kottage-v2-default-rtdb.firebaseio.com\",\"storageBucket\":\"kottage-v2.appspot.com\",\"locationId\":\"us-central\"}","GCLOUD_PROJECT":"kottage-v2","EVENTARC_CLOUD_EVENT_SOURCE":"projects/kottage-v2/locations/us-central1/services/trackUserInteraction","FUNCTION_TARGET":"trackUserInteraction","LOG_EXECUTION_ID":"true","FUNCTION_SIGNATURE_TYPE":"http"},"ingressSettings":"ALLOW_ALL","uri":"https://trackuserinteraction-cxpwli2maq-uc.a.run.app","serviceAccountEmail":"850162149337-compute@developer.gserviceaccount.com","availableMemory":"256Mi","allTrafficOnLatestRevision":true,"revision":"trackuserinteraction-00001-gos","maxInstanceRequestConcurrency":80,"availableCpu":"1"},"state":"ACTIVE","labels":{"deployment-tool":"cli-firebase","deployment-callable":"true","firebase-functions-hash":"fa11e580218d160d1d29e6caa6741b69401f3cc4"},"environment":"GEN_2","url":"https://us-central1-kottage-v2.cloudfunctions.net/trackUserInteraction","satisfiesPzi":true},"stages":[{"name":"BUILD","message":"Reusing build","state":"COMPLETE","resource":"projects/850162149337/locations/us-central1/builds/d6465eeb-48cd-4fd9-bcdf-71144af64432"},{"name":"SERVICE","message":"Updating Cloud Run service","state":"COMPLETE","resource":"projects/kottage-v2/locations/us-central1/services/trackuserinteraction","resourceUri":"https://console.cloud.google.com/run/detail/us-central1/trackuserinteraction?project=kottage-v2","stateMessages":[{"severity":"INFO","type":"CloudRunServiceNewRevisionTrafficInfo","message":"A new revision will be deployed serving with 100% traffic."}]}],"sourceToken":"Cldwcm9qZWN0cy84NTAxNjIxNDkzMzcvbG9jYXRpb25zL3VzLWNlbnRyYWwxL2J1aWxkcy9kNjQ2NWVlYi00OGNkLTRmZDktYmNkZi03MTE0NGFmNjQ0MzISYHVzLWNlbnRyYWwxLWRvY2tlci5wa2cuZGV2L2tvdHRhZ2UtdjIvZ2NmLWFydGlmYWN0cy9rb3R0YWdlLS12Ml9fdXMtLWNlbnRyYWwxX190aWNrZXRzOnZlcnNpb25fMRjZz/OM3xgiO3Byb2plY3RzL2tvdHRhZ2UtdjIvbG9jYXRpb25zL3VzLWNlbnRyYWwxL2Z1bmN0aW9ucy90aWNrZXRzKgwIzdWgzwYQgKL9lQEyCG5vZGVqczIyOnYKI2djci5pby9nYWUtcnVudGltZXMvbm9kZWpzMjI6c3RhYmxlEk91cy1jZW50cmFsMS1kb2NrZXIucGtnLmRldi9zZXJ2ZXJsZXNzLXJ1bnRpbWVzL2dvb2dsZS0yMi1mdWxsL3J1bnRpbWVzL25vZGVqczIyQAE=","operationType":"UPDATE_FUNCTION","buildName":"projects/850162149337/locations/us-central1/builds/d6465eeb-48cd-4fd9-bcdf-71144af64432"},"done":true,"response":{"@type":"type.googleapis.com/google.cloud.functions.v2.Function","name":"projects/kottage-v2/locations/us-central1/functions/trackUserInteraction","buildConfig":{"build":"projects/850162149337/locations/us-central1/builds/d6465eeb-48cd-4fd9-bcdf-71144af64432","runtime":"nodejs22","entryPoint":"trackUserInteraction","source":{"storageSource":{"bucket":"gcf-v2-sources-850162149337-us-central1","object":"trackUserInteraction/function-source.zip","generation":"1776822993819480"}},"environmentVariables":{"GOOGLE_NODE_RUN_SCRIPTS":""},"dockerRepository":"projects/kottage-v2/locations/us-central1/repositories/gcf-artifacts","sourceProvenance":{"resolvedStorageSource":{"bucket":"gcf-v2-sources-850162149337-us-central1","object":"trackUserInteraction/function-source.zip","generation":"1776822993819480"}},"dockerRegistry":"ARTIFACT_REGISTRY","serviceAccount":"projects/kottage-v2/serviceAccounts/850162149337-compute@developer.gserviceaccount.com","automaticUpdatePolicy":{}},"serviceConfig":{"service":"projects/kottage-v2/locations/us-central1/services/trackuserinteraction","timeoutSeconds":60,"environmentVariables":{"FIREBASE_CONFIG":"{\"projectId\":\"kottage-v2\",\"databaseURL\":\"https://kottage-v2-default-rtdb.firebaseio.com\",\"storageBucket\":\"kottage-v2.appspot.com\",\"locationId\":\"us-central\"}","GCLOUD_PROJECT":"kottage-v2","EVENTARC_CLOUD_EVENT_SOURCE":"projects/kottage-v2/locations/us-central1/services/trackUserInteraction","FUNCTION_TARGET":"trackUserInteraction","LOG_EXECUTION_ID":"true","FUNCTION_SIGNATURE_TYPE":"http"},"maxInstanceCount":3,"ingressSettings":"ALLOW_ALL","uri":"https://trackuserinteraction-cxpwli2maq-uc.a.run.app","serviceAccountEmail":"850162149337-compute@developer.gserviceaccount.com","availableMemory":"256Mi","allTrafficOnLatestRevision":true,"revision":"trackuserinteraction-00002-rig","maxInstanceRequestConcurrency":80,"availableCpu":"1"},"state":"ACTIVE","updateTime":"2026-04-22T01:56:33.874644206Z","labels":{"firebase-functions-hash":"fa11e580218d160d1d29e6caa6741b69401f3cc4","deployment-tool":"cli-firebase","deployment-callable":"true"},"environment":"GEN_2","url":"https://us-central1-kottage-v2.cloudfunctions.net/trackUserInteraction","createTime":"2025-08-08T02:25:51.372761717Z","satisfiesPzi":true}}
[debug] [2026-04-22T01:56:51.353Z] Got source token Cldwcm9qZWN0cy84NTAxNjIxNDkzMzcvbG9jYXRpb25zL3VzLWNlbnRyYWwxL2J1aWxkcy9kNjQ2NWVlYi00OGNkLTRmZDktYmNkZi03MTE0NGFmNjQ0MzISYHVzLWNlbnRyYWwxLWRvY2tlci5wa2cuZGV2L2tvdHRhZ2UtdjIvZ2NmLWFydGlmYWN0cy9rb3R0YWdlLS12Ml9fdXMtLWNlbnRyYWwxX190aWNrZXRzOnZlcnNpb25fMRjZz/OM3xgiO3Byb2plY3RzL2tvdHRhZ2UtdjIvbG9jYXRpb25zL3VzLWNlbnRyYWwxL2Z1bmN0aW9ucy90aWNrZXRzKgwIzdWgzwYQgKL9lQEyCG5vZGVqczIyOnYKI2djci5pby9nYWUtcnVudGltZXMvbm9kZWpzMjI6c3RhYmxlEk91cy1jZW50cmFsMS1kb2NrZXIucGtnLmRldi9zZXJ2ZXJsZXNzLXJ1bnRpbWVzL2dvb2dsZS0yMi1mdWxsL3J1bnRpbWVzL25vZGVqczIyQAE= for region us-central1
[info] +  functions[trackUserInteraction(us-central1)] Successful update operation. 
[debug] [2026-04-22T01:56:51.356Z] Total Function Deployment time: 78402
[debug] [2026-04-22T01:56:51.356Z] 13 Functions Deployed
[debug] [2026-04-22T01:56:51.356Z] 0 Functions Errored
[debug] [2026-04-22T01:56:51.356Z] 0 Function Deployments Aborted
[debug] [2026-04-22T01:56:51.356Z] Average Function Deployment time: 71543.84615384616
[info] Function URL (tickets(us-central1)): https://us-central1-kottage-v2.cloudfunctions.net/tickets
[debug] [2026-04-22T01:56:51.357Z] Checked if tokens are valid: true, expires at: 1776826494244
[debug] [2026-04-22T01:56:51.357Z] Checked if tokens are valid: true, expires at: 1776826494244
[debug] [2026-04-22T01:56:51.357Z] >>> [apiv2][query] GET https://artifactregistry.googleapis.com/v1/projects/kottage-v2/locations/us-central1/repositories/gcf-artifacts [none]
[debug] [2026-04-22T01:56:51.763Z] <<< [apiv2][status] GET https://artifactregistry.googleapis.com/v1/projects/kottage-v2/locations/us-central1/repositories/gcf-artifacts 200
[debug] [2026-04-22T01:56:51.763Z] <<< [apiv2][body] GET https://artifactregistry.googleapis.com/v1/projects/kottage-v2/locations/us-central1/repositories/gcf-artifacts {"name":"projects/kottage-v2/locations/us-central1/repositories/gcf-artifacts","format":"DOCKER","description":"This repository is created and used by Cloud Functions for storing function docker images.","labels":{"goog-managed-by":"cloudfunctions"},"createTime":"2025-07-19T10:10:36.112290Z","updateTime":"2026-04-22T01:56:27.159097Z","mode":"STANDARD_REPOSITORY","cleanupPolicies":{"firebase-functions-cleanup":{"id":"firebase-functions-cleanup","action":"DELETE","condition":{"tagState":"ANY","olderThan":"86400s"}}},"sizeBytes":"98341741","vulnerabilityScanningConfig":{"lastEnableTime":"2025-07-19T10:10:28.308578414Z","enablementState":"SCANNING_DISABLED","enablementStateReason":"API containerscanning.googleapis.com is not enabled."},"satisfiesPzi":true,"registryUri":"us-central1-docker.pkg.dev/kottage-v2/gcf-artifacts"}
[debug] [2026-04-22T01:56:51.764Z] [
  {
    "config": {
      "public": "build",
      "ignore": [
        "firebase.json",
        "**/.*",
        "**/node_modules/**"
      ],
      "rewrites": [
        {
          "source": "/tickets/**",
          "function": {
            "functionId": "tickets",
            "region": "us-central1"
          }
        },
        {
          "source": "**",
          "destination": "/index.html"
        }
      ],
      "site": "kottage-v2"
    },
    "version": "projects/850162149337/sites/kottage-v2/versions/b9516addf042c652"
  }
]
[info] i  hosting[kottage-v2]: finalizing version... 
[debug] [2026-04-22T01:56:51.767Z] Checked if tokens are valid: true, expires at: 1776826494244
[debug] [2026-04-22T01:56:51.767Z] Checked if tokens are valid: true, expires at: 1776826494244
[debug] [2026-04-22T01:56:51.767Z] >>> [apiv2][query] PATCH https://firebasehosting.googleapis.com/v1beta1/projects/-/sites/kottage-v2/versions/b9516addf042c652 updateMask=status%2Cconfig
[debug] [2026-04-22T01:56:51.767Z] >>> [apiv2][body] PATCH https://firebasehosting.googleapis.com/v1beta1/projects/-/sites/kottage-v2/versions/b9516addf042c652 {"status":"FINALIZED","config":{"rewrites":[{"glob":"/tickets/**","run":{"serviceId":"tickets","region":"us-central1"}},{"glob":"**","path":"/index.html"}]}}
[debug] [2026-04-22T01:56:52.763Z] <<< [apiv2][status] PATCH https://firebasehosting.googleapis.com/v1beta1/projects/-/sites/kottage-v2/versions/b9516addf042c652 200
[debug] [2026-04-22T01:56:52.763Z] <<< [apiv2][body] PATCH https://firebasehosting.googleapis.com/v1beta1/projects/-/sites/kottage-v2/versions/b9516addf042c652 {"name":"projects/850162149337/sites/kottage-v2/versions/b9516addf042c652","status":"FINALIZED","config":{"rewrites":[{"glob":"/tickets/**","run":{"serviceId":"tickets","region":"us-central1"}},{"glob":"**","path":"/index.html"}]},"labels":{"deployment-tool":"cli-firebase"},"createTime":"2026-04-22T01:55:14.244105Z","createUser":{"email":"lewislamar20@gmail.com"},"finalizeTime":"2026-04-22T01:56:52.216473Z","finalizeUser":{"email":"lewislamar20@gmail.com"}}
[debug] [2026-04-22T01:56:52.763Z] [hosting] finalized version for kottage-v2:[object Object]
[info] +  hosting[kottage-v2]: version finalized 
[info] i  hosting[kottage-v2]: releasing new version... 
[debug] [2026-04-22T01:56:52.764Z] Checked if tokens are valid: true, expires at: 1776826494244
[debug] [2026-04-22T01:56:52.764Z] Checked if tokens are valid: true, expires at: 1776826494244
[debug] [2026-04-22T01:56:52.764Z] >>> [apiv2][query] POST https://firebasehosting.googleapis.com/v1beta1/projects/-/sites/kottage-v2/channels/live/releases versionName=projects%2F850162149337%2Fsites%2Fkottage-v2%2Fversions%2Fb9516addf042c652
[debug] [2026-04-22T01:56:52.764Z] >>> [apiv2][body] POST https://firebasehosting.googleapis.com/v1beta1/projects/-/sites/kottage-v2/channels/live/releases {}
[debug] [2026-04-22T01:56:53.313Z] <<< [apiv2][status] POST https://firebasehosting.googleapis.com/v1beta1/projects/-/sites/kottage-v2/channels/live/releases 200
